Province,Cases,Year,Code_GADM,Name_GADM
Ä°STANBUL,1,2004,TUR.40_1,Istanbul
Ä°ZMÄ°R,0,2004,TUR.41_1,Izmir
Ã‡ANAKKALE,0,2004,TUR.22_1,Çanakkale
Ã‡ANKIRI,9,2004,TUR.23_1,Çankiri
Ã‡ORUM,9,2004,TUR.24_1,Çorum
AÄžRI,0,2004,TUR.4_1,Agri
ADANA,0,2004,TUR.1_1,Adana
ADIYAMAN,0,2004,TUR.2_1,Adiyaman
AFYONKARAHÄ°SAR,0,2004,TUR.3_1,Afyon
AKSARAY,0,2004,TUR.5_1,Aksaray
AMASYA,5,2004,TUR.6_1,Amasya
ANKARA,5,2004,TUR.7_1,Ankara
ANTALYA,0,2004,TUR.8_1,Antalya
ARDAHAN,0,2004,TUR.9_1,Ardahan
ARTVÄ°N,4,2004,TUR.10_1,Artvin
AYDIN,0,2004,TUR.11_1,Aydin
ÅžANLIURFA,2,2004,TUR.68_1,Sanliurfa
ÅžIRNAK,0,2004,TUR.71_1,Sirnak
BÄ°LECÄ°K,0,2004,TUR.16_1,Bilecik
BÄ°NGÃ–L,0,2004,TUR.17_1,Bingöl
BÄ°TLÄ°S,0,2004,TUR.18_1,Bitlis
BALIKESÄ°R,0,2004,TUR.12_1,Balikesir
BARTIN,0,2004,TUR.13_1,Bartin
BATMAN,0,2004,TUR.14_1,Batman
BAYBURT,0,2004,TUR.15_1,Bayburt
BOLU,0,2004,TUR.19_1,Bolu
BURDUR,0,2004,TUR.20_1,Burdur
BURSA,0,2004,TUR.21_1,Bursa
DÄ°YARBAKIR,0,2004,TUR.26_1,Diyarbakir
DÃœZCE,0,2004,TUR.27_1,Düzce
DENÄ°ZLÄ°,0,2004,TUR.25_1,Denizli
EDÄ°RNE,0,2004,TUR.28_1,Edirne
ELAZIÄž,0,2004,TUR.29_1,Elazig
ERZÄ°NCAN,2,2004,TUR.30_1,Erzincan
ERZURUM,13,2004,TUR.31_1,Erzurum
ESKÄ°ÅžEHÄ°R,0,2004,TUR.32_1,Eskisehir
GÄ°RESUN,2,2004,TUR.34_1,Giresun
GÃœMÃœÅžHANE,27,2004,TUR.35_1,Gümüshane
GAZÄ°ANTEP,0,2004,TUR.33_1,Gaziantep
HAKKARÄ°,0,2004,TUR.36_1,Hakkari
HATAY,0,2004,TUR.37_1,Hatay
IÄžDIR,0,2004,TUR.38_1,Igdir
ISPARTA,0,2004,TUR.39_1,Isparta
KÄ°LÄ°S,0,2004,TUR.48_1,Kilis
KAHRAMANMARAÅž,0,2004,TUR.42_1,K. Maras
KÃœTAHYA,0,2004,TUR.54_1,Kütahya
KARABÃœK,1,2004,TUR.43_1,Karabük
KARAMAN,0,2004,TUR.44_1,Karaman
KARS,0,2004,TUR.45_1,Kars
KASTAMONU,1,2004,TUR.46_1,Kastamonu
KAYSERÄ°,1,2004,TUR.47_1,Kayseri
KIRÅžEHÄ°R,2,2004,TUR.51_1,Kirsehir
KIRIKKALE,0,2004,TUR.49_1,Kinkkale
KIRKLARELÄ°,0,2004,TUR.50_1,Kirklareli
KOCAELÄ°,0,2004,TUR.52_1,Kocaeli
KONYA,0,2004,TUR.53_1,Konya
MALATYA,0,2004,TUR.55_1,Malatya
MANÄ°SA,0,2004,TUR.56_1,Manisa
MARDÄ°N,0,2004,TUR.57_1,Mardin
MERSÄ°N,0,2004,TUR.58_1,Mersin
MUÅž,1,2004,TUR.60_1,Mus
MUÄžLA,0,2004,TUR.59_1,Mugla
NÄ°ÄžDE,0,2004,TUR.62_1,Nigde
NEVÅžEHÄ°R,0,2004,TUR.61_1,Nevsehir
ORDU,7,2004,TUR.63_1,Ordu
OSMANÄ°YE,0,2004,TUR.64_1,Osmaniye
RÄ°ZE,0,2004,TUR.65_1,Rize
SÄ°Ä°RT,0,2004,TUR.69_1,Siirt
SÄ°NOP,0,2004,TUR.70_1,Sinop
SÄ°VAS,31,2004,TUR.72_1,Sivas
SAKARYA,0,2004,TUR.66_1,Sakarya
SAMSUN,1,2004,TUR.67_1,Samsun
TEKÄ°RDAÄž,0,2004,TUR.73_1,Tekirdag
TOKAT,101,2004,TUR.74_1,Tokat
TRABZON,0,2004,TUR.75_1,Trabzon
TUNCELÄ°,0,2004,TUR.76_1,Tunceli
UÅžAK,0,2004,TUR.77_1,Usak
VAN,0,2004,TUR.78_1,Van
YALOVA,0,2004,TUR.79_1,Yalova
YOZGAT,24,2004,TUR.80_1,Yozgat
ZONGULDAK,0,2004,TUR.81_1,Zinguldak
Ä°STANBUL,3,2005,TUR.40_1,Istanbul
Ä°ZMÄ°R,2,2005,TUR.41_1,Izmir
Ã‡ANAKKALE,0,2005,TUR.22_1,Çanakkale
Ã‡ANKIRI,5,2005,TUR.23_1,Çankiri
Ã‡ORUM,22,2005,TUR.24_1,Çorum
AÄžRI,0,2005,TUR.4_1,Agri
ADANA,0,2005,TUR.1_1,Adana
ADIYAMAN,0,2005,TUR.2_1,Adiyaman
AFYONKARAHÄ°SAR,0,2005,TUR.3_1,Afyon
AKSARAY,0,2005,TUR.5_1,Aksaray
AMASYA,10,2005,TUR.6_1,Amasya
ANKARA,12,2005,TUR.7_1,Ankara
ANTALYA,0,2005,TUR.8_1,Antalya
ARDAHAN,0,2005,TUR.9_1,Ardahan
ARTVÄ°N,2,2005,TUR.10_1,Artvin
AYDIN,0,2005,TUR.11_1,Aydin
ÅžANLIURFA,1,2005,TUR.68_1,Sanliurfa
ÅžIRNAK,0,2005,TUR.71_1,Sirnak
BÄ°LECÄ°K,0,2005,TUR.16_1,Bilecik
BÄ°NGÃ–L,0,2005,TUR.17_1,Bingöl
BÄ°TLÄ°S,0,2005,TUR.18_1,Bitlis
BALIKESÄ°R,0,2005,TUR.12_1,Balikesir
BARTIN,0,2005,TUR.13_1,Bartin
BATMAN,0,2005,TUR.14_1,Batman
BAYBURT,1,2005,TUR.15_1,Bayburt
BOLU,0,2005,TUR.19_1,Bolu
BURDUR,0,2005,TUR.20_1,Burdur
BURSA,0,2005,TUR.21_1,Bursa
DÄ°YARBAKIR,0,2005,TUR.26_1,Diyarbakir
DÃœZCE,0,2005,TUR.27_1,Düzce
DENÄ°ZLÄ°,0,2005,TUR.25_1,Denizli
EDÄ°RNE,0,2005,TUR.28_1,Edirne
ELAZIÄž,0,2005,TUR.29_1,Elazig
ERZÄ°NCAN,5,2005,TUR.30_1,Erzincan
ERZURUM,22,2005,TUR.31_1,Erzurum
ESKÄ°ÅžEHÄ°R,0,2005,TUR.32_1,Eskisehir
GÄ°RESUN,9,2005,TUR.34_1,Giresun
GÃœMÃœÅžHANE,19,2005,TUR.35_1,Gümüshane
GAZÄ°ANTEP,0,2005,TUR.33_1,Gaziantep
HAKKARÄ°,0,2005,TUR.36_1,Hakkari
HATAY,0,2005,TUR.37_1,Hatay
IÄžDIR,1,2005,TUR.38_1,Igdir
ISPARTA,0,2005,TUR.39_1,Isparta
KÄ°LÄ°S,0,2005,TUR.48_1,Kilis
KAHRAMANMARAÅž,0,2005,TUR.42_1,K. Maras
KÃœTAHYA,0,2005,TUR.54_1,Kütahya
KARABÃœK,0,2005,TUR.43_1,Karabük
KARAMAN,0,2005,TUR.44_1,Karaman
KARS,0,2005,TUR.45_1,Kars
KASTAMONU,12,2005,TUR.46_1,Kastamonu
KAYSERÄ°,0,2005,TUR.47_1,Kayseri
KIRÅžEHÄ°R,1,2005,TUR.51_1,Kirsehir
KIRIKKALE,2,2005,TUR.49_1,Kinkkale
KIRKLARELÄ°,1,2005,TUR.50_1,Kirklareli
KOCAELÄ°,0,2005,TUR.52_1,Kocaeli
KONYA,0,2005,TUR.53_1,Konya
MALATYA,0,2005,TUR.55_1,Malatya
MANÄ°SA,1,2005,TUR.56_1,Manisa
MARDÄ°N,1,2005,TUR.57_1,Mardin
MERSÄ°N,0,2005,TUR.58_1,Mersin
MUÅž,0,2005,TUR.60_1,Mus
MUÄžLA,0,2005,TUR.59_1,Mugla
NÄ°ÄžDE,0,2005,TUR.62_1,Nigde
NEVÅžEHÄ°R,0,2005,TUR.61_1,Nevsehir
ORDU,3,2005,TUR.63_1,Ordu
OSMANÄ°YE,0,2005,TUR.64_1,Osmaniye
RÄ°ZE,0,2005,TUR.65_1,Rize
SÄ°Ä°RT,0,2005,TUR.69_1,Siirt
SÄ°NOP,0,2005,TUR.70_1,Sinop
SÄ°VAS,33,2005,TUR.72_1,Sivas
SAKARYA,0,2005,TUR.66_1,Sakarya
SAMSUN,4,2005,TUR.67_1,Samsun
TEKÄ°RDAÄž,0,2005,TUR.73_1,Tekirdag
TOKAT,72,2005,TUR.74_1,Tokat
TRABZON,0,2005,TUR.75_1,Trabzon
TUNCELÄ°,2,2005,TUR.76_1,Tunceli
UÅžAK,0,2005,TUR.77_1,Usak
VAN,0,2005,TUR.78_1,Van
YALOVA,0,2005,TUR.79_1,Yalova
YOZGAT,19,2005,TUR.80_1,Yozgat
ZONGULDAK,0,2005,TUR.81_1,Zinguldak
Ä°STANBUL,3,2006,TUR.40_1,Istanbul
Ä°ZMÄ°R,1,2006,TUR.41_1,Izmir
Ã‡ANAKKALE,1,2006,TUR.22_1,Çanakkale
Ã‡ANKIRI,9,2006,TUR.23_1,Çankiri
Ã‡ORUM,68,2006,TUR.24_1,Çorum
AÄžRI,0,2006,TUR.4_1,Agri
ADANA,2,2006,TUR.1_1,Adana
ADIYAMAN,0,2006,TUR.2_1,Adiyaman
AFYONKARAHÄ°SAR,0,2006,TUR.3_1,Afyon
AKSARAY,1,2006,TUR.5_1,Aksaray
AMASYA,17,2006,TUR.6_1,Amasya
ANKARA,12,2006,TUR.7_1,Ankara
ANTALYA,0,2006,TUR.8_1,Antalya
ARDAHAN,0,2006,TUR.9_1,Ardahan
ARTVÄ°N,4,2006,TUR.10_1,Artvin
AYDIN,3,2006,TUR.11_1,Aydin
ÅžANLIURFA,0,2006,TUR.68_1,Sanliurfa
ÅžIRNAK,0,2006,TUR.71_1,Sirnak
BÄ°LECÄ°K,1,2006,TUR.16_1,Bilecik
BÄ°NGÃ–L,1,2006,TUR.17_1,Bingöl
BÄ°TLÄ°S,0,2006,TUR.18_1,Bitlis
BALIKESÄ°R,2,2006,TUR.12_1,Balikesir
BARTIN,0,2006,TUR.13_1,Bartin
BATMAN,0,2006,TUR.14_1,Batman
BAYBURT,1,2006,TUR.15_1,Bayburt
BOLU,7,2006,TUR.19_1,Bolu
BURDUR,0,2006,TUR.20_1,Burdur
BURSA,2,2006,TUR.21_1,Bursa
DÄ°YARBAKIR,1,2006,TUR.26_1,Diyarbakir
DÃœZCE,0,2006,TUR.27_1,Düzce
DENÄ°ZLÄ°,0,2006,TUR.25_1,Denizli
EDÄ°RNE,0,2006,TUR.28_1,Edirne
ELAZIÄž,0,2006,TUR.29_1,Elazig
ERZÄ°NCAN,8,2006,TUR.30_1,Erzincan
ERZURUM,35,2006,TUR.31_1,Erzurum
ESKÄ°ÅžEHÄ°R,1,2006,TUR.32_1,Eskisehir
GÄ°RESUN,6,2006,TUR.34_1,Giresun
GÃœMÃœÅžHANE,27,2006,TUR.35_1,Gümüshane
GAZÄ°ANTEP,0,2006,TUR.33_1,Gaziantep
HAKKARÄ°,0,2006,TUR.36_1,Hakkari
HATAY,1,2006,TUR.37_1,Hatay
IÄžDIR,0,2006,TUR.38_1,Igdir
ISPARTA,2,2006,TUR.39_1,Isparta
KÄ°LÄ°S,0,2006,TUR.48_1,Kilis
KAHRAMANMARAÅž,0,2006,TUR.42_1,K. Maras
KÃœTAHYA,3,2006,TUR.54_1,Kütahya
KARABÃœK,6,2006,TUR.43_1,Karabük
KARAMAN,0,2006,TUR.44_1,Karaman
KARS,0,2006,TUR.45_1,Kars
KASTAMONU,9,2006,TUR.46_1,Kastamonu
KAYSERÄ°,1,2006,TUR.47_1,Kayseri
KIRÅžEHÄ°R,2,2006,TUR.51_1,Kirsehir
KIRIKKALE,2,2006,TUR.49_1,Kinkkale
KIRKLARELÄ°,1,2006,TUR.50_1,Kirklareli
KOCAELÄ°,1,2006,TUR.52_1,Kocaeli
KONYA,0,2006,TUR.53_1,Konya
MALATYA,1,2006,TUR.55_1,Malatya
MANÄ°SA,0,2006,TUR.56_1,Manisa
MARDÄ°N,2,2006,TUR.57_1,Mardin
MERSÄ°N,2,2006,TUR.58_1,Mersin
MUÅž,0,2006,TUR.60_1,Mus
MUÄžLA,2,2006,TUR.59_1,Mugla
NÄ°ÄžDE,0,2006,TUR.62_1,Nigde
NEVÅžEHÄ°R,1,2006,TUR.61_1,Nevsehir
ORDU,0,2006,TUR.63_1,Ordu
OSMANÄ°YE,0,2006,TUR.64_1,Osmaniye
RÄ°ZE,1,2006,TUR.65_1,Rize
SÄ°Ä°RT,0,2006,TUR.69_1,Siirt
SÄ°NOP,0,2006,TUR.70_1,Sinop
SÄ°VAS,40,2006,TUR.72_1,Sivas
SAKARYA,0,2006,TUR.66_1,Sakarya
SAMSUN,6,2006,TUR.67_1,Samsun
TEKÄ°RDAÄž,0,2006,TUR.73_1,Tekirdag
TOKAT,89,2006,TUR.74_1,Tokat
TRABZON,0,2006,TUR.75_1,Trabzon
TUNCELÄ°,2,2006,TUR.76_1,Tunceli
UÅžAK,0,2006,TUR.77_1,Usak
VAN,0,2006,TUR.78_1,Van
YALOVA,0,2006,TUR.79_1,Yalova
YOZGAT,52,2006,TUR.80_1,Yozgat
ZONGULDAK,0,2006,TUR.81_1,Zinguldak
Ä°STANBUL,11,2007,TUR.40_1,Istanbul
Ä°ZMÄ°R,0,2007,TUR.41_1,Izmir
Ã‡ANAKKALE,0,2007,TUR.22_1,Çanakkale
Ã‡ANKIRI,29,2007,TUR.23_1,Çankiri
Ã‡ORUM,85,2007,TUR.24_1,Çorum
AÄžRI,0,2007,TUR.4_1,Agri
ADANA,2,2007,TUR.1_1,Adana
ADIYAMAN,1,2007,TUR.2_1,Adiyaman
AFYONKARAHÄ°SAR,3,2007,TUR.3_1,Afyon
AKSARAY,0,2007,TUR.5_1,Aksaray
AMASYA,28,2007,TUR.6_1,Amasya
ANKARA,22,2007,TUR.7_1,Ankara
ANTALYA,3,2007,TUR.8_1,Antalya
ARDAHAN,0,2007,TUR.9_1,Ardahan
ARTVÄ°N,13,2007,TUR.10_1,Artvin
AYDIN,15,2007,TUR.11_1,Aydin
ÅžANLIURFA,0,2007,TUR.68_1,Sanliurfa
ÅžIRNAK,0,2007,TUR.71_1,Sirnak
BÄ°LECÄ°K,1,2007,TUR.16_1,Bilecik
BÄ°NGÃ–L,0,2007,TUR.17_1,Bingöl
BÄ°TLÄ°S,0,2007,TUR.18_1,Bitlis
BALIKESÄ°R,3,2007,TUR.12_1,Balikesir
BARTIN,0,2007,TUR.13_1,Bartin
BATMAN,0,2007,TUR.14_1,Batman
BAYBURT,2,2007,TUR.15_1,Bayburt
BOLU,14,2007,TUR.19_1,Bolu
BURDUR,0,2007,TUR.20_1,Burdur
BURSA,0,2007,TUR.21_1,Bursa
DÄ°YARBAKIR,0,2007,TUR.26_1,Diyarbakir
DÃœZCE,0,2007,TUR.27_1,Düzce
DENÄ°ZLÄ°,0,2007,TUR.25_1,Denizli
EDÄ°RNE,1,2007,TUR.28_1,Edirne
ELAZIÄž,1,2007,TUR.29_1,Elazig
ERZÄ°NCAN,13,2007,TUR.30_1,Erzincan
ERZURUM,41,2007,TUR.31_1,Erzurum
ESKÄ°ÅžEHÄ°R,4,2007,TUR.32_1,Eskisehir
GÄ°RESUN,24,2007,TUR.34_1,Giresun
GÃœMÃœÅžHANE,27,2007,TUR.35_1,Gümüshane
GAZÄ°ANTEP,2,2007,TUR.33_1,Gaziantep
HAKKARÄ°,0,2007,TUR.36_1,Hakkari
HATAY,0,2007,TUR.37_1,Hatay
IÄžDIR,0,2007,TUR.38_1,Igdir
ISPARTA,0,2007,TUR.39_1,Isparta
KÄ°LÄ°S,0,2007,TUR.48_1,Kilis
KAHRAMANMARAÅž,0,2007,TUR.42_1,K. Maras
KÃœTAHYA,6,2007,TUR.54_1,Kütahya
KARABÃœK,20,2007,TUR.43_1,Karabük
KARAMAN,0,2007,TUR.44_1,Karaman
KARS,1,2007,TUR.45_1,Kars
KASTAMONU,32,2007,TUR.46_1,Kastamonu
KAYSERÄ°,8,2007,TUR.47_1,Kayseri
KIRÅžEHÄ°R,1,2007,TUR.51_1,Kirsehir
KIRIKKALE,0,2007,TUR.49_1,Kinkkale
KIRKLARELÄ°,0,2007,TUR.50_1,Kirklareli
KOCAELÄ°,1,2007,TUR.52_1,Kocaeli
KONYA,5,2007,TUR.53_1,Konya
MALATYA,3,2007,TUR.55_1,Malatya
MANÄ°SA,1,2007,TUR.56_1,Manisa
MARDÄ°N,0,2007,TUR.57_1,Mardin
MERSÄ°N,0,2007,TUR.58_1,Mersin
MUÅž,1,2007,TUR.60_1,Mus
MUÄžLA,1,2007,TUR.59_1,Mugla
NÄ°ÄžDE,0,2007,TUR.62_1,Nigde
NEVÅžEHÄ°R,0,2007,TUR.61_1,Nevsehir
ORDU,4,2007,TUR.63_1,Ordu
OSMANÄ°YE,0,2007,TUR.64_1,Osmaniye
RÄ°ZE,0,2007,TUR.65_1,Rize
SÄ°Ä°RT,0,2007,TUR.69_1,Siirt
SÄ°NOP,1,2007,TUR.70_1,Sinop
SÄ°VAS,55,2007,TUR.72_1,Sivas
SAKARYA,1,2007,TUR.66_1,Sakarya
SAMSUN,6,2007,TUR.67_1,Samsun
TEKÄ°RDAÄž,0,2007,TUR.73_1,Tekirdag
TOKAT,139,2007,TUR.74_1,Tokat
TRABZON,1,2007,TUR.75_1,Trabzon
TUNCELÄ°,0,2007,TUR.76_1,Tunceli
UÅžAK,0,2007,TUR.77_1,Usak
VAN,9,2007,TUR.78_1,Van
YALOVA,0,2007,TUR.79_1,Yalova
YOZGAT,76,2007,TUR.80_1,Yozgat
ZONGULDAK,0,2007,TUR.81_1,Zinguldak
Ä°STANBUL,12,2008,TUR.40_1,Istanbul
Ä°ZMÄ°R,5,2008,TUR.41_1,Izmir
Ã‡ANAKKALE,3,2008,TUR.22_1,Çanakkale
Ã‡ANKIRI,55,2008,TUR.23_1,Çankiri
Ã‡ORUM,126,2008,TUR.24_1,Çorum
AÄžRI,0,2008,TUR.4_1,Agri
ADANA,7,2008,TUR.1_1,Adana
ADIYAMAN,3,2008,TUR.2_1,Adiyaman
AFYONKARAHÄ°SAR,4,2008,TUR.3_1,Afyon
AKSARAY,0,2008,TUR.5_1,Aksaray
AMASYA,50,2008,TUR.6_1,Amasya
ANKARA,55,2008,TUR.7_1,Ankara
ANTALYA,7,2008,TUR.8_1,Antalya
ARDAHAN,1,2008,TUR.9_1,Ardahan
ARTVÄ°N,19,2008,TUR.10_1,Artvin
AYDIN,11,2008,TUR.11_1,Aydin
ÅžANLIURFA,0,2008,TUR.68_1,Sanliurfa
ÅžIRNAK,0,2008,TUR.71_1,Sirnak
BÄ°LECÄ°K,1,2008,TUR.16_1,Bilecik
BÄ°NGÃ–L,4,2008,TUR.17_1,Bingöl
BÄ°TLÄ°S,0,2008,TUR.18_1,Bitlis
BALIKESÄ°R,13,2008,TUR.12_1,Balikesir
BARTIN,0,2008,TUR.13_1,Bartin
BATMAN,0,2008,TUR.14_1,Batman
BAYBURT,3,2008,TUR.15_1,Bayburt
BOLU,24,2008,TUR.19_1,Bolu
BURDUR,7,2008,TUR.20_1,Burdur
BURSA,3,2008,TUR.21_1,Bursa
DÄ°YARBAKIR,14,2008,TUR.26_1,Diyarbakir
DÃœZCE,0,2008,TUR.27_1,Düzce
DENÄ°ZLÄ°,0,2008,TUR.25_1,Denizli
EDÄ°RNE,3,2008,TUR.28_1,Edirne
ELAZIÄž,2,2008,TUR.29_1,Elazig
ERZÄ°NCAN,4,2008,TUR.30_1,Erzincan
ERZURUM,23,2008,TUR.31_1,Erzurum
ESKÄ°ÅžEHÄ°R,3,2008,TUR.32_1,Eskisehir
GÄ°RESUN,38,2008,TUR.34_1,Giresun
GÃœMÃœÅžHANE,56,2008,TUR.35_1,Gümüshane
GAZÄ°ANTEP,8,2008,TUR.33_1,Gaziantep
HAKKARÄ°,0,2008,TUR.36_1,Hakkari
HATAY,5,2008,TUR.37_1,Hatay
IÄžDIR,0,2008,TUR.38_1,Igdir
ISPARTA,2,2008,TUR.39_1,Isparta
KÄ°LÄ°S,1,2008,TUR.48_1,Kilis
KAHRAMANMARAÅž,4,2008,TUR.42_1,K. Maras
KÃœTAHYA,4,2008,TUR.54_1,Kütahya
KARABÃœK,80,2008,TUR.43_1,Karabük
KARAMAN,0,2008,TUR.44_1,Karaman
KARS,1,2008,TUR.45_1,Kars
KASTAMONU,118,2008,TUR.46_1,Kastamonu
KAYSERÄ°,7,2008,TUR.47_1,Kayseri
KIRÅžEHÄ°R,0,2008,TUR.51_1,Kirsehir
KIRIKKALE,0,2008,TUR.49_1,Kinkkale
KIRKLARELÄ°,0,2008,TUR.50_1,Kirklareli
KOCAELÄ°,0,2008,TUR.52_1,Kocaeli
KONYA,7,2008,TUR.53_1,Konya
MALATYA,3,2008,TUR.55_1,Malatya
MANÄ°SA,1,2008,TUR.56_1,Manisa
MARDÄ°N,1,2008,TUR.57_1,Mardin
MERSÄ°N,4,2008,TUR.58_1,Mersin
MUÅž,0,2008,TUR.60_1,Mus
MUÄžLA,4,2008,TUR.59_1,Mugla
NÄ°ÄžDE,1,2008,TUR.62_1,Nigde
NEVÅžEHÄ°R,1,2008,TUR.61_1,Nevsehir
ORDU,19,2008,TUR.63_1,Ordu
OSMANÄ°YE,5,2008,TUR.64_1,Osmaniye
RÄ°ZE,0,2008,TUR.65_1,Rize
SÄ°Ä°RT,0,2008,TUR.69_1,Siirt
SÄ°NOP,1,2008,TUR.70_1,Sinop
SÄ°VAS,95,2008,TUR.72_1,Sivas
SAKARYA,2,2008,TUR.66_1,Sakarya
SAMSUN,43,2008,TUR.67_1,Samsun
TEKÄ°RDAÄž,1,2008,TUR.73_1,Tekirdag
TOKAT,204,2008,TUR.74_1,Tokat
TRABZON,2,2008,TUR.75_1,Trabzon
TUNCELÄ°,2,2008,TUR.76_1,Tunceli
UÅžAK,1,2008,TUR.77_1,Usak
VAN,0,2008,TUR.78_1,Van
YALOVA,0,2008,TUR.79_1,Yalova
YOZGAT,132,2008,TUR.80_1,Yozgat
ZONGULDAK,0,2008,TUR.81_1,Zinguldak
Ä°STANBUL,15,2009,TUR.40_1,Istanbul
Ä°ZMÄ°R,3,2009,TUR.41_1,Izmir
Ã‡ANAKKALE,4,2009,TUR.22_1,Çanakkale
Ã‡ANKIRI,23,2009,TUR.23_1,Çankiri
Ã‡ORUM,133,2009,TUR.24_1,Çorum
AÄžRI,0,2009,TUR.4_1,Agri
ADANA,7,2009,TUR.1_1,Adana
ADIYAMAN,0,2009,TUR.2_1,Adiyaman
AFYONKARAHÄ°SAR,4,2009,TUR.3_1,Afyon
AKSARAY,0,2009,TUR.5_1,Aksaray
AMASYA,35,2009,TUR.6_1,Amasya
ANKARA,39,2009,TUR.7_1,Ankara
ANTALYA,2,2009,TUR.8_1,Antalya
ARDAHAN,1,2009,TUR.9_1,Ardahan
ARTVÄ°N,18,2009,TUR.10_1,Artvin
AYDIN,7,2009,TUR.11_1,Aydin
ÅžANLIURFA,3,2009,TUR.68_1,Sanliurfa
ÅžIRNAK,0,2009,TUR.71_1,Sirnak
BÄ°LECÄ°K,0,2009,TUR.16_1,Bilecik
BÄ°NGÃ–L,0,2009,TUR.17_1,Bingöl
BÄ°TLÄ°S,2,2009,TUR.18_1,Bitlis
BALIKESÄ°R,3,2009,TUR.12_1,Balikesir
BARTIN,0,2009,TUR.13_1,Bartin
BATMAN,3,2009,TUR.14_1,Batman
BAYBURT,5,2009,TUR.15_1,Bayburt
BOLU,19,2009,TUR.19_1,Bolu
BURDUR,2,2009,TUR.20_1,Burdur
BURSA,6,2009,TUR.21_1,Bursa
DÄ°YARBAKIR,1,2009,TUR.26_1,Diyarbakir
DÃœZCE,0,2009,TUR.27_1,Düzce
DENÄ°ZLÄ°,0,2009,TUR.25_1,Denizli
EDÄ°RNE,0,2009,TUR.28_1,Edirne
ELAZIÄž,1,2009,TUR.29_1,Elazig
ERZÄ°NCAN,14,2009,TUR.30_1,Erzincan
ERZURUM,39,2009,TUR.31_1,Erzurum
ESKÄ°ÅžEHÄ°R,0,2009,TUR.32_1,Eskisehir
GÄ°RESUN,34,2009,TUR.34_1,Giresun
GÃœMÃœÅžHANE,56,2009,TUR.35_1,Gümüshane
GAZÄ°ANTEP,0,2009,TUR.33_1,Gaziantep
HAKKARÄ°,0,2009,TUR.36_1,Hakkari
HATAY,1,2009,TUR.37_1,Hatay
IÄžDIR,1,2009,TUR.38_1,Igdir
ISPARTA,0,2009,TUR.39_1,Isparta
KÄ°LÄ°S,0,2009,TUR.48_1,Kilis
KAHRAMANMARAÅž,5,2009,TUR.42_1,K. Maras
KÃœTAHYA,2,2009,TUR.54_1,Kütahya
KARABÃœK,125,2009,TUR.43_1,Karabük
KARAMAN,0,2009,TUR.44_1,Karaman
KARS,0,2009,TUR.45_1,Kars
KASTAMONU,150,2009,TUR.46_1,Kastamonu
KAYSERÄ°,9,2009,TUR.47_1,Kayseri
KIRÅžEHÄ°R,4,2009,TUR.51_1,Kirsehir
KIRIKKALE,1,2009,TUR.49_1,Kinkkale
KIRKLARELÄ°,0,2009,TUR.50_1,Kirklareli
KOCAELÄ°,2,2009,TUR.52_1,Kocaeli
KONYA,10,2009,TUR.53_1,Konya
MALATYA,1,2009,TUR.55_1,Malatya
MANÄ°SA,3,2009,TUR.56_1,Manisa
MARDÄ°N,0,2009,TUR.57_1,Mardin
MERSÄ°N,1,2009,TUR.58_1,Mersin
MUÅž,2,2009,TUR.60_1,Mus
MUÄžLA,0,2009,TUR.59_1,Mugla
NÄ°ÄžDE,1,2009,TUR.62_1,Nigde
NEVÅžEHÄ°R,0,2009,TUR.61_1,Nevsehir
ORDU,13,2009,TUR.63_1,Ordu
OSMANÄ°YE,0,2009,TUR.64_1,Osmaniye
RÄ°ZE,1,2009,TUR.65_1,Rize
SÄ°Ä°RT,0,2009,TUR.69_1,Siirt
SÄ°NOP,1,2009,TUR.70_1,Sinop
SÄ°VAS,90,2009,TUR.72_1,Sivas
SAKARYA,4,2009,TUR.66_1,Sakarya
SAMSUN,41,2009,TUR.67_1,Samsun
TEKÄ°RDAÄž,0,2009,TUR.73_1,Tekirdag
TOKAT,232,2009,TUR.74_1,Tokat
TRABZON,0,2009,TUR.75_1,Trabzon
TUNCELÄ°,3,2009,TUR.76_1,Tunceli
UÅžAK,1,2009,TUR.77_1,Usak
VAN,1,2009,TUR.78_1,Van
YALOVA,0,2009,TUR.79_1,Yalova
YOZGAT,134,2009,TUR.80_1,Yozgat
ZONGULDAK,0,2009,TUR.81_1,Zinguldak
Ä°STANBUL,8,2010,TUR.40_1,Istanbul
Ä°ZMÄ°R,2,2010,TUR.41_1,Izmir
Ã‡ANAKKALE,1,2010,TUR.22_1,Çanakkale
Ã‡ANKIRI,10,2010,TUR.23_1,Çankiri
Ã‡ORUM,92,2010,TUR.24_1,Çorum
AÄžRI,0,2010,TUR.4_1,Agri
ADANA,2,2010,TUR.1_1,Adana
ADIYAMAN,1,2010,TUR.2_1,Adiyaman
AFYONKARAHÄ°SAR,5,2010,TUR.3_1,Afyon
AKSARAY,0,2010,TUR.5_1,Aksaray
AMASYA,36,2010,TUR.6_1,Amasya
ANKARA,24,2010,TUR.7_1,Ankara
ANTALYA,2,2010,TUR.8_1,Antalya
ARDAHAN,1,2010,TUR.9_1,Ardahan
ARTVÄ°N,21,2010,TUR.10_1,Artvin
AYDIN,7,2010,TUR.11_1,Aydin
ÅžANLIURFA,1,2010,TUR.68_1,Sanliurfa
ÅžIRNAK,1,2010,TUR.71_1,Sirnak
BÄ°LECÄ°K,1,2010,TUR.16_1,Bilecik
BÄ°NGÃ–L,3,2010,TUR.17_1,Bingöl
BÄ°TLÄ°S,3,2010,TUR.18_1,Bitlis
BALIKESÄ°R,4,2010,TUR.12_1,Balikesir
BARTIN,0,2010,TUR.13_1,Bartin
BATMAN,0,2010,TUR.14_1,Batman
BAYBURT,8,2010,TUR.15_1,Bayburt
BOLU,12,2010,TUR.19_1,Bolu
BURDUR,2,2010,TUR.20_1,Burdur
BURSA,3,2010,TUR.21_1,Bursa
DÄ°YARBAKIR,2,2010,TUR.26_1,Diyarbakir
DÃœZCE,0,2010,TUR.27_1,Düzce
DENÄ°ZLÄ°,1,2010,TUR.25_1,Denizli
EDÄ°RNE,1,2010,TUR.28_1,Edirne
ELAZIÄž,1,2010,TUR.29_1,Elazig
ERZÄ°NCAN,20,2010,TUR.30_1,Erzincan
ERZURUM,39,2010,TUR.31_1,Erzurum
ESKÄ°ÅžEHÄ°R,3,2010,TUR.32_1,Eskisehir
GÄ°RESUN,32,2010,TUR.34_1,Giresun
GÃœMÃœÅžHANE,51,2010,TUR.35_1,Gümüshane
GAZÄ°ANTEP,1,2010,TUR.33_1,Gaziantep
HAKKARÄ°,1,2010,TUR.36_1,Hakkari
HATAY,2,2010,TUR.37_1,Hatay
IÄžDIR,0,2010,TUR.38_1,Igdir
ISPARTA,0,2010,TUR.39_1,Isparta
KÄ°LÄ°S,0,2010,TUR.48_1,Kilis
KAHRAMANMARAÅž,4,2010,TUR.42_1,K. Maras
KÃœTAHYA,1,2010,TUR.54_1,Kütahya
KARABÃœK,24,2010,TUR.43_1,Karabük
KARAMAN,0,2010,TUR.44_1,Karaman
KARS,1,2010,TUR.45_1,Kars
KASTAMONU,48,2010,TUR.46_1,Kastamonu
KAYSERÄ°,3,2010,TUR.47_1,Kayseri
KIRÅžEHÄ°R,2,2010,TUR.51_1,Kirsehir
KIRIKKALE,0,2010,TUR.49_1,Kinkkale
KIRKLARELÄ°,0,2010,TUR.50_1,Kirklareli
KOCAELÄ°,1,2010,TUR.52_1,Kocaeli
KONYA,6,2010,TUR.53_1,Konya
MALATYA,1,2010,TUR.55_1,Malatya
MANÄ°SA,0,2010,TUR.56_1,Manisa
MARDÄ°N,0,2010,TUR.57_1,Mardin
MERSÄ°N,3,2010,TUR.58_1,Mersin
MUÅž,3,2010,TUR.60_1,Mus
MUÄžLA,2,2010,TUR.59_1,Mugla
NÄ°ÄžDE,1,2010,TUR.62_1,Nigde
NEVÅžEHÄ°R,0,2010,TUR.61_1,Nevsehir
ORDU,4,2010,TUR.63_1,Ordu
OSMANÄ°YE,0,2010,TUR.64_1,Osmaniye
RÄ°ZE,0,2010,TUR.65_1,Rize
SÄ°Ä°RT,1,2010,TUR.69_1,Siirt
SÄ°NOP,1,2010,TUR.70_1,Sinop
SÄ°VAS,60,2010,TUR.72_1,Sivas
SAKARYA,0,2010,TUR.66_1,Sakarya
SAMSUN,26,2010,TUR.67_1,Samsun
TEKÄ°RDAÄž,1,2010,TUR.73_1,Tekirdag
TOKAT,178,2010,TUR.74_1,Tokat
TRABZON,1,2010,TUR.75_1,Trabzon
TUNCELÄ°,3,2010,TUR.76_1,Tunceli
UÅžAK,0,2010,TUR.77_1,Usak
VAN,0,2010,TUR.78_1,Van
YALOVA,0,2010,TUR.79_1,Yalova
YOZGAT,88,2010,TUR.80_1,Yozgat
ZONGULDAK,0,2010,TUR.81_1,Zinguldak
Ä°STANBUL,10,2011,TUR.40_1,Istanbul
Ä°ZMÄ°R,3,2011,TUR.41_1,Izmir
Ã‡ANAKKALE,2,2011,TUR.22_1,Çanakkale
Ã‡ANKIRI,19,2011,TUR.23_1,Çankiri
Ã‡ORUM,137,2011,TUR.24_1,Çorum
AÄžRI,2,2011,TUR.4_1,Agri
ADANA,3,2011,TUR.1_1,Adana
ADIYAMAN,1,2011,TUR.2_1,Adiyaman
AFYONKARAHÄ°SAR,2,2011,TUR.3_1,Afyon
AKSARAY,0,2011,TUR.5_1,Aksaray
AMASYA,47,2011,TUR.6_1,Amasya
ANKARA,25,2011,TUR.7_1,Ankara
ANTALYA,1,2011,TUR.8_1,Antalya
ARDAHAN,3,2011,TUR.9_1,Ardahan
ARTVÄ°N,19,2011,TUR.10_1,Artvin
AYDIN,3,2011,TUR.11_1,Aydin
ÅžANLIURFA,2,2011,TUR.68_1,Sanliurfa
ÅžIRNAK,0,2011,TUR.71_1,Sirnak
BÄ°LECÄ°K,0,2011,TUR.16_1,Bilecik
BÄ°NGÃ–L,21,2011,TUR.17_1,Bingöl
BÄ°TLÄ°S,2,2011,TUR.18_1,Bitlis
BALIKESÄ°R,0,2011,TUR.12_1,Balikesir
BARTIN,0,2011,TUR.13_1,Bartin
BATMAN,0,2011,TUR.14_1,Batman
BAYBURT,9,2011,TUR.15_1,Bayburt
BOLU,14,2011,TUR.19_1,Bolu
BURDUR,2,2011,TUR.20_1,Burdur
BURSA,2,2011,TUR.21_1,Bursa
DÄ°YARBAKIR,2,2011,TUR.26_1,Diyarbakir
DÃœZCE,0,2011,TUR.27_1,Düzce
DENÄ°ZLÄ°,0,2011,TUR.25_1,Denizli
EDÄ°RNE,0,2011,TUR.28_1,Edirne
ELAZIÄž,1,2011,TUR.29_1,Elazig
ERZÄ°NCAN,12,2011,TUR.30_1,Erzincan
ERZURUM,55,2011,TUR.31_1,Erzurum
ESKÄ°ÅžEHÄ°R,1,2011,TUR.32_1,Eskisehir
GÄ°RESUN,31,2011,TUR.34_1,Giresun
GÃœMÃœÅžHANE,83,2011,TUR.35_1,Gümüshane
GAZÄ°ANTEP,0,2011,TUR.33_1,Gaziantep
HAKKARÄ°,1,2011,TUR.36_1,Hakkari
HATAY,0,2011,TUR.37_1,Hatay
IÄžDIR,1,2011,TUR.38_1,Igdir
ISPARTA,1,2011,TUR.39_1,Isparta
KÄ°LÄ°S,0,2011,TUR.48_1,Kilis
KAHRAMANMARAÅž,0,2011,TUR.42_1,K. Maras
KÃœTAHYA,3,2011,TUR.54_1,Kütahya
KARABÃœK,12,2011,TUR.43_1,Karabük
KARAMAN,0,2011,TUR.44_1,Karaman
KARS,0,2011,TUR.45_1,Kars
KASTAMONU,22,2011,TUR.46_1,Kastamonu
KAYSERÄ°,8,2011,TUR.47_1,Kayseri
KIRÅžEHÄ°R,2,2011,TUR.51_1,Kirsehir
KIRIKKALE,0,2011,TUR.49_1,Kinkkale
KIRKLARELÄ°,0,2011,TUR.50_1,Kirklareli
KOCAELÄ°,1,2011,TUR.52_1,Kocaeli
KONYA,2,2011,TUR.53_1,Konya
MALATYA,5,2011,TUR.55_1,Malatya
MANÄ°SA,0,2011,TUR.56_1,Manisa
MARDÄ°N,0,2011,TUR.57_1,Mardin
MERSÄ°N,3,2011,TUR.58_1,Mersin
MUÅž,4,2011,TUR.60_1,Mus
MUÄžLA,1,2011,TUR.59_1,Mugla
NÄ°ÄžDE,0,2011,TUR.62_1,Nigde
NEVÅžEHÄ°R,0,2011,TUR.61_1,Nevsehir
ORDU,3,2011,TUR.63_1,Ordu
OSMANÄ°YE,1,2011,TUR.64_1,Osmaniye
RÄ°ZE,1,2011,TUR.65_1,Rize
SÄ°Ä°RT,0,2011,TUR.69_1,Siirt
SÄ°NOP,0,2011,TUR.70_1,Sinop
SÄ°VAS,80,2011,TUR.72_1,Sivas
SAKARYA,1,2011,TUR.66_1,Sakarya
SAMSUN,23,2011,TUR.67_1,Samsun
TEKÄ°RDAÄž,0,2011,TUR.73_1,Tekirdag
TOKAT,258,2011,TUR.74_1,Tokat
TRABZON,3,2011,TUR.75_1,Trabzon
TUNCELÄ°,6,2011,TUR.76_1,Tunceli
UÅžAK,1,2011,TUR.77_1,Usak
VAN,3,2011,TUR.78_1,Van
YALOVA,0,2011,TUR.79_1,Yalova
YOZGAT,115,2011,TUR.80_1,Yozgat
ZONGULDAK,0,2011,TUR.81_1,Zinguldak
Ä°STANBUL,6,2012,TUR.40_1,Istanbul
Ä°ZMÄ°R,5,2012,TUR.41_1,Izmir
Ã‡ANAKKALE,1,2012,TUR.22_1,Çanakkale
Ã‡ANKIRI,14,2012,TUR.23_1,Çankiri
Ã‡ORUM,79,2012,TUR.24_1,Çorum
AÄžRI,3,2012,TUR.4_1,Agri
ADANA,0,2012,TUR.1_1,Adana
ADIYAMAN,0,2012,TUR.2_1,Adiyaman
AFYONKARAHÄ°SAR,1,2012,TUR.3_1,Afyon
AKSARAY,0,2012,TUR.5_1,Aksaray
AMASYA,28,2012,TUR.6_1,Amasya
ANKARA,11,2012,TUR.7_1,Ankara
ANTALYA,1,2012,TUR.8_1,Antalya
ARDAHAN,0,2012,TUR.9_1,Ardahan
ARTVÄ°N,28,2012,TUR.10_1,Artvin
AYDIN,13,2012,TUR.11_1,Aydin
ÅžANLIURFA,2,2012,TUR.68_1,Sanliurfa
ÅžIRNAK,0,2012,TUR.71_1,Sirnak
BÄ°LECÄ°K,1,2012,TUR.16_1,Bilecik
BÄ°NGÃ–L,16,2012,TUR.17_1,Bingöl
BÄ°TLÄ°S,0,2012,TUR.18_1,Bitlis
BALIKESÄ°R,4,2012,TUR.12_1,Balikesir
BARTIN,0,2012,TUR.13_1,Bartin
BATMAN,0,2012,TUR.14_1,Batman
BAYBURT,18,2012,TUR.15_1,Bayburt
BOLU,4,2012,TUR.19_1,Bolu
BURDUR,0,2012,TUR.20_1,Burdur
BURSA,1,2012,TUR.21_1,Bursa
DÄ°YARBAKIR,2,2012,TUR.26_1,Diyarbakir
DÃœZCE,0,2012,TUR.27_1,Düzce
DENÄ°ZLÄ°,1,2012,TUR.25_1,Denizli
EDÄ°RNE,1,2012,TUR.28_1,Edirne
ELAZIÄž,1,2012,TUR.29_1,Elazig
ERZÄ°NCAN,17,2012,TUR.30_1,Erzincan
ERZURUM,48,2012,TUR.31_1,Erzurum
ESKÄ°ÅžEHÄ°R,2,2012,TUR.32_1,Eskisehir
GÄ°RESUN,31,2012,TUR.34_1,Giresun
GÃœMÃœÅžHANE,54,2012,TUR.35_1,Gümüshane
GAZÄ°ANTEP,0,2012,TUR.33_1,Gaziantep
HAKKARÄ°,0,2012,TUR.36_1,Hakkari
HATAY,0,2012,TUR.37_1,Hatay
IÄžDIR,0,2012,TUR.38_1,Igdir
ISPARTA,1,2012,TUR.39_1,Isparta
KÄ°LÄ°S,0,2012,TUR.48_1,Kilis
KAHRAMANMARAÅž,2,2012,TUR.42_1,K. Maras
KÃœTAHYA,3,2012,TUR.54_1,Kütahya
KARABÃœK,4,2012,TUR.43_1,Karabük
KARAMAN,0,2012,TUR.44_1,Karaman
KARS,2,2012,TUR.45_1,Kars
KASTAMONU,36,2012,TUR.46_1,Kastamonu
KAYSERÄ°,2,2012,TUR.47_1,Kayseri
KIRÅžEHÄ°R,2,2012,TUR.51_1,Kirsehir
KIRIKKALE,0,2012,TUR.49_1,Kinkkale
KIRKLARELÄ°,5,2012,TUR.50_1,Kirklareli
KOCAELÄ°,2,2012,TUR.52_1,Kocaeli
KONYA,1,2012,TUR.53_1,Konya
MALATYA,2,2012,TUR.55_1,Malatya
MANÄ°SA,0,2012,TUR.56_1,Manisa
MARDÄ°N,1,2012,TUR.57_1,Mardin
MERSÄ°N,2,2012,TUR.58_1,Mersin
MUÅž,0,2012,TUR.60_1,Mus
MUÄžLA,0,2012,TUR.59_1,Mugla
NÄ°ÄžDE,0,2012,TUR.62_1,Nigde
NEVÅžEHÄ°R,0,2012,TUR.61_1,Nevsehir
ORDU,1,2012,TUR.63_1,Ordu
OSMANÄ°YE,1,2012,TUR.64_1,Osmaniye
RÄ°ZE,0,2012,TUR.65_1,Rize
SÄ°Ä°RT,0,2012,TUR.69_1,Siirt
SÄ°NOP,2,2012,TUR.70_1,Sinop
SÄ°VAS,57,2012,TUR.72_1,Sivas
SAKARYA,0,2012,TUR.66_1,Sakarya
SAMSUN,9,2012,TUR.67_1,Samsun
TEKÄ°RDAÄž,0,2012,TUR.73_1,Tekirdag
TOKAT,186,2012,TUR.74_1,Tokat
TRABZON,1,2012,TUR.75_1,Trabzon
TUNCELÄ°,7,2012,TUR.76_1,Tunceli
UÅžAK,0,2012,TUR.77_1,Usak
VAN,0,2012,TUR.78_1,Van
YALOVA,0,2012,TUR.79_1,Yalova
YOZGAT,74,2012,TUR.80_1,Yozgat
ZONGULDAK,0,2012,TUR.81_1,Zinguldak
Ä°STANBUL,18,2013,TUR.40_1,Istanbul
Ä°ZMÄ°R,4,2013,TUR.41_1,Izmir
Ã‡ANAKKALE,3,2013,TUR.22_1,Çanakkale
Ã‡ANKIRI,9,2013,TUR.23_1,Çankiri
Ã‡ORUM,56,2013,TUR.24_1,Çorum
AÄžRI,1,2013,TUR.4_1,Agri
ADANA,2,2013,TUR.1_1,Adana
ADIYAMAN,1,2013,TUR.2_1,Adiyaman
AFYONKARAHÄ°SAR,3,2013,TUR.3_1,Afyon
AKSARAY,0,2013,TUR.5_1,Aksaray
AMASYA,23,2013,TUR.6_1,Amasya
ANKARA,5,2013,TUR.7_1,Ankara
ANTALYA,2,2013,TUR.8_1,Antalya
ARDAHAN,0,2013,TUR.9_1,Ardahan
ARTVÄ°N,27,2013,TUR.10_1,Artvin
AYDIN,5,2013,TUR.11_1,Aydin
ÅžANLIURFA,1,2013,TUR.68_1,Sanliurfa
ÅžIRNAK,0,2013,TUR.71_1,Sirnak
BÄ°LECÄ°K,1,2013,TUR.16_1,Bilecik
BÄ°NGÃ–L,16,2013,TUR.17_1,Bingöl
BÄ°TLÄ°S,1,2013,TUR.18_1,Bitlis
BALIKESÄ°R,2,2013,TUR.12_1,Balikesir
BARTIN,0,2013,TUR.13_1,Bartin
BATMAN,0,2013,TUR.14_1,Batman
BAYBURT,17,2013,TUR.15_1,Bayburt
BOLU,5,2013,TUR.19_1,Bolu
BURDUR,1,2013,TUR.20_1,Burdur
BURSA,1,2013,TUR.21_1,Bursa
DÄ°YARBAKIR,2,2013,TUR.26_1,Diyarbakir
DÃœZCE,0,2013,TUR.27_1,Düzce
DENÄ°ZLÄ°,0,2013,TUR.25_1,Denizli
EDÄ°RNE,0,2013,TUR.28_1,Edirne
ELAZIÄž,0,2013,TUR.29_1,Elazig
ERZÄ°NCAN,30,2013,TUR.30_1,Erzincan
ERZURUM,120,2013,TUR.31_1,Erzurum
ESKÄ°ÅžEHÄ°R,0,2013,TUR.32_1,Eskisehir
GÄ°RESUN,17,2013,TUR.34_1,Giresun
GÃœMÃœÅžHANE,47,2013,TUR.35_1,Gümüshane
GAZÄ°ANTEP,0,2013,TUR.33_1,Gaziantep
HAKKARÄ°,0,2013,TUR.36_1,Hakkari
HATAY,0,2013,TUR.37_1,Hatay
IÄžDIR,2,2013,TUR.38_1,Igdir
ISPARTA,0,2013,TUR.39_1,Isparta
KÄ°LÄ°S,0,2013,TUR.48_1,Kilis
KAHRAMANMARAÅž,4,2013,TUR.42_1,K. Maras
KÃœTAHYA,7,2013,TUR.54_1,Kütahya
KARABÃœK,5,2013,TUR.43_1,Karabük
KARAMAN,0,2013,TUR.44_1,Karaman
KARS,2,2013,TUR.45_1,Kars
KASTAMONU,26,2013,TUR.46_1,Kastamonu
KAYSERÄ°,10,2013,TUR.47_1,Kayseri
KIRÅžEHÄ°R,2,2013,TUR.51_1,Kirsehir
KIRIKKALE,2,2013,TUR.49_1,Kinkkale
KIRKLARELÄ°,5,2013,TUR.50_1,Kirklareli
KOCAELÄ°,0,2013,TUR.52_1,Kocaeli
KONYA,1,2013,TUR.53_1,Konya
MALATYA,5,2013,TUR.55_1,Malatya
MANÄ°SA,0,2013,TUR.56_1,Manisa
MARDÄ°N,1,2013,TUR.57_1,Mardin
MERSÄ°N,0,2013,TUR.58_1,Mersin
MUÅž,3,2013,TUR.60_1,Mus
MUÄžLA,0,2013,TUR.59_1,Mugla
NÄ°ÄžDE,0,2013,TUR.62_1,Nigde
NEVÅžEHÄ°R,1,2013,TUR.61_1,Nevsehir
ORDU,3,2013,TUR.63_1,Ordu
OSMANÄ°YE,2,2013,TUR.64_1,Osmaniye
RÄ°ZE,0,2013,TUR.65_1,Rize
SÄ°Ä°RT,2,2013,TUR.69_1,Siirt
SÄ°NOP,0,2013,TUR.70_1,Sinop
SÄ°VAS,73,2013,TUR.72_1,Sivas
SAKARYA,0,2013,TUR.66_1,Sakarya
SAMSUN,24,2013,TUR.67_1,Samsun
TEKÄ°RDAÄž,3,2013,TUR.73_1,Tekirdag
TOKAT,209,2013,TUR.74_1,Tokat
TRABZON,0,2013,TUR.75_1,Trabzon
TUNCELÄ°,13,2013,TUR.76_1,Tunceli
UÅžAK,0,2013,TUR.77_1,Usak
VAN,0,2013,TUR.78_1,Van
YALOVA,0,2013,TUR.79_1,Yalova
YOZGAT,85,2013,TUR.80_1,Yozgat
ZONGULDAK,0,2013,TUR.81_1,Zinguldak
Ä°STANBUL,21,2014,TUR.40_1,Istanbul
Ä°ZMÄ°R,2,2014,TUR.41_1,Izmir
Ã‡ANAKKALE,1,2014,TUR.22_1,Çanakkale
Ã‡ANKIRI,10,2014,TUR.23_1,Çankiri
Ã‡ORUM,78,2014,TUR.24_1,Çorum
AÄžRI,1,2014,TUR.4_1,Agri
ADANA,2,2014,TUR.1_1,Adana
ADIYAMAN,3,2014,TUR.2_1,Adiyaman
AFYONKARAHÄ°SAR,3,2014,TUR.3_1,Afyon
AKSARAY,1,2014,TUR.5_1,Aksaray
AMASYA,30,2014,TUR.6_1,Amasya
ANKARA,11,2014,TUR.7_1,Ankara
ANTALYA,0,2014,TUR.8_1,Antalya
ARDAHAN,0,2014,TUR.9_1,Ardahan
ARTVÄ°N,28,2014,TUR.10_1,Artvin
AYDIN,12,2014,TUR.11_1,Aydin
ÅžANLIURFA,3,2014,TUR.68_1,Sanliurfa
ÅžIRNAK,2,2014,TUR.71_1,Sirnak
BÄ°LECÄ°K,0,2014,TUR.16_1,Bilecik
BÄ°NGÃ–L,12,2014,TUR.17_1,Bingöl
BÄ°TLÄ°S,0,2014,TUR.18_1,Bitlis
BALIKESÄ°R,13,2014,TUR.12_1,Balikesir
BARTIN,0,2014,TUR.13_1,Bartin
BATMAN,1,2014,TUR.14_1,Batman
BAYBURT,23,2014,TUR.15_1,Bayburt
BOLU,5,2014,TUR.19_1,Bolu
BURDUR,0,2014,TUR.20_1,Burdur
BURSA,1,2014,TUR.21_1,Bursa
DÄ°YARBAKIR,3,2014,TUR.26_1,Diyarbakir
DÃœZCE,0,2014,TUR.27_1,Düzce
DENÄ°ZLÄ°,1,2014,TUR.25_1,Denizli
EDÄ°RNE,3,2014,TUR.28_1,Edirne
ELAZIÄž,2,2014,TUR.29_1,Elazig
ERZÄ°NCAN,35,2014,TUR.30_1,Erzincan
ERZURUM,108,2014,TUR.31_1,Erzurum
ESKÄ°ÅžEHÄ°R,1,2014,TUR.32_1,Eskisehir
GÄ°RESUN,28,2014,TUR.34_1,Giresun
GÃœMÃœÅžHANE,44,2014,TUR.35_1,Gümüshane
GAZÄ°ANTEP,0,2014,TUR.33_1,Gaziantep
HAKKARÄ°,0,2014,TUR.36_1,Hakkari
HATAY,1,2014,TUR.37_1,Hatay
IÄžDIR,1,2014,TUR.38_1,Igdir
ISPARTA,3,2014,TUR.39_1,Isparta
KÄ°LÄ°S,0,2014,TUR.48_1,Kilis
KAHRAMANMARAÅž,2,2014,TUR.42_1,K. Maras
KÃœTAHYA,7,2014,TUR.54_1,Kütahya
KARABÃœK,6,2014,TUR.43_1,Karabük
KARAMAN,0,2014,TUR.44_1,Karaman
KARS,3,2014,TUR.45_1,Kars
KASTAMONU,23,2014,TUR.46_1,Kastamonu
KAYSERÄ°,10,2014,TUR.47_1,Kayseri
KIRÅžEHÄ°R,1,2014,TUR.51_1,Kirsehir
KIRIKKALE,1,2014,TUR.49_1,Kinkkale
KIRKLARELÄ°,5,2014,TUR.50_1,Kirklareli
KOCAELÄ°,2,2014,TUR.52_1,Kocaeli
KONYA,1,2014,TUR.53_1,Konya
MALATYA,1,2014,TUR.55_1,Malatya
MANÄ°SA,4,2014,TUR.56_1,Manisa
MARDÄ°N,1,2014,TUR.57_1,Mardin
MERSÄ°N,1,2014,TUR.58_1,Mersin
MUÅž,3,2014,TUR.60_1,Mus
MUÄžLA,3,2014,TUR.59_1,Mugla
NÄ°ÄžDE,0,2014,TUR.62_1,Nigde
NEVÅžEHÄ°R,0,2014,TUR.61_1,Nevsehir
ORDU,7,2014,TUR.63_1,Ordu
OSMANÄ°YE,0,2014,TUR.64_1,Osmaniye
RÄ°ZE,0,2014,TUR.65_1,Rize
SÄ°Ä°RT,1,2014,TUR.69_1,Siirt
SÄ°NOP,1,2014,TUR.70_1,Sinop
SÄ°VAS,72,2014,TUR.72_1,Sivas
SAKARYA,0,2014,TUR.66_1,Sakarya
SAMSUN,27,2014,TUR.67_1,Samsun
TEKÄ°RDAÄž,2,2014,TUR.73_1,Tekirdag
TOKAT,219,2014,TUR.74_1,Tokat
TRABZON,1,2014,TUR.75_1,Trabzon
TUNCELÄ°,3,2014,TUR.76_1,Tunceli
UÅžAK,0,2014,TUR.77_1,Usak
VAN,0,2014,TUR.78_1,Van
YALOVA,2,2014,TUR.79_1,Yalova
YOZGAT,65,2014,TUR.80_1,Yozgat
ZONGULDAK,0,2014,TUR.81_1,Zinguldak
Ä°STANBUL,10,2015,TUR.40_1,Istanbul
Ä°ZMÄ°R,6,2015,TUR.41_1,Izmir
Ã‡ANAKKALE,0,2015,TUR.22_1,Çanakkale
Ã‡ANKIRI,7,2015,TUR.23_1,Çankiri
Ã‡ORUM,49,2015,TUR.24_1,Çorum
AÄžRI,0,2015,TUR.4_1,Agri
ADANA,4,2015,TUR.1_1,Adana
ADIYAMAN,4,2015,TUR.2_1,Adiyaman
AFYONKARAHÄ°SAR,4,2015,TUR.3_1,Afyon
AKSARAY,1,2015,TUR.5_1,Aksaray
AMASYA,22,2015,TUR.6_1,Amasya
ANKARA,9,2015,TUR.7_1,Ankara
ANTALYA,2,2015,TUR.8_1,Antalya
ARDAHAN,0,2015,TUR.9_1,Ardahan
ARTVÄ°N,6,2015,TUR.10_1,Artvin
AYDIN,8,2015,TUR.11_1,Aydin
ÅžANLIURFA,2,2015,TUR.68_1,Sanliurfa
ÅžIRNAK,0,2015,TUR.71_1,Sirnak
BÄ°LECÄ°K,2,2015,TUR.16_1,Bilecik
BÄ°NGÃ–L,12,2015,TUR.17_1,Bingöl
BÄ°TLÄ°S,3,2015,TUR.18_1,Bitlis
BALIKESÄ°R,4,2015,TUR.12_1,Balikesir
BARTIN,1,2015,TUR.13_1,Bartin
BATMAN,1,2015,TUR.14_1,Batman
BAYBURT,13,2015,TUR.15_1,Bayburt
BOLU,0,2015,TUR.19_1,Bolu
BURDUR,1,2015,TUR.20_1,Burdur
BURSA,2,2015,TUR.21_1,Bursa
DÄ°YARBAKIR,2,2015,TUR.26_1,Diyarbakir
DÃœZCE,0,2015,TUR.27_1,Düzce
DENÄ°ZLÄ°,0,2015,TUR.25_1,Denizli
EDÄ°RNE,1,2015,TUR.28_1,Edirne
ELAZIÄž,2,2015,TUR.29_1,Elazig
ERZÄ°NCAN,25,2015,TUR.30_1,Erzincan
ERZURUM,77,2015,TUR.31_1,Erzurum
ESKÄ°ÅžEHÄ°R,1,2015,TUR.32_1,Eskisehir
GÄ°RESUN,16,2015,TUR.34_1,Giresun
GÃœMÃœÅžHANE,39,2015,TUR.35_1,Gümüshane
GAZÄ°ANTEP,0,2015,TUR.33_1,Gaziantep
HAKKARÄ°,1,2015,TUR.36_1,Hakkari
HATAY,0,2015,TUR.37_1,Hatay
IÄžDIR,0,2015,TUR.38_1,Igdir
ISPARTA,2,2015,TUR.39_1,Isparta
KÄ°LÄ°S,0,2015,TUR.48_1,Kilis
KAHRAMANMARAÅž,3,2015,TUR.42_1,K. Maras
KÃœTAHYA,3,2015,TUR.54_1,Kütahya
KARABÃœK,1,2015,TUR.43_1,Karabük
KARAMAN,1,2015,TUR.44_1,Karaman
KARS,7,2015,TUR.45_1,Kars
KASTAMONU,10,2015,TUR.46_1,Kastamonu
KAYSERÄ°,7,2015,TUR.47_1,Kayseri
KIRÅžEHÄ°R,8,2015,TUR.51_1,Kirsehir
KIRIKKALE,0,2015,TUR.49_1,Kinkkale
KIRKLARELÄ°,4,2015,TUR.50_1,Kirklareli
KOCAELÄ°,1,2015,TUR.52_1,Kocaeli
KONYA,6,2015,TUR.53_1,Konya
MALATYA,2,2015,TUR.55_1,Malatya
MANÄ°SA,0,2015,TUR.56_1,Manisa
MARDÄ°N,0,2015,TUR.57_1,Mardin
MERSÄ°N,0,2015,TUR.58_1,Mersin
MUÅž,6,2015,TUR.60_1,Mus
MUÄžLA,5,2015,TUR.59_1,Mugla
NÄ°ÄžDE,0,2015,TUR.62_1,Nigde
NEVÅžEHÄ°R,0,2015,TUR.61_1,Nevsehir
ORDU,14,2015,TUR.63_1,Ordu
OSMANÄ°YE,1,2015,TUR.64_1,Osmaniye
RÄ°ZE,0,2015,TUR.65_1,Rize
SÄ°Ä°RT,0,2015,TUR.69_1,Siirt
SÄ°NOP,1,2015,TUR.70_1,Sinop
SÄ°VAS,44,2015,TUR.72_1,Sivas
SAKARYA,0,2015,TUR.66_1,Sakarya
SAMSUN,28,2015,TUR.67_1,Samsun
TEKÄ°RDAÄž,0,2015,TUR.73_1,Tekirdag
TOKAT,159,2015,TUR.74_1,Tokat
TRABZON,3,2015,TUR.75_1,Trabzon
TUNCELÄ°,5,2015,TUR.76_1,Tunceli
UÅžAK,1,2015,TUR.77_1,Usak
VAN,2,2015,TUR.78_1,Van
YALOVA,0,2015,TUR.79_1,Yalova
YOZGAT,57,2015,TUR.80_1,Yozgat
ZONGULDAK,0,2015,TUR.81_1,Zinguldak
Ä°STANBUL,12,2016,TUR.40_1,Istanbul
Ä°ZMÄ°R,3,2016,TUR.41_1,Izmir
Ã‡ANAKKALE,1,2016,TUR.22_1,Çanakkale
Ã‡ANKIRI,2,2016,TUR.23_1,Çankiri
Ã‡ORUM,24,2016,TUR.24_1,Çorum
AÄžRI,0,2016,TUR.4_1,Agri
ADANA,6,2016,TUR.1_1,Adana
ADIYAMAN,4,2016,TUR.2_1,Adiyaman
AFYONKARAHÄ°SAR,1,2016,TUR.3_1,Afyon
AKSARAY,0,2016,TUR.5_1,Aksaray
AMASYA,13,2016,TUR.6_1,Amasya
ANKARA,10,2016,TUR.7_1,Ankara
ANTALYA,4,2016,TUR.8_1,Antalya
ARDAHAN,1,2016,TUR.9_1,Ardahan
ARTVÄ°N,7,2016,TUR.10_1,Artvin
AYDIN,6,2016,TUR.11_1,Aydin
ÅžANLIURFA,0,2016,TUR.68_1,Sanliurfa
ÅžIRNAK,0,2016,TUR.71_1,Sirnak
BÄ°LECÄ°K,0,2016,TUR.16_1,Bilecik
BÄ°NGÃ–L,9,2016,TUR.17_1,Bingöl
BÄ°TLÄ°S,6,2016,TUR.18_1,Bitlis
BALIKESÄ°R,4,2016,TUR.12_1,Balikesir
BARTIN,0,2016,TUR.13_1,Bartin
BATMAN,0,2016,TUR.14_1,Batman
BAYBURT,10,2016,TUR.15_1,Bayburt
BOLU,0,2016,TUR.19_1,Bolu
BURDUR,0,2016,TUR.20_1,Burdur
BURSA,0,2016,TUR.21_1,Bursa
DÄ°YARBAKIR,1,2016,TUR.26_1,Diyarbakir
DÃœZCE,0,2016,TUR.27_1,Düzce
DENÄ°ZLÄ°,1,2016,TUR.25_1,Denizli
EDÄ°RNE,0,2016,TUR.28_1,Edirne
ELAZIÄž,4,2016,TUR.29_1,Elazig
ERZÄ°NCAN,26,2016,TUR.30_1,Erzincan
ERZURUM,85,2016,TUR.31_1,Erzurum
ESKÄ°ÅžEHÄ°R,1,2016,TUR.32_1,Eskisehir
GÄ°RESUN,4,2016,TUR.34_1,Giresun
GÃœMÃœÅžHANE,20,2016,TUR.35_1,Gümüshane
GAZÄ°ANTEP,0,2016,TUR.33_1,Gaziantep
HAKKARÄ°,0,2016,TUR.36_1,Hakkari
HATAY,0,2016,TUR.37_1,Hatay
IÄžDIR,0,2016,TUR.38_1,Igdir
ISPARTA,1,2016,TUR.39_1,Isparta
KÄ°LÄ°S,0,2016,TUR.48_1,Kilis
KAHRAMANMARAÅž,0,2016,TUR.42_1,K. Maras
KÃœTAHYA,1,2016,TUR.54_1,Kütahya
KARABÃœK,3,2016,TUR.43_1,Karabük
KARAMAN,0,2016,TUR.44_1,Karaman
KARS,2,2016,TUR.45_1,Kars
KASTAMONU,4,2016,TUR.46_1,Kastamonu
KAYSERÄ°,7,2016,TUR.47_1,Kayseri
KIRÅžEHÄ°R,3,2016,TUR.51_1,Kirsehir
KIRIKKALE,2,2016,TUR.49_1,Kinkkale
KIRKLARELÄ°,0,2016,TUR.50_1,Kirklareli
KOCAELÄ°,1,2016,TUR.52_1,Kocaeli
KONYA,4,2016,TUR.53_1,Konya
MALATYA,2,2016,TUR.55_1,Malatya
MANÄ°SA,1,2016,TUR.56_1,Manisa
MARDÄ°N,0,2016,TUR.57_1,Mardin
MERSÄ°N,1,2016,TUR.58_1,Mersin
MUÅž,2,2016,TUR.60_1,Mus
MUÄžLA,0,2016,TUR.59_1,Mugla
NÄ°ÄžDE,0,2016,TUR.62_1,Nigde
NEVÅžEHÄ°R,1,2016,TUR.61_1,Nevsehir
ORDU,3,2016,TUR.63_1,Ordu
OSMANÄ°YE,0,2016,TUR.64_1,Osmaniye
RÄ°ZE,0,2016,TUR.65_1,Rize
SÄ°Ä°RT,0,2016,TUR.69_1,Siirt
SÄ°NOP,0,2016,TUR.70_1,Sinop
SÄ°VAS,31,2016,TUR.72_1,Sivas
SAKARYA,0,2016,TUR.66_1,Sakarya
SAMSUN,6,2016,TUR.67_1,Samsun
TEKÄ°RDAÄž,1,2016,TUR.73_1,Tekirdag
TOKAT,68,2016,TUR.74_1,Tokat
TRABZON,2,2016,TUR.75_1,Trabzon
TUNCELÄ°,1,2016,TUR.76_1,Tunceli
UÅžAK,0,2016,TUR.77_1,Usak
VAN,1,2016,TUR.78_1,Van
YALOVA,0,2016,TUR.79_1,Yalova
YOZGAT,19,2016,TUR.80_1,Yozgat
ZONGULDAK,0,2016,TUR.81_1,Zinguldak
Ä°STANBUL,19,2017,TUR.40_1,Istanbul
Ä°ZMÄ°R,0,2017,TUR.41_1,Izmir
Ã‡ANAKKALE,0,2017,TUR.22_1,Çanakkale
Ã‡ANKIRI,3,2017,TUR.23_1,Çankiri
Ã‡ORUM,24,2017,TUR.24_1,Çorum
AÄžRI,1,2017,TUR.4_1,Agri
ADANA,0,2017,TUR.1_1,Adana
ADIYAMAN,2,2017,TUR.2_1,Adiyaman
AFYONKARAHÄ°SAR,0,2017,TUR.3_1,Afyon
AKSARAY,0,2017,TUR.5_1,Aksaray
AMASYA,13,2017,TUR.6_1,Amasya
ANKARA,6,2017,TUR.7_1,Ankara
ANTALYA,1,2017,TUR.8_1,Antalya
ARDAHAN,0,2017,TUR.9_1,Ardahan
ARTVÄ°N,11,2017,TUR.10_1,Artvin
AYDIN,6,2017,TUR.11_1,Aydin
ÅžANLIURFA,1,2017,TUR.68_1,Sanliurfa
ÅžIRNAK,0,2017,TUR.71_1,Sirnak
BÄ°LECÄ°K,0,2017,TUR.16_1,Bilecik
BÄ°NGÃ–L,6,2017,TUR.17_1,Bingöl
BÄ°TLÄ°S,1,2017,TUR.18_1,Bitlis
BALIKESÄ°R,1,2017,TUR.12_1,Balikesir
BARTIN,0,2017,TUR.13_1,Bartin
BATMAN,0,2017,TUR.14_1,Batman
BAYBURT,7,2017,TUR.15_1,Bayburt
BOLU,1,2017,TUR.19_1,Bolu
BURDUR,0,2017,TUR.20_1,Burdur
BURSA,1,2017,TUR.21_1,Bursa
DÄ°YARBAKIR,2,2017,TUR.26_1,Diyarbakir
DÃœZCE,0,2017,TUR.27_1,Düzce
DENÄ°ZLÄ°,0,2017,TUR.25_1,Denizli
EDÄ°RNE,1,2017,TUR.28_1,Edirne
ELAZIÄž,3,2017,TUR.29_1,Elazig
ERZÄ°NCAN,14,2017,TUR.30_1,Erzincan
ERZURUM,45,2017,TUR.31_1,Erzurum
ESKÄ°ÅžEHÄ°R,1,2017,TUR.32_1,Eskisehir
GÄ°RESUN,4,2017,TUR.34_1,Giresun
GÃœMÃœÅžHANE,14,2017,TUR.35_1,Gümüshane
GAZÄ°ANTEP,0,2017,TUR.33_1,Gaziantep
HAKKARÄ°,0,2017,TUR.36_1,Hakkari
HATAY,0,2017,TUR.37_1,Hatay
IÄžDIR,0,2017,TUR.38_1,Igdir
ISPARTA,1,2017,TUR.39_1,Isparta
KÄ°LÄ°S,0,2017,TUR.48_1,Kilis
KAHRAMANMARAÅž,2,2017,TUR.42_1,K. Maras
KÃœTAHYA,1,2017,TUR.54_1,Kütahya
KARABÃœK,6,2017,TUR.43_1,Karabük
KARAMAN,1,2017,TUR.44_1,Karaman
KARS,2,2017,TUR.45_1,Kars
KASTAMONU,7,2017,TUR.46_1,Kastamonu
KAYSERÄ°,5,2017,TUR.47_1,Kayseri
KIRÅžEHÄ°R,4,2017,TUR.51_1,Kirsehir
KIRIKKALE,1,2017,TUR.49_1,Kinkkale
KIRKLARELÄ°,1,2017,TUR.50_1,Kirklareli
KOCAELÄ°,0,2017,TUR.52_1,Kocaeli
KONYA,3,2017,TUR.53_1,Konya
MALATYA,5,2017,TUR.55_1,Malatya
MANÄ°SA,1,2017,TUR.56_1,Manisa
MARDÄ°N,0,2017,TUR.57_1,Mardin
MERSÄ°N,1,2017,TUR.58_1,Mersin
MUÅž,3,2017,TUR.60_1,Mus
MUÄžLA,1,2017,TUR.59_1,Mugla
NÄ°ÄžDE,0,2017,TUR.62_1,Nigde
NEVÅžEHÄ°R,0,2017,TUR.61_1,Nevsehir
ORDU,4,2017,TUR.63_1,Ordu
OSMANÄ°YE,0,2017,TUR.64_1,Osmaniye
RÄ°ZE,0,2017,TUR.65_1,Rize
SÄ°Ä°RT,1,2017,TUR.69_1,Siirt
SÄ°NOP,0,2017,TUR.70_1,Sinop
SÄ°VAS,26,2017,TUR.72_1,Sivas
SAKARYA,0,2017,TUR.66_1,Sakarya
SAMSUN,5,2017,TUR.67_1,Samsun
TEKÄ°RDAÄž,1,2017,TUR.73_1,Tekirdag
TOKAT,49,2017,TUR.74_1,Tokat
TRABZON,1,2017,TUR.75_1,Trabzon
TUNCELÄ°,3,2017,TUR.76_1,Tunceli
UÅžAK,0,2017,TUR.77_1,Usak
VAN,0,2017,TUR.78_1,Van
YALOVA,0,2017,TUR.79_1,Yalova
YOZGAT,20,2017,TUR.80_1,Yozgat
ZONGULDAK,0,2017,TUR.81_1,Zinguldak
