"Disease","Driver","Pos","Unk","Neg","None","Any","TestLib","Top","TestCon","TestAny","TestAll","dz_name","covar_name"
"Anthrax","Biodiversity intactness",6,13,3,3,9,"Test",1,"Test","Test","Omit","Anthrax","biodiv_intact"
"Anthrax","Cropland (land cover)",8,15,1,1,9,"Test",0,"Omit","Test","Omit","Anthrax","crop_cover"
"Anthrax","Cropland expansion (land conversion)",9,14,2,0,11,"Test",0,"Omit","Test","Test","Anthrax","crop_expansion"
"Anthrax","Deforestation (land conversion)",9,12,0,4,9,"Test",1,"Test","Test","Omit","Anthrax","forest_loss"
"Anthrax","Forest (land cover)",3,12,7,3,10,"Test",1,"Test","Test","Omit","Anthrax","forest_cover"
"Anthrax","Invasive species",2,14,0,9,2,"Omit",0,"Omit","Test","Omit","Anthrax",""
"Anthrax","Landscape fragmentation",6,12,1,6,7,"Test",0,"Omit","Test","Omit","Anthrax","evi_dissimilarity"
"Anthrax","Livestock density",13,12,0,0,13,"Test",11,"Test","Test","Test","Anthrax","livestock_log"
"Anthrax","Mining (land cover)",1,13,0,11,1,"Omit",1,"Test","Test","Omit","Anthrax","mining"
"Anthrax","Precipitation change (increase)",5,12,6,2,11,"Test",7,"Test","Test","Omit","Anthrax","precip_change"
"Anthrax","Protected area (land cover)",7,12,5,1,12,"Test",0,"Omit","Test","Omit","Anthrax","protected_areas"
"Anthrax","Proximity to hospitals or clinics",5,12,2,6,7,"Test",5,"Test","Test","Omit","Anthrax","health_travel_log"
"Anthrax","Socioeconomic vulnerability",11,13,1,0,12,"Test",5,"Test","Test","Test","Anthrax","social_vulnerability"
"Anthrax","Temperature change (increase)",9,12,2,2,11,"Test",4,"Test","Test","Omit","Anthrax","tmean_change"
"Anthrax","Urban area (land cover)",0,13,8,4,8,"Test",0,"Omit","Test","Omit","Anthrax","urban_cover"
"Anthrax","Urbanization (land conversion)",2,12,8,3,10,"Test",0,"Omit","Test","Omit","Anthrax","urban_expansion"
"Anthrax","Wildlife hunting",9,12,0,4,9,"Test",2,"Test","Test","Omit","Anthrax","hunting"
"Anthrax","Wildlife trade and live animal markets",9,12,0,4,9,"Test",1,"Test","Test","Omit","Anthrax",""
"Argentine haemorrhagic fever","Biodiversity intactness",1,19,4,1,5,"Test",0,"Omit","Test","Omit","Argentine haemorrhagic fever","biodiv_intact"
"Argentine haemorrhagic fever","Cropland (land cover)",6,19,0,0,6,"Test",2,"Test","Test","Test","Argentine haemorrhagic fever","crop_cover"
"Argentine haemorrhagic fever","Cropland expansion (land conversion)",5,19,0,1,5,"Test",1,"Test","Test","Omit","Argentine haemorrhagic fever","crop_expansion"
"Argentine haemorrhagic fever","Deforestation (land conversion)",5,19,0,1,5,"Test",0,"Omit","Test","Omit","Argentine haemorrhagic fever","forest_loss"
"Argentine haemorrhagic fever","Forest (land cover)",1,19,5,0,6,"Test",0,"Omit","Test","Test","Argentine haemorrhagic fever","forest_cover"
"Argentine haemorrhagic fever","Invasive species",2,19,0,4,2,"Omit",0,"Omit","Test","Omit","Argentine haemorrhagic fever",""
"Argentine haemorrhagic fever","Landscape fragmentation",6,19,0,0,6,"Test",1,"Test","Test","Test","Argentine haemorrhagic fever","evi_dissimilarity"
"Argentine haemorrhagic fever","Livestock density",2,21,0,2,2,"Test",0,"Omit","Test","Omit","Argentine haemorrhagic fever","livestock_log"
"Argentine haemorrhagic fever","Mining (land cover)",1,19,0,5,1,"Omit",0,"Omit","Test","Omit","Argentine haemorrhagic fever","mining"
"Argentine haemorrhagic fever","Precipitation change (increase)",5,19,1,0,6,"Test",3,"Test","Test","Test","Argentine haemorrhagic fever","precip_change"
"Argentine haemorrhagic fever","Protected area (land cover)",1,19,3,2,4,"Test",0,"Omit","Test","Omit","Argentine haemorrhagic fever","protected_areas"
"Argentine haemorrhagic fever","Proximity to hospitals or clinics",4,19,0,2,4,"Test",2,"Test","Test","Omit","Argentine haemorrhagic fever","health_travel_log"
"Argentine haemorrhagic fever","Socioeconomic vulnerability",6,19,0,0,6,"Test",1,"Test","Test","Test","Argentine haemorrhagic fever","social_vulnerability"
"Argentine haemorrhagic fever","Temperature change (increase)",4,19,1,1,5,"Test",1,"Test","Test","Omit","Argentine haemorrhagic fever","tmean_change"
"Argentine haemorrhagic fever","Urban area (land cover)",3,20,2,0,5,"Test",1,"Test","Test","Test","Argentine haemorrhagic fever","urban_cover"
"Argentine haemorrhagic fever","Urbanization (land conversion)",3,20,2,0,5,"Test",1,"Test","Test","Test","Argentine haemorrhagic fever","urban_expansion"
"Argentine haemorrhagic fever","Wildlife hunting",1,19,0,5,1,"Omit",0,"Omit","Test","Omit","Argentine haemorrhagic fever","hunting"
"Argentine haemorrhagic fever","Wildlife trade and live animal markets",1,19,0,5,1,"Omit",0,"Omit","Test","Omit","Argentine haemorrhagic fever",""
"Brazilian spotted fever","Biodiversity intactness",4,18,3,0,7,"Test",2,"Test","Test","Test","Brazilian spotted fever","biodiv_intact"
"Brazilian spotted fever","Cropland (land cover)",4,18,1,2,5,"Test",0,"Omit","Test","Omit","Brazilian spotted fever","crop_cover"
"Brazilian spotted fever","Cropland expansion (land conversion)",3,18,2,2,5,"Test",0,"Omit","Test","Omit","Brazilian spotted fever","crop_expansion"
"Brazilian spotted fever","Deforestation (land conversion)",6,18,1,0,7,"Test",2,"Test","Test","Test","Brazilian spotted fever","forest_loss"
"Brazilian spotted fever","Forest (land cover)",4,18,3,0,7,"Test",1,"Test","Test","Test","Brazilian spotted fever","forest_cover"
"Brazilian spotted fever","Invasive species",2,19,0,4,2,"Omit",1,"Test","Test","Omit","Brazilian spotted fever",""
"Brazilian spotted fever","Landscape fragmentation",7,18,0,0,7,"Test",6,"Test","Test","Test","Brazilian spotted fever","evi_dissimilarity"
"Brazilian spotted fever","Livestock density",4,18,0,3,4,"Test",1,"Test","Test","Omit","Brazilian spotted fever","livestock_log"
"Brazilian spotted fever","Mining (land cover)",2,18,0,5,2,"Omit",0,"Omit","Test","Omit","Brazilian spotted fever","mining"
"Brazilian spotted fever","Precipitation change (increase)",5,18,1,1,6,"Test",2,"Test","Test","Omit","Brazilian spotted fever","precip_change"
"Brazilian spotted fever","Protected area (land cover)",3,18,4,0,7,"Test",1,"Test","Test","Test","Brazilian spotted fever","protected_areas"
"Brazilian spotted fever","Proximity to hospitals or clinics",4,18,0,3,4,"Test",2,"Test","Test","Omit","Brazilian spotted fever","health_travel_log"
"Brazilian spotted fever","Socioeconomic vulnerability",5,18,1,1,6,"Test",0,"Omit","Test","Omit","Brazilian spotted fever","social_vulnerability"
"Brazilian spotted fever","Temperature change (increase)",3,18,2,2,5,"Test",1,"Test","Test","Omit","Brazilian spotted fever","tmean_change"
"Brazilian spotted fever","Urban area (land cover)",4,18,3,0,7,"Test",1,"Test","Test","Test","Brazilian spotted fever","urban_cover"
"Brazilian spotted fever","Urbanization (land conversion)",3,18,3,1,6,"Test",1,"Test","Test","Omit","Brazilian spotted fever","urban_expansion"
"Brazilian spotted fever","Wildlife hunting",1,19,0,5,1,"Omit",0,"Omit","Test","Omit","Brazilian spotted fever","hunting"
"Brazilian spotted fever","Wildlife trade and live animal markets",0,19,0,6,0,"Omit",0,"Omit","Omit","Omit","Brazilian spotted fever",""
"Chagas disease","Biodiversity intactness",4,15,5,1,9,"Test",0,"Omit","Test","Omit","Chagas disease (acute)","biodiv_intact"
"Chagas disease","Cropland (land cover)",6,15,2,2,8,"Test",1,"Test","Test","Omit","Chagas disease (acute)","crop_cover"
"Chagas disease","Cropland expansion (land conversion)",8,14,1,2,9,"Test",1,"Test","Test","Omit","Chagas disease (acute)","crop_expansion"
"Chagas disease","Deforestation (land conversion)",11,12,1,1,12,"Test",4,"Test","Test","Omit","Chagas disease (acute)","forest_loss"
"Chagas disease","Forest (land cover)",8,13,3,1,11,"Test",1,"Test","Test","Omit","Chagas disease (acute)","forest_cover"
"Chagas disease","Invasive species",3,14,0,8,3,"Omit",0,"Omit","Test","Omit","Chagas disease (acute)",""
"Chagas disease","Landscape fragmentation",11,13,1,0,12,"Test",6,"Test","Test","Test","Chagas disease (acute)","evi_dissimilarity"
"Chagas disease","Livestock density",6,13,0,6,6,"Test",1,"Test","Test","Omit","Chagas disease (acute)","livestock_log"
"Chagas disease","Mining (land cover)",4,13,0,8,4,"Omit",0,"Omit","Test","Omit","Chagas disease (acute)","mining"
"Chagas disease","Precipitation change (increase)",7,15,1,2,8,"Test",1,"Test","Test","Omit","Chagas disease (acute)","precip_change"
"Chagas disease","Protected area (land cover)",4,14,4,3,8,"Test",0,"Omit","Test","Omit","Chagas disease (acute)","protected_areas"
"Chagas disease","Proximity to hospitals or clinics",8,13,3,1,11,"Test",5,"Test","Test","Omit","Chagas disease (acute)","health_travel_log"
"Chagas disease","Socioeconomic vulnerability",13,12,0,0,13,"Test",10,"Test","Test","Test","Chagas disease (acute)","social_vulnerability"
"Chagas disease","Temperature change (increase)",9,14,1,1,10,"Test",2,"Test","Test","Omit","Chagas disease (acute)","tmean_change"
"Chagas disease","Urban area (land cover)",3,13,7,2,10,"Test",2,"Test","Test","Omit","Chagas disease (acute)","urban_cover"
"Chagas disease","Urbanization (land conversion)",5,12,5,3,10,"Test",2,"Test","Test","Omit","Chagas disease (acute)","urban_expansion"
"Chagas disease","Wildlife hunting",3,15,0,7,3,"Omit",0,"Omit","Test","Omit","Chagas disease (acute)","hunting"
"Chagas disease","Wildlife trade and live animal markets",1,14,1,9,2,"Omit",0,"Omit","Test","Omit","Chagas disease (acute)",""
"Chikungunya virus","Biodiversity intactness",1,11,7,6,8,"Test",0,"Omit","Test","Omit","Chikungunya","biodiv_intact"
"Chikungunya virus","Cropland (land cover)",4,12,1,8,5,"Omit",0,"Omit","Test","Omit","Chikungunya","crop_cover"
"Chikungunya virus","Cropland expansion (land conversion)",6,12,1,6,7,"Test",0,"Omit","Test","Omit","Chikungunya","crop_expansion"
"Chikungunya virus","Deforestation (land conversion)",12,11,0,2,12,"Test",2,"Test","Test","Omit","Chikungunya","forest_loss"
"Chikungunya virus","Forest (land cover)",2,11,7,5,9,"Test",1,"Test","Test","Omit","Chikungunya","forest_cover"
"Chikungunya virus","Invasive species",9,12,0,4,9,"Test",2,"Test","Test","Omit","Chikungunya",""
"Chikungunya virus","Landscape fragmentation",10,12,0,3,10,"Test",1,"Test","Test","Omit","Chikungunya","evi_dissimilarity"
"Chikungunya virus","Livestock density",1,10,1,13,2,"Omit",0,"Omit","Test","Omit","Chikungunya","livestock_log"
"Chikungunya virus","Mining (land cover)",3,12,0,10,3,"Omit",0,"Omit","Test","Omit","Chikungunya","mining"
"Chikungunya virus","Precipitation change (increase)",13,10,2,0,15,"Test",9,"Test","Test","Test","Chikungunya","precip_change"
"Chikungunya virus","Protected area (land cover)",2,12,7,4,9,"Test",0,"Omit","Test","Omit","Chikungunya","protected_areas"
"Chikungunya virus","Proximity to hospitals or clinics",6,10,3,6,9,"Test",2,"Test","Test","Omit","Chikungunya","health_travel_log"
"Chikungunya virus","Socioeconomic vulnerability",13,11,0,1,13,"Test",4,"Test","Test","Omit","Chikungunya","social_vulnerability"
"Chikungunya virus","Temperature change (increase)",14,10,1,0,15,"Test",11,"Test","Test","Test","Chikungunya","tmean_change"
"Chikungunya virus","Urban area (land cover)",12,11,2,0,14,"Test",4,"Test","Test","Test","Chikungunya","urban_cover"
"Chikungunya virus","Urbanization (land conversion)",12,11,2,0,14,"Test",6,"Test","Test","Test","Chikungunya","urban_expansion"
"Chikungunya virus","Wildlife hunting",2,11,0,12,2,"Omit",0,"Omit","Test","Omit","Chikungunya","hunting"
"Chikungunya virus","Wildlife trade and live animal markets",0,12,0,13,0,"Omit",0,"Omit","Omit","Omit","Chikungunya",""
"Crimean-Congo haemorrhagic fever","Biodiversity intactness",4,15,5,1,9,"Test",1,"Test","Test","Omit","Crimean-Congo haemorrhagic fever","biodiv_intact"
"Crimean-Congo haemorrhagic fever","Cropland (land cover)",9,15,1,0,10,"Test",1,"Test","Test","Test","Crimean-Congo haemorrhagic fever","crop_cover"
"Crimean-Congo haemorrhagic fever","Cropland expansion (land conversion)",8,15,2,0,10,"Test",0,"Omit","Test","Test","Crimean-Congo haemorrhagic fever","crop_expansion"
"Crimean-Congo haemorrhagic fever","Deforestation (land conversion)",7,16,0,2,7,"Test",1,"Test","Test","Omit","Crimean-Congo haemorrhagic fever","forest_loss"
"Crimean-Congo haemorrhagic fever","Forest (land cover)",1,14,9,1,10,"Test",0,"Omit","Test","Omit","Crimean-Congo haemorrhagic fever","forest_cover"
"Crimean-Congo haemorrhagic fever","Invasive species",5,16,0,4,5,"Test",0,"Omit","Test","Omit","Crimean-Congo haemorrhagic fever",""
"Crimean-Congo haemorrhagic fever","Landscape fragmentation",12,13,0,0,12,"Test",3,"Test","Test","Test","Crimean-Congo haemorrhagic fever","evi_dissimilarity"
"Crimean-Congo haemorrhagic fever","Livestock density",11,14,0,0,11,"Test",8,"Test","Test","Test","Crimean-Congo haemorrhagic fever","livestock_log"
"Crimean-Congo haemorrhagic fever","Mining (land cover)",1,18,0,6,1,"Omit",0,"Omit","Test","Omit","Crimean-Congo haemorrhagic fever","mining"
"Crimean-Congo haemorrhagic fever","Precipitation change (increase)",7,14,1,3,8,"Test",0,"Omit","Test","Omit","Crimean-Congo haemorrhagic fever","precip_change"
"Crimean-Congo haemorrhagic fever","Protected area (land cover)",5,16,3,1,8,"Test",1,"Test","Test","Omit","Crimean-Congo haemorrhagic fever","protected_areas"
"Crimean-Congo haemorrhagic fever","Proximity to hospitals or clinics",6,15,1,3,7,"Test",3,"Test","Test","Omit","Crimean-Congo haemorrhagic fever","health_travel_log"
"Crimean-Congo haemorrhagic fever","Socioeconomic vulnerability",11,14,0,0,11,"Test",4,"Test","Test","Test","Crimean-Congo haemorrhagic fever","social_vulnerability"
"Crimean-Congo haemorrhagic fever","Temperature change (increase)",8,14,1,2,9,"Test",3,"Test","Test","Omit","Crimean-Congo haemorrhagic fever","tmean_change"
"Crimean-Congo haemorrhagic fever","Urban area (land cover)",3,14,7,1,10,"Test",0,"Omit","Test","Omit","Crimean-Congo haemorrhagic fever","urban_cover"
"Crimean-Congo haemorrhagic fever","Urbanization (land conversion)",3,15,5,2,8,"Test",0,"Omit","Test","Omit","Crimean-Congo haemorrhagic fever","urban_expansion"
"Crimean-Congo haemorrhagic fever","Wildlife hunting",2,16,0,7,2,"Omit",1,"Test","Test","Omit","Crimean-Congo haemorrhagic fever","hunting"
"Crimean-Congo haemorrhagic fever","Wildlife trade and live animal markets",3,15,0,7,3,"Omit",0,"Omit","Test","Omit","Crimean-Congo haemorrhagic fever",""
"Dengue fever","Biodiversity intactness",1,8,10,6,11,"Test",1,"Test","Test","Omit","Dengue","biodiv_intact"
"Dengue fever","Cropland (land cover)",3,8,5,9,8,"Omit",0,"Omit","Test","Omit","Dengue","crop_cover"
"Dengue fever","Cropland expansion (land conversion)",6,9,4,6,10,"Test",0,"Omit","Test","Omit","Dengue","crop_expansion"
"Dengue fever","Deforestation (land conversion)",16,7,0,2,16,"Test",2,"Test","Test","Omit","Dengue","forest_loss"
"Dengue fever","Forest (land cover)",1,7,11,6,12,"Test",1,"Test","Test","Omit","Dengue","forest_cover"
"Dengue fever","Invasive species",11,8,0,6,11,"Test",2,"Test","Test","Omit","Dengue",""
"Dengue fever","Landscape fragmentation",12,9,0,4,12,"Test",0,"Omit","Test","Omit","Dengue","evi_dissimilarity"
"Dengue fever","Livestock density",1,7,2,15,3,"Omit",1,"Test","Test","Omit","Dengue","livestock_log"
"Dengue fever","Mining (land cover)",5,8,0,12,5,"Omit",0,"Omit","Test","Omit","Dengue","mining"
"Dengue fever","Precipitation change (increase)",15,7,2,1,17,"Test",8,"Test","Test","Omit","Dengue","precip_change"
"Dengue fever","Protected area (land cover)",2,8,9,6,11,"Test",1,"Test","Test","Omit","Dengue","protected_areas"
"Dengue fever","Proximity to hospitals or clinics",11,8,3,3,14,"Test",2,"Test","Test","Omit","Dengue","health_travel_log"
"Dengue fever","Socioeconomic vulnerability",18,7,0,0,18,"Test",9,"Test","Test","Test","Dengue","social_vulnerability"
"Dengue fever","Temperature change (increase)",18,7,0,0,18,"Test",14,"Test","Test","Test","Dengue","tmean_change"
"Dengue fever","Urban area (land cover)",16,7,1,1,17,"Test",5,"Test","Test","Omit","Dengue","urban_cover"
"Dengue fever","Urbanization (land conversion)",17,7,1,0,18,"Test",9,"Test","Test","Test","Dengue","urban_expansion"
"Dengue fever","Wildlife hunting",3,8,0,14,3,"Omit",0,"Omit","Test","Omit","Dengue","hunting"
"Dengue fever","Wildlife trade and live animal markets",0,9,0,16,0,"Omit",0,"Omit","Omit","Omit","Dengue",""
"Eastern equine encephalitis virus","Biodiversity intactness",3,19,2,1,5,"Test",0,"Omit","Test","Omit","Eastern equine encephalitis","biodiv_intact"
"Eastern equine encephalitis virus","Cropland (land cover)",4,19,2,0,6,"Test",0,"Omit","Test","Test","Eastern equine encephalitis","crop_cover"
"Eastern equine encephalitis virus","Cropland expansion (land conversion)",4,19,2,0,6,"Test",0,"Omit","Test","Test","Eastern equine encephalitis","crop_expansion"
"Eastern equine encephalitis virus","Deforestation (land conversion)",3,19,2,1,5,"Test",1,"Test","Test","Omit","Eastern equine encephalitis","forest_loss"
"Eastern equine encephalitis virus","Forest (land cover)",3,19,2,1,5,"Test",1,"Test","Test","Omit","Eastern equine encephalitis","forest_cover"
"Eastern equine encephalitis virus","Invasive species",2,19,1,3,3,"Test",0,"Omit","Test","Omit","Eastern equine encephalitis",""
"Eastern equine encephalitis virus","Landscape fragmentation",6,19,0,0,6,"Test",2,"Test","Test","Test","Eastern equine encephalitis","evi_dissimilarity"
"Eastern equine encephalitis virus","Livestock density",4,19,0,2,4,"Test",1,"Test","Test","Omit","Eastern equine encephalitis","livestock_log"
"Eastern equine encephalitis virus","Mining (land cover)",1,19,1,4,2,"Omit",0,"Omit","Test","Omit","Eastern equine encephalitis","mining"
"Eastern equine encephalitis virus","Precipitation change (increase)",6,19,0,0,6,"Test",2,"Test","Test","Test","Eastern equine encephalitis","precip_change"
"Eastern equine encephalitis virus","Protected area (land cover)",4,19,1,1,5,"Test",0,"Omit","Test","Omit","Eastern equine encephalitis","protected_areas"
"Eastern equine encephalitis virus","Proximity to hospitals or clinics",3,19,1,2,4,"Test",1,"Test","Test","Omit","Eastern equine encephalitis","health_travel_log"
"Eastern equine encephalitis virus","Socioeconomic vulnerability",4,19,0,2,4,"Test",2,"Test","Test","Omit","Eastern equine encephalitis","social_vulnerability"
"Eastern equine encephalitis virus","Temperature change (increase)",4,19,2,0,6,"Test",1,"Test","Test","Test","Eastern equine encephalitis","tmean_change"
"Eastern equine encephalitis virus","Urban area (land cover)",2,19,3,1,5,"Test",0,"Omit","Test","Omit","Eastern equine encephalitis","urban_cover"
"Eastern equine encephalitis virus","Urbanization (land conversion)",2,20,2,1,4,"Test",2,"Test","Test","Omit","Eastern equine encephalitis","urban_expansion"
"Eastern equine encephalitis virus","Wildlife hunting",2,19,0,4,2,"Omit",0,"Omit","Test","Omit","Eastern equine encephalitis","hunting"
"Eastern equine encephalitis virus","Wildlife trade and live animal markets",0,19,0,6,0,"Omit",0,"Omit","Omit","Omit","Eastern equine encephalitis",""
"Ebola virus","Biodiversity intactness",7,6,10,2,17,"Test",2,"Test","Test","Omit","Ebola virus disease","biodiv_intact"
"Ebola virus","Cropland (land cover)",7,6,4,8,11,"Test",0,"Omit","Test","Omit","Ebola virus disease","crop_cover"
"Ebola virus","Cropland expansion (land conversion)",13,6,3,3,16,"Test",0,"Omit","Test","Omit","Ebola virus disease","crop_expansion"
"Ebola virus","Deforestation (land conversion)",18,5,1,1,19,"Test",8,"Test","Test","Omit","Ebola virus disease","forest_loss"
"Ebola virus","Forest (land cover)",12,5,8,0,20,"Test",1,"Test","Test","Test","Ebola virus disease","forest_cover"
"Ebola virus","Invasive species",2,9,1,13,3,"Omit",0,"Omit","Test","Omit","Ebola virus disease",""
"Ebola virus","Landscape fragmentation",19,6,0,0,19,"Test",5,"Test","Test","Test","Ebola virus disease","evi_dissimilarity"
"Ebola virus","Livestock density",2,7,1,15,3,"Omit",0,"Omit","Test","Omit","Ebola virus disease","livestock_log"
"Ebola virus","Mining (land cover)",7,10,0,8,7,"Omit",0,"Omit","Test","Omit","Ebola virus disease","mining"
"Ebola virus","Precipitation change (increase)",6,8,3,8,9,"Test",0,"Omit","Test","Omit","Ebola virus disease","precip_change"
"Ebola virus","Protected area (land cover)",9,5,8,3,17,"Test",0,"Omit","Test","Omit","Ebola virus disease","protected_areas"
"Ebola virus","Proximity to hospitals or clinics",13,6,5,1,18,"Test",9,"Test","Test","Omit","Ebola virus disease","health_travel_log"
"Ebola virus","Socioeconomic vulnerability",19,5,1,0,20,"Test",9,"Test","Test","Test","Ebola virus disease","social_vulnerability"
"Ebola virus","Temperature change (increase)",9,6,0,10,9,"Omit",0,"Omit","Test","Omit","Ebola virus disease","tmean_change"
"Ebola virus","Urban area (land cover)",3,6,12,4,15,"Test",1,"Test","Test","Omit","Ebola virus disease","urban_cover"
"Ebola virus","Urbanization (land conversion)",10,5,6,4,16,"Test",1,"Test","Test","Omit","Ebola virus disease","urban_expansion"
"Ebola virus","Wildlife hunting",20,5,0,0,20,"Test",11,"Test","Test","Test","Ebola virus disease","hunting"
"Ebola virus","Wildlife trade and live animal markets",18,6,0,1,18,"Test",2,"Test","Test","Omit","Ebola virus disease",""
"Hantavirus pulmonary syndrome","Biodiversity intactness",4,12,6,3,10,"Test",2,"Test","Test","Omit","Hantavirus cardiopulmonary syndrome","biodiv_intact"
"Hantavirus pulmonary syndrome","Cropland (land cover)",13,11,1,0,14,"Test",5,"Test","Test","Test","Hantavirus cardiopulmonary syndrome","crop_cover"
"Hantavirus pulmonary syndrome","Cropland expansion (land conversion)",11,12,2,0,13,"Test",3,"Test","Test","Test","Hantavirus cardiopulmonary syndrome","crop_expansion"
"Hantavirus pulmonary syndrome","Deforestation (land conversion)",10,11,1,3,11,"Test",2,"Test","Test","Omit","Hantavirus cardiopulmonary syndrome","forest_loss"
"Hantavirus pulmonary syndrome","Forest (land cover)",7,11,6,1,13,"Test",1,"Test","Test","Omit","Hantavirus cardiopulmonary syndrome","forest_cover"
"Hantavirus pulmonary syndrome","Invasive species",5,13,2,5,7,"Test",0,"Omit","Test","Omit","Hantavirus cardiopulmonary syndrome",""
"Hantavirus pulmonary syndrome","Landscape fragmentation",14,11,0,0,14,"Test",3,"Test","Test","Test","Hantavirus cardiopulmonary syndrome","evi_dissimilarity"
"Hantavirus pulmonary syndrome","Livestock density",4,13,0,8,4,"Omit",0,"Omit","Test","Omit","Hantavirus cardiopulmonary syndrome","livestock_log"
"Hantavirus pulmonary syndrome","Mining (land cover)",2,15,0,8,2,"Omit",0,"Omit","Test","Omit","Hantavirus cardiopulmonary syndrome","mining"
"Hantavirus pulmonary syndrome","Precipitation change (increase)",13,11,0,1,13,"Test",3,"Test","Test","Omit","Hantavirus cardiopulmonary syndrome","precip_change"
"Hantavirus pulmonary syndrome","Protected area (land cover)",3,12,7,3,10,"Test",0,"Omit","Test","Omit","Hantavirus cardiopulmonary syndrome","protected_areas"
"Hantavirus pulmonary syndrome","Proximity to hospitals or clinics",8,13,1,3,9,"Test",1,"Test","Test","Omit","Hantavirus cardiopulmonary syndrome","health_travel_log"
"Hantavirus pulmonary syndrome","Socioeconomic vulnerability",11,13,0,1,11,"Test",3,"Test","Test","Omit","Hantavirus cardiopulmonary syndrome","social_vulnerability"
"Hantavirus pulmonary syndrome","Temperature change (increase)",5,12,3,5,8,"Test",2,"Test","Test","Omit","Hantavirus cardiopulmonary syndrome","tmean_change"
"Hantavirus pulmonary syndrome","Urban area (land cover)",4,12,8,1,12,"Test",3,"Test","Test","Omit","Hantavirus cardiopulmonary syndrome","urban_cover"
"Hantavirus pulmonary syndrome","Urbanization (land conversion)",7,12,5,1,12,"Test",2,"Test","Test","Omit","Hantavirus cardiopulmonary syndrome","urban_expansion"
"Hantavirus pulmonary syndrome","Wildlife hunting",5,12,0,8,5,"Omit",0,"Omit","Test","Omit","Hantavirus cardiopulmonary syndrome","hunting"
"Hantavirus pulmonary syndrome","Wildlife trade and live animal markets",5,12,0,8,5,"Omit",0,"Omit","Test","Omit","Hantavirus cardiopulmonary syndrome",""
"Hendra virus","Biodiversity intactness",1,13,8,3,9,"Test",0,"Omit","Test","Omit","Hendra virus disease","biodiv_intact"
"Hendra virus","Cropland (land cover)",11,13,0,1,11,"Test",0,"Omit","Test","Omit","Hendra virus disease","crop_cover"
"Hendra virus","Cropland expansion (land conversion)",12,13,0,0,12,"Test",1,"Test","Test","Test","Hendra virus disease","crop_expansion"
"Hendra virus","Deforestation (land conversion)",11,13,1,0,12,"Test",4,"Test","Test","Test","Hendra virus disease","forest_loss"
"Hendra virus","Forest (land cover)",6,12,7,0,13,"Test",2,"Test","Test","Test","Hendra virus disease","forest_cover"
"Hendra virus","Invasive species",1,15,1,8,2,"Omit",0,"Omit","Test","Omit","Hendra virus disease",""
"Hendra virus","Landscape fragmentation",12,13,0,0,12,"Test",5,"Test","Test","Test","Hendra virus disease","evi_dissimilarity"
"Hendra virus","Livestock density",12,13,0,0,12,"Test",8,"Test","Test","Test","Hendra virus disease","livestock_log"
"Hendra virus","Mining (land cover)",1,15,0,9,1,"Omit",0,"Omit","Test","Omit","Hendra virus disease","mining"
"Hendra virus","Precipitation change (increase)",4,14,4,3,8,"Test",1,"Test","Test","Omit","Hendra virus disease","precip_change"
"Hendra virus","Protected area (land cover)",0,13,8,4,8,"Test",1,"Test","Test","Omit","Hendra virus disease","protected_areas"
"Hendra virus","Proximity to hospitals or clinics",5,13,2,5,7,"Test",2,"Test","Test","Omit","Hendra virus disease","health_travel_log"
"Hendra virus","Socioeconomic vulnerability",4,13,1,7,5,"Omit",1,"Test","Test","Omit","Hendra virus disease","social_vulnerability"
"Hendra virus","Temperature change (increase)",10,12,0,3,10,"Test",0,"Omit","Test","Omit","Hendra virus disease","tmean_change"
"Hendra virus","Urban area (land cover)",3,12,7,3,10,"Test",0,"Omit","Test","Omit","Hendra virus disease","urban_cover"
"Hendra virus","Urbanization (land conversion)",6,14,3,2,9,"Test",2,"Test","Test","Omit","Hendra virus disease","urban_expansion"
"Hendra virus","Wildlife hunting",0,13,0,12,0,"Omit",0,"Omit","Omit","Omit","Hendra virus disease","hunting"
"Hendra virus","Wildlife trade and live animal markets",0,13,0,12,0,"Omit",0,"Omit","Omit","Omit","Hendra virus disease",""
"Influenza A (zoonotic origin)","Biodiversity intactness",5,12,3,5,8,"Test",0,"Omit","Test","Omit","Influenza A H5N1","biodiv_intact"
"Influenza A (zoonotic origin)","Cropland (land cover)",8,13,1,3,9,"Test",1,"Test","Test","Omit","Influenza A H5N1","crop_cover"
"Influenza A (zoonotic origin)","Cropland expansion (land conversion)",9,12,1,3,10,"Test",0,"Omit","Test","Omit","Influenza A H5N1","crop_expansion"
"Influenza A (zoonotic origin)","Deforestation (land conversion)",5,12,1,7,6,"Omit",0,"Omit","Test","Omit","Influenza A H5N1","forest_loss"
"Influenza A (zoonotic origin)","Forest (land cover)",0,12,6,7,6,"Omit",0,"Omit","Test","Omit","Influenza A H5N1","forest_cover"
"Influenza A (zoonotic origin)","Invasive species",12,11,0,2,12,"Test",0,"Omit","Test","Omit","Influenza A H5N1",""
"Influenza A (zoonotic origin)","Landscape fragmentation",11,11,0,3,11,"Test",2,"Test","Test","Omit","Influenza A H5N1","evi_dissimilarity"
"Influenza A (zoonotic origin)","Livestock density",14,11,0,0,14,"Test",11,"Test","Test","Test","Influenza A H5N1","livestock_log"
"Influenza A (zoonotic origin)","Mining (land cover)",1,13,0,11,1,"Omit",0,"Omit","Test","Omit","Influenza A H5N1","mining"
"Influenza A (zoonotic origin)","Precipitation change (increase)",6,12,1,6,7,"Test",2,"Test","Test","Omit","Influenza A H5N1","precip_change"
"Influenza A (zoonotic origin)","Protected area (land cover)",1,10,8,6,9,"Test",0,"Omit","Test","Omit","Influenza A H5N1","protected_areas"
"Influenza A (zoonotic origin)","Proximity to hospitals or clinics",11,9,1,4,12,"Test",5,"Test","Test","Omit","Influenza A H5N1","health_travel_log"
"Influenza A (zoonotic origin)","Socioeconomic vulnerability",12,10,0,3,12,"Test",5,"Test","Test","Omit","Influenza A H5N1","social_vulnerability"
"Influenza A (zoonotic origin)","Temperature change (increase)",6,12,4,3,10,"Test",0,"Omit","Test","Omit","Influenza A H5N1","tmean_change"
"Influenza A (zoonotic origin)","Urban area (land cover)",8,9,6,2,14,"Test",2,"Test","Test","Omit","Influenza A H5N1","urban_cover"
"Influenza A (zoonotic origin)","Urbanization (land conversion)",6,10,5,4,11,"Test",0,"Omit","Test","Omit","Influenza A H5N1","urban_expansion"
"Influenza A (zoonotic origin)","Wildlife hunting",5,10,2,8,7,"Omit",0,"Omit","Test","Omit","Influenza A H5N1","hunting"
"Influenza A (zoonotic origin)","Wildlife trade and live animal markets",12,9,1,3,13,"Test",5,"Test","Test","Omit","Influenza A H5N1",""
"Jamestown Canyon virus disease","Biodiversity intactness",1,21,2,1,3,"Test",0,"Omit","Test","Omit","Jamestown Canyon virus disease","biodiv_intact"
"Jamestown Canyon virus disease","Cropland (land cover)",2,21,1,1,3,"Test",0,"Omit","Test","Omit","Jamestown Canyon virus disease","crop_cover"
"Jamestown Canyon virus disease","Cropland expansion (land conversion)",3,21,1,0,4,"Test",0,"Omit","Test","Test","Jamestown Canyon virus disease","crop_expansion"
"Jamestown Canyon virus disease","Deforestation (land conversion)",3,21,1,0,4,"Test",0,"Omit","Test","Test","Jamestown Canyon virus disease","forest_loss"
"Jamestown Canyon virus disease","Forest (land cover)",2,21,2,0,4,"Test",1,"Test","Test","Test","Jamestown Canyon virus disease","forest_cover"
"Jamestown Canyon virus disease","Invasive species",1,21,0,3,1,"Omit",0,"Omit","Test","Omit","Jamestown Canyon virus disease",""
"Jamestown Canyon virus disease","Landscape fragmentation",4,21,0,0,4,"Test",2,"Test","Test","Test","Jamestown Canyon virus disease","evi_dissimilarity"
"Jamestown Canyon virus disease","Livestock density",2,21,0,2,2,"Test",0,"Omit","Test","Omit","Jamestown Canyon virus disease","livestock_log"
"Jamestown Canyon virus disease","Mining (land cover)",1,21,0,3,1,"Omit",0,"Omit","Test","Omit","Jamestown Canyon virus disease","mining"
"Jamestown Canyon virus disease","Precipitation change (increase)",4,21,0,0,4,"Test",2,"Test","Test","Test","Jamestown Canyon virus disease","precip_change"
"Jamestown Canyon virus disease","Protected area (land cover)",2,21,2,0,4,"Test",0,"Omit","Test","Test","Jamestown Canyon virus disease","protected_areas"
"Jamestown Canyon virus disease","Proximity to hospitals or clinics",2,21,1,1,3,"Test",2,"Test","Test","Omit","Jamestown Canyon virus disease","health_travel_log"
"Jamestown Canyon virus disease","Socioeconomic vulnerability",3,21,0,1,3,"Test",0,"Omit","Test","Omit","Jamestown Canyon virus disease","social_vulnerability"
"Jamestown Canyon virus disease","Temperature change (increase)",3,22,0,0,3,"Test",2,"Test","Test","Test","Jamestown Canyon virus disease","tmean_change"
"Jamestown Canyon virus disease","Urban area (land cover)",2,21,2,0,4,"Test",0,"Omit","Test","Test","Jamestown Canyon virus disease","urban_cover"
"Jamestown Canyon virus disease","Urbanization (land conversion)",3,21,0,1,3,"Test",1,"Test","Test","Omit","Jamestown Canyon virus disease","urban_expansion"
"Jamestown Canyon virus disease","Wildlife hunting",1,21,0,3,1,"Omit",0,"Omit","Test","Omit","Jamestown Canyon virus disease","hunting"
"Jamestown Canyon virus disease","Wildlife trade and live animal markets",1,21,0,3,1,"Omit",0,"Omit","Test","Omit","Jamestown Canyon virus disease",""
"Japanese encephalitis","Biodiversity intactness",0,18,5,2,5,"Test",0,"Omit","Test","Omit","Japanese encephalitis","biodiv_intact"
"Japanese encephalitis","Cropland (land cover)",7,17,0,1,7,"Test",3,"Test","Test","Omit","Japanese encephalitis","crop_cover"
"Japanese encephalitis","Cropland expansion (land conversion)",6,18,0,1,6,"Test",0,"Omit","Test","Omit","Japanese encephalitis","crop_expansion"
"Japanese encephalitis","Deforestation (land conversion)",5,18,0,2,5,"Test",0,"Omit","Test","Omit","Japanese encephalitis","forest_loss"
"Japanese encephalitis","Forest (land cover)",0,18,5,2,5,"Test",0,"Omit","Test","Omit","Japanese encephalitis","forest_cover"
"Japanese encephalitis","Invasive species",2,19,0,4,2,"Omit",0,"Omit","Test","Omit","Japanese encephalitis",""
"Japanese encephalitis","Landscape fragmentation",6,18,0,1,6,"Test",0,"Omit","Test","Omit","Japanese encephalitis","evi_dissimilarity"
"Japanese encephalitis","Livestock density",7,17,0,1,7,"Test",3,"Test","Test","Omit","Japanese encephalitis","livestock_log"
"Japanese encephalitis","Mining (land cover)",1,17,0,7,1,"Omit",0,"Omit","Test","Omit","Japanese encephalitis","mining"
"Japanese encephalitis","Precipitation change (increase)",8,17,0,0,8,"Test",5,"Test","Test","Test","Japanese encephalitis","precip_change"
"Japanese encephalitis","Protected area (land cover)",2,19,3,1,5,"Test",0,"Omit","Test","Omit","Japanese encephalitis","protected_areas"
"Japanese encephalitis","Proximity to hospitals or clinics",5,18,1,1,6,"Test",2,"Test","Test","Omit","Japanese encephalitis","health_travel_log"
"Japanese encephalitis","Socioeconomic vulnerability",7,18,0,0,7,"Test",1,"Test","Test","Test","Japanese encephalitis","social_vulnerability"
"Japanese encephalitis","Temperature change (increase)",7,18,0,0,7,"Test",4,"Test","Test","Test","Japanese encephalitis","tmean_change"
"Japanese encephalitis","Urban area (land cover)",6,17,1,1,7,"Test",1,"Test","Test","Omit","Japanese encephalitis","urban_cover"
"Japanese encephalitis","Urbanization (land conversion)",5,17,1,2,6,"Test",2,"Test","Test","Omit","Japanese encephalitis","urban_expansion"
"Japanese encephalitis","Wildlife hunting",1,17,0,7,1,"Omit",0,"Omit","Test","Omit","Japanese encephalitis","hunting"
"Japanese encephalitis","Wildlife trade and live animal markets",2,17,0,6,2,"Omit",0,"Omit","Test","Omit","Japanese encephalitis",""
"LaCrosse encephalitis","Biodiversity intactness",1,21,2,1,3,"Test",0,"Omit","Test","Omit","LaCrosse encephalitis","biodiv_intact"
"LaCrosse encephalitis","Cropland (land cover)",2,21,1,1,3,"Test",0,"Omit","Test","Omit","LaCrosse encephalitis","crop_cover"
"LaCrosse encephalitis","Cropland expansion (land conversion)",3,21,1,0,4,"Test",0,"Omit","Test","Test","LaCrosse encephalitis","crop_expansion"
"LaCrosse encephalitis","Deforestation (land conversion)",3,21,1,0,4,"Test",1,"Test","Test","Test","LaCrosse encephalitis","forest_loss"
"LaCrosse encephalitis","Forest (land cover)",2,21,2,0,4,"Test",1,"Test","Test","Test","LaCrosse encephalitis","forest_cover"
"LaCrosse encephalitis","Invasive species",2,21,0,2,2,"Test",0,"Omit","Test","Omit","LaCrosse encephalitis",""
"LaCrosse encephalitis","Landscape fragmentation",4,21,0,0,4,"Test",2,"Test","Test","Test","LaCrosse encephalitis","evi_dissimilarity"
"LaCrosse encephalitis","Livestock density",2,21,0,2,2,"Test",0,"Omit","Test","Omit","LaCrosse encephalitis","livestock_log"
"LaCrosse encephalitis","Mining (land cover)",1,21,0,3,1,"Omit",0,"Omit","Test","Omit","LaCrosse encephalitis","mining"
"LaCrosse encephalitis","Precipitation change (increase)",4,21,0,0,4,"Test",2,"Test","Test","Test","LaCrosse encephalitis","precip_change"
"LaCrosse encephalitis","Protected area (land cover)",2,21,2,0,4,"Test",0,"Omit","Test","Test","LaCrosse encephalitis","protected_areas"
"LaCrosse encephalitis","Proximity to hospitals or clinics",2,21,1,1,3,"Test",2,"Test","Test","Omit","LaCrosse encephalitis","health_travel_log"
"LaCrosse encephalitis","Socioeconomic vulnerability",3,21,0,1,3,"Test",0,"Omit","Test","Omit","LaCrosse encephalitis","social_vulnerability"
"LaCrosse encephalitis","Temperature change (increase)",3,22,0,0,3,"Test",1,"Test","Test","Test","LaCrosse encephalitis","tmean_change"
"LaCrosse encephalitis","Urban area (land cover)",1,21,3,0,4,"Test",0,"Omit","Test","Test","LaCrosse encephalitis","urban_cover"
"LaCrosse encephalitis","Urbanization (land conversion)",2,21,1,1,3,"Test",1,"Test","Test","Omit","LaCrosse encephalitis","urban_expansion"
"LaCrosse encephalitis","Wildlife hunting",1,21,0,3,1,"Omit",0,"Omit","Test","Omit","LaCrosse encephalitis","hunting"
"LaCrosse encephalitis","Wildlife trade and live animal markets",1,21,0,3,1,"Omit",0,"Omit","Test","Omit","LaCrosse encephalitis",""
"Lassa fever","Biodiversity intactness",2,12,9,2,11,"Test",0,"Omit","Test","Omit","Lassa fever","biodiv_intact"
"Lassa fever","Cropland (land cover)",13,12,0,0,13,"Test",3,"Test","Test","Test","Lassa fever","crop_cover"
"Lassa fever","Cropland expansion (land conversion)",12,12,1,0,13,"Test",2,"Test","Test","Test","Lassa fever","crop_expansion"
"Lassa fever","Deforestation (land conversion)",9,12,1,3,10,"Test",2,"Test","Test","Omit","Lassa fever","forest_loss"
"Lassa fever","Forest (land cover)",2,12,9,2,11,"Test",0,"Omit","Test","Omit","Lassa fever","forest_cover"
"Lassa fever","Invasive species",2,13,4,6,6,"Test",1,"Test","Test","Omit","Lassa fever",""
"Lassa fever","Landscape fragmentation",11,12,0,2,11,"Test",1,"Test","Test","Omit","Lassa fever","evi_dissimilarity"
"Lassa fever","Livestock density",5,14,0,6,5,"Omit",0,"Omit","Test","Omit","Lassa fever","livestock_log"
"Lassa fever","Mining (land cover)",3,14,0,8,3,"Omit",0,"Omit","Test","Omit","Lassa fever","mining"
"Lassa fever","Precipitation change (increase)",10,13,0,2,10,"Test",4,"Test","Test","Omit","Lassa fever","precip_change"
"Lassa fever","Protected area (land cover)",0,12,11,2,11,"Test",0,"Omit","Test","Omit","Lassa fever","protected_areas"
"Lassa fever","Proximity to hospitals or clinics",10,13,1,1,11,"Test",6,"Test","Test","Omit","Lassa fever","health_travel_log"
"Lassa fever","Socioeconomic vulnerability",13,12,0,0,13,"Test",6,"Test","Test","Test","Lassa fever","social_vulnerability"
"Lassa fever","Temperature change (increase)",5,14,2,4,7,"Test",0,"Omit","Test","Omit","Lassa fever","tmean_change"
"Lassa fever","Urban area (land cover)",5,13,6,1,11,"Test",1,"Test","Test","Omit","Lassa fever","urban_cover"
"Lassa fever","Urbanization (land conversion)",9,13,3,0,12,"Test",1,"Test","Test","Test","Lassa fever","urban_expansion"
"Lassa fever","Wildlife hunting",7,13,0,5,7,"Test",0,"Omit","Test","Omit","Lassa fever","hunting"
"Lassa fever","Wildlife trade and live animal markets",4,14,0,7,4,"Omit",0,"Omit","Test","Omit","Lassa fever",""
"Leptospirosis","Biodiversity intactness",0,16,6,3,6,"Test",1,"Test","Test","Omit","Leptospirosis","biodiv_intact"
"Leptospirosis","Cropland (land cover)",9,15,0,1,9,"Test",2,"Test","Test","Omit","Leptospirosis","crop_cover"
"Leptospirosis","Cropland expansion (land conversion)",10,15,0,0,10,"Test",1,"Test","Test","Test","Leptospirosis","crop_expansion"
"Leptospirosis","Deforestation (land conversion)",8,15,1,1,9,"Test",1,"Test","Test","Omit","Leptospirosis","forest_loss"
"Leptospirosis","Forest (land cover)",2,15,8,0,10,"Test",1,"Test","Test","Test","Leptospirosis","forest_cover"
"Leptospirosis","Invasive species",6,15,1,3,7,"Test",0,"Omit","Test","Omit","Leptospirosis",""
"Leptospirosis","Landscape fragmentation",9,15,0,1,9,"Test",0,"Omit","Test","Omit","Leptospirosis","evi_dissimilarity"
"Leptospirosis","Livestock density",9,15,0,1,9,"Test",3,"Test","Test","Omit","Leptospirosis","livestock_log"
"Leptospirosis","Mining (land cover)",7,16,1,1,8,"Test",0,"Omit","Test","Omit","Leptospirosis","mining"
"Leptospirosis","Precipitation change (increase)",9,15,1,0,10,"Test",6,"Test","Test","Test","Leptospirosis","precip_change"
"Leptospirosis","Protected area (land cover)",1,15,7,2,8,"Test",0,"Omit","Test","Omit","Leptospirosis","protected_areas"
"Leptospirosis","Proximity to hospitals or clinics",7,16,1,1,8,"Test",0,"Omit","Test","Omit","Leptospirosis","health_travel_log"
"Leptospirosis","Socioeconomic vulnerability",10,15,0,0,10,"Test",6,"Test","Test","Test","Leptospirosis","social_vulnerability"
"Leptospirosis","Temperature change (increase)",6,16,2,1,8,"Test",3,"Test","Test","Omit","Leptospirosis","tmean_change"
"Leptospirosis","Urban area (land cover)",8,15,1,1,9,"Test",3,"Test","Test","Omit","Leptospirosis","urban_cover"
"Leptospirosis","Urbanization (land conversion)",10,15,0,0,10,"Test",4,"Test","Test","Test","Leptospirosis","urban_expansion"
"Leptospirosis","Wildlife hunting",3,16,0,6,3,"Omit",0,"Omit","Test","Omit","Leptospirosis","hunting"
"Leptospirosis","Wildlife trade and live animal markets",4,15,0,6,4,"Omit",0,"Omit","Test","Omit","Leptospirosis",""
"Lyme disease","Biodiversity intactness",0,12,13,0,13,"Test",5,"Test","Test","Test","Lyme disease","biodiv_intact"
"Lyme disease","Cropland (land cover)",10,13,1,1,11,"Test",0,"Omit","Test","Omit","Lyme disease","crop_cover"
"Lyme disease","Cropland expansion (land conversion)",10,13,1,1,11,"Test",3,"Test","Test","Omit","Lyme disease","crop_expansion"
"Lyme disease","Deforestation (land conversion)",12,13,0,0,12,"Test",5,"Test","Test","Test","Lyme disease","forest_loss"
"Lyme disease","Forest (land cover)",7,13,5,0,12,"Test",3,"Test","Test","Test","Lyme disease","forest_cover"
"Lyme disease","Invasive species",4,14,1,6,5,"Omit",0,"Omit","Test","Omit","Lyme disease",""
"Lyme disease","Landscape fragmentation",12,13,0,0,12,"Test",8,"Test","Test","Test","Lyme disease","evi_dissimilarity"
"Lyme disease","Livestock density",5,13,0,7,5,"Omit",1,"Test","Test","Omit","Lyme disease","livestock_log"
"Lyme disease","Mining (land cover)",1,17,0,7,1,"Omit",0,"Omit","Test","Omit","Lyme disease","mining"
"Lyme disease","Precipitation change (increase)",9,13,0,3,9,"Test",1,"Test","Test","Omit","Lyme disease","precip_change"
"Lyme disease","Protected area (land cover)",4,13,8,0,12,"Test",0,"Omit","Test","Test","Lyme disease","protected_areas"
"Lyme disease","Proximity to hospitals or clinics",8,12,3,2,11,"Test",1,"Test","Test","Omit","Lyme disease","health_travel_log"
"Lyme disease","Socioeconomic vulnerability",6,14,3,2,9,"Test",1,"Test","Test","Omit","Lyme disease","social_vulnerability"
"Lyme disease","Temperature change (increase)",8,14,1,2,9,"Test",1,"Test","Test","Omit","Lyme disease","tmean_change"
"Lyme disease","Urban area (land cover)",2,13,8,2,10,"Test",0,"Omit","Test","Omit","Lyme disease","urban_cover"
"Lyme disease","Urbanization (land conversion)",8,14,2,1,10,"Test",1,"Test","Test","Omit","Lyme disease","urban_expansion"
"Lyme disease","Wildlife hunting",6,14,0,5,6,"Test",0,"Omit","Test","Omit","Lyme disease","hunting"
"Lyme disease","Wildlife trade and live animal markets",2,14,0,9,2,"Omit",0,"Omit","Test","Omit","Lyme disease",""
"Marburg fever","Biodiversity intactness",2,15,5,3,7,"Test",0,"Omit","Test","Omit","Marburg virus disease","biodiv_intact"
"Marburg fever","Cropland (land cover)",6,16,2,1,8,"Test",0,"Omit","Test","Omit","Marburg virus disease","crop_cover"
"Marburg fever","Cropland expansion (land conversion)",6,16,2,1,8,"Test",2,"Test","Test","Omit","Marburg virus disease","crop_expansion"
"Marburg fever","Deforestation (land conversion)",8,14,1,2,9,"Test",2,"Test","Test","Omit","Marburg virus disease","forest_loss"
"Marburg fever","Forest (land cover)",5,15,5,0,10,"Test",0,"Omit","Test","Test","Marburg virus disease","forest_cover"
"Marburg fever","Invasive species",2,15,1,7,3,"Omit",0,"Omit","Test","Omit","Marburg virus disease",""
"Marburg fever","Landscape fragmentation",8,16,0,1,8,"Test",3,"Test","Test","Omit","Marburg virus disease","evi_dissimilarity"
"Marburg fever","Livestock density",1,19,1,4,2,"Omit",1,"Test","Test","Omit","Marburg virus disease","livestock_log"
"Marburg fever","Mining (land cover)",8,16,0,1,8,"Test",2,"Test","Test","Omit","Marburg virus disease","mining"
"Marburg fever","Precipitation change (increase)",2,17,3,3,5,"Test",0,"Omit","Test","Omit","Marburg virus disease","precip_change"
"Marburg fever","Protected area (land cover)",3,16,6,0,9,"Test",0,"Omit","Test","Test","Marburg virus disease","protected_areas"
"Marburg fever","Proximity to hospitals or clinics",8,15,1,1,9,"Test",5,"Test","Test","Omit","Marburg virus disease","health_travel_log"
"Marburg fever","Socioeconomic vulnerability",9,16,0,0,9,"Test",3,"Test","Test","Test","Marburg virus disease","social_vulnerability"
"Marburg fever","Temperature change (increase)",4,18,0,3,4,"Test",0,"Omit","Test","Omit","Marburg virus disease","tmean_change"
"Marburg fever","Urban area (land cover)",3,16,5,1,8,"Test",0,"Omit","Test","Omit","Marburg virus disease","urban_cover"
"Marburg fever","Urbanization (land conversion)",4,16,3,2,7,"Test",0,"Omit","Test","Omit","Marburg virus disease","urban_expansion"
"Marburg fever","Wildlife hunting",10,15,0,0,10,"Test",4,"Test","Test","Test","Marburg virus disease","hunting"
"Marburg fever","Wildlife trade and live animal markets",8,15,0,2,8,"Test",2,"Test","Test","Omit","Marburg virus disease",""
"Mayaro virus","Biodiversity intactness",2,19,3,1,5,"Test",0,"Omit","Test","Omit","Mayaro virus disease","biodiv_intact"
"Mayaro virus","Cropland (land cover)",3,19,1,2,4,"Test",0,"Omit","Test","Omit","Mayaro virus disease","crop_cover"
"Mayaro virus","Cropland expansion (land conversion)",3,20,0,2,3,"Test",1,"Test","Test","Omit","Mayaro virus disease","crop_expansion"
"Mayaro virus","Deforestation (land conversion)",5,19,0,1,5,"Test",2,"Test","Test","Omit","Mayaro virus disease","forest_loss"
"Mayaro virus","Forest (land cover)",4,19,1,1,5,"Test",1,"Test","Test","Omit","Mayaro virus disease","forest_cover"
"Mayaro virus","Invasive species",2,19,0,4,2,"Omit",0,"Omit","Test","Omit","Mayaro virus disease",""
"Mayaro virus","Landscape fragmentation",5,19,0,1,5,"Test",2,"Test","Test","Omit","Mayaro virus disease","evi_dissimilarity"
"Mayaro virus","Livestock density",2,19,0,4,2,"Omit",0,"Omit","Test","Omit","Mayaro virus disease","livestock_log"
"Mayaro virus","Mining (land cover)",3,19,0,3,3,"Test",1,"Test","Test","Omit","Mayaro virus disease","mining"
"Mayaro virus","Precipitation change (increase)",4,19,2,0,6,"Test",3,"Test","Test","Test","Mayaro virus disease","precip_change"
"Mayaro virus","Protected area (land cover)",2,19,3,1,5,"Test",0,"Omit","Test","Omit","Mayaro virus disease","protected_areas"
"Mayaro virus","Proximity to hospitals or clinics",3,19,2,1,5,"Test",1,"Test","Test","Omit","Mayaro virus disease","health_travel_log"
"Mayaro virus","Socioeconomic vulnerability",6,19,0,0,6,"Test",1,"Test","Test","Test","Mayaro virus disease","social_vulnerability"
"Mayaro virus","Temperature change (increase)",5,20,0,0,5,"Test",3,"Test","Test","Test","Mayaro virus disease","tmean_change"
"Mayaro virus","Urban area (land cover)",4,19,2,0,6,"Test",2,"Test","Test","Test","Mayaro virus disease","urban_cover"
"Mayaro virus","Urbanization (land conversion)",5,19,0,1,5,"Test",1,"Test","Test","Omit","Mayaro virus disease","urban_expansion"
"Mayaro virus","Wildlife hunting",2,20,0,3,2,"Omit",0,"Omit","Test","Omit","Mayaro virus disease","hunting"
"Mayaro virus","Wildlife trade and live animal markets",1,19,0,5,1,"Omit",0,"Omit","Test","Omit","Mayaro virus disease",""
"Melioidosis","Biodiversity intactness",1,20,1,2,2,"Test",0,"Omit","Test","Omit","Melioidosis","biodiv_intact"
"Melioidosis","Cropland (land cover)",2,20,0,2,2,"Test",2,"Test","Test","Omit","Melioidosis","crop_cover"
"Melioidosis","Cropland expansion (land conversion)",3,20,0,1,3,"Test",0,"Omit","Test","Omit","Melioidosis","crop_expansion"
"Melioidosis","Deforestation (land conversion)",3,20,0,1,3,"Test",1,"Test","Test","Omit","Melioidosis","forest_loss"
"Melioidosis","Forest (land cover)",0,20,2,2,2,"Test",0,"Omit","Test","Omit","Melioidosis","forest_cover"
"Melioidosis","Invasive species",0,20,0,4,0,"Omit",0,"Omit","Omit","Omit","Melioidosis",""
"Melioidosis","Landscape fragmentation",3,20,0,1,3,"Test",1,"Test","Test","Omit","Melioidosis","evi_dissimilarity"
"Melioidosis","Livestock density",3,20,0,1,3,"Test",0,"Omit","Test","Omit","Melioidosis","livestock_log"
"Melioidosis","Mining (land cover)",0,20,0,4,0,"Omit",0,"Omit","Omit","Omit","Melioidosis","mining"
"Melioidosis","Precipitation change (increase)",4,20,0,0,4,"Test",2,"Test","Test","Test","Melioidosis","precip_change"
"Melioidosis","Protected area (land cover)",0,20,1,3,1,"Omit",0,"Omit","Test","Omit","Melioidosis","protected_areas"
"Melioidosis","Proximity to hospitals or clinics",2,20,0,2,2,"Test",0,"Omit","Test","Omit","Melioidosis","health_travel_log"
"Melioidosis","Socioeconomic vulnerability",4,20,0,0,4,"Test",1,"Test","Test","Test","Melioidosis","social_vulnerability"
"Melioidosis","Temperature change (increase)",4,20,0,0,4,"Test",1,"Test","Test","Test","Melioidosis","tmean_change"
"Melioidosis","Urban area (land cover)",1,20,2,1,3,"Test",0,"Omit","Test","Omit","Melioidosis","urban_cover"
"Melioidosis","Urbanization (land conversion)",0,20,2,2,2,"Test",1,"Test","Test","Omit","Melioidosis","urban_expansion"
"Melioidosis","Wildlife hunting",0,20,0,4,0,"Omit",0,"Omit","Omit","Omit","Melioidosis","hunting"
"Melioidosis","Wildlife trade and live animal markets",2,20,0,2,2,"Test",0,"Omit","Test","Omit","Melioidosis",""
"Middle East respiratory syndrome","Biodiversity intactness",0,16,4,5,4,"Omit",0,"Omit","Test","Omit","Middle East respiratory syndrome (MERS)","biodiv_intact"
"Middle East respiratory syndrome","Cropland (land cover)",2,17,2,4,4,"Test",0,"Omit","Test","Omit","Middle East respiratory syndrome (MERS)","crop_cover"
"Middle East respiratory syndrome","Cropland expansion (land conversion)",4,16,2,3,6,"Test",1,"Test","Test","Omit","Middle East respiratory syndrome (MERS)","crop_expansion"
"Middle East respiratory syndrome","Deforestation (land conversion)",3,16,1,5,4,"Omit",1,"Test","Test","Omit","Middle East respiratory syndrome (MERS)","forest_loss"
"Middle East respiratory syndrome","Forest (land cover)",0,15,5,5,5,"Test",1,"Test","Test","Omit","Middle East respiratory syndrome (MERS)","forest_cover"
"Middle East respiratory syndrome","Invasive species",4,16,0,5,4,"Omit",2,"Test","Test","Omit","Middle East respiratory syndrome (MERS)",""
"Middle East respiratory syndrome","Landscape fragmentation",4,15,0,6,4,"Omit",2,"Test","Test","Omit","Middle East respiratory syndrome (MERS)","evi_dissimilarity"
"Middle East respiratory syndrome","Livestock density",10,15,0,0,10,"Test",9,"Test","Test","Test","Middle East respiratory syndrome (MERS)","livestock_log"
"Middle East respiratory syndrome","Mining (land cover)",2,15,0,8,2,"Omit",0,"Omit","Test","Omit","Middle East respiratory syndrome (MERS)","mining"
"Middle East respiratory syndrome","Precipitation change (increase)",3,17,1,4,4,"Test",0,"Omit","Test","Omit","Middle East respiratory syndrome (MERS)","precip_change"
"Middle East respiratory syndrome","Protected area (land cover)",0,16,3,6,3,"Omit",0,"Omit","Test","Omit","Middle East respiratory syndrome (MERS)","protected_areas"
"Middle East respiratory syndrome","Proximity to hospitals or clinics",9,15,1,0,10,"Test",5,"Test","Test","Test","Middle East respiratory syndrome (MERS)","health_travel_log"
"Middle East respiratory syndrome","Socioeconomic vulnerability",9,15,1,0,10,"Test",4,"Test","Test","Test","Middle East respiratory syndrome (MERS)","social_vulnerability"
"Middle East respiratory syndrome","Temperature change (increase)",4,17,0,4,4,"Test",0,"Omit","Test","Omit","Middle East respiratory syndrome (MERS)","tmean_change"
"Middle East respiratory syndrome","Urban area (land cover)",5,15,3,2,8,"Test",0,"Omit","Test","Omit","Middle East respiratory syndrome (MERS)","urban_cover"
"Middle East respiratory syndrome","Urbanization (land conversion)",3,15,2,5,5,"Test",2,"Test","Test","Omit","Middle East respiratory syndrome (MERS)","urban_expansion"
"Middle East respiratory syndrome","Wildlife hunting",1,16,0,8,1,"Omit",0,"Omit","Test","Omit","Middle East respiratory syndrome (MERS)","hunting"
"Middle East respiratory syndrome","Wildlife trade and live animal markets",5,15,0,5,5,"Test",0,"Omit","Test","Omit","Middle East respiratory syndrome (MERS)",""
"Monkeypox (mpox)","Biodiversity intactness",2,16,5,2,7,"Test",0,"Omit","Test","Omit",NA,"biodiv_intact"
"Monkeypox (mpox)","Cropland (land cover)",6,16,2,1,8,"Test",0,"Omit","Test","Omit",NA,"crop_cover"
"Monkeypox (mpox)","Cropland expansion (land conversion)",6,16,2,1,8,"Test",0,"Omit","Test","Omit",NA,"crop_expansion"
"Monkeypox (mpox)","Deforestation (land conversion)",9,16,0,0,9,"Test",3,"Test","Test","Test",NA,"forest_loss"
"Monkeypox (mpox)","Forest (land cover)",5,16,4,0,9,"Test",2,"Test","Test","Test",NA,"forest_cover"
"Monkeypox (mpox)","Invasive species",4,17,0,4,4,"Test",0,"Omit","Test","Omit",NA,""
"Monkeypox (mpox)","Landscape fragmentation",8,17,0,0,8,"Test",2,"Test","Test","Test",NA,"evi_dissimilarity"
"Monkeypox (mpox)","Livestock density",2,18,2,3,4,"Test",0,"Omit","Test","Omit",NA,"livestock_log"
"Monkeypox (mpox)","Mining (land cover)",4,17,0,4,4,"Test",0,"Omit","Test","Omit",NA,"mining"
"Monkeypox (mpox)","Precipitation change (increase)",6,17,1,1,7,"Test",0,"Omit","Test","Omit",NA,"precip_change"
"Monkeypox (mpox)","Protected area (land cover)",2,16,6,1,8,"Test",0,"Omit","Test","Omit",NA,"protected_areas"
"Monkeypox (mpox)","Proximity to hospitals or clinics",7,16,0,2,7,"Test",1,"Test","Test","Omit",NA,"health_travel_log"
"Monkeypox (mpox)","Socioeconomic vulnerability",9,16,0,0,9,"Test",2,"Test","Test","Test",NA,"social_vulnerability"
"Monkeypox (mpox)","Temperature change (increase)",4,18,0,3,4,"Test",2,"Test","Test","Omit",NA,"tmean_change"
"Monkeypox (mpox)","Urban area (land cover)",4,16,4,1,8,"Test",1,"Test","Test","Omit",NA,"urban_cover"
"Monkeypox (mpox)","Urbanization (land conversion)",6,16,2,1,8,"Test",3,"Test","Test","Omit",NA,"urban_expansion"
"Monkeypox (mpox)","Wildlife hunting",8,17,0,0,8,"Test",2,"Test","Test","Test",NA,"hunting"
"Monkeypox (mpox)","Wildlife trade and live animal markets",9,16,0,0,9,"Test",2,"Test","Test","Test",NA,""
"Nipah virus","Biodiversity intactness",1,14,8,2,9,"Test",0,"Omit","Test","Omit","Nipah virus disease","biodiv_intact"
"Nipah virus","Cropland (land cover)",11,14,0,0,11,"Test",1,"Test","Test","Test","Nipah virus disease","crop_cover"
"Nipah virus","Cropland expansion (land conversion)",11,14,0,0,11,"Test",3,"Test","Test","Test","Nipah virus disease","crop_expansion"
"Nipah virus","Deforestation (land conversion)",11,14,0,0,11,"Test",4,"Test","Test","Test","Nipah virus disease","forest_loss"
"Nipah virus","Forest (land cover)",4,14,7,0,11,"Test",0,"Omit","Test","Test","Nipah virus disease","forest_cover"
"Nipah virus","Invasive species",0,17,0,8,0,"Omit",0,"Omit","Omit","Omit","Nipah virus disease",""
"Nipah virus","Landscape fragmentation",11,14,0,0,11,"Test",6,"Test","Test","Test","Nipah virus disease","evi_dissimilarity"
"Nipah virus","Livestock density",8,14,1,2,9,"Test",5,"Test","Test","Omit","Nipah virus disease","livestock_log"
"Nipah virus","Mining (land cover)",2,16,0,7,2,"Omit",0,"Omit","Test","Omit","Nipah virus disease","mining"
"Nipah virus","Precipitation change (increase)",5,14,4,2,9,"Test",0,"Omit","Test","Omit","Nipah virus disease","precip_change"
"Nipah virus","Protected area (land cover)",1,14,8,2,9,"Test",1,"Test","Test","Omit","Nipah virus disease","protected_areas"
"Nipah virus","Proximity to hospitals or clinics",7,14,1,3,8,"Test",4,"Test","Test","Omit","Nipah virus disease","health_travel_log"
"Nipah virus","Socioeconomic vulnerability",11,14,0,0,11,"Test",2,"Test","Test","Test","Nipah virus disease","social_vulnerability"
"Nipah virus","Temperature change (increase)",6,15,1,3,7,"Test",0,"Omit","Test","Omit","Nipah virus disease","tmean_change"
"Nipah virus","Urban area (land cover)",3,14,7,1,10,"Test",0,"Omit","Test","Omit","Nipah virus disease","urban_cover"
"Nipah virus","Urbanization (land conversion)",7,15,2,1,9,"Test",0,"Omit","Test","Omit","Nipah virus disease","urban_expansion"
"Nipah virus","Wildlife hunting",5,15,0,5,5,"Test",0,"Omit","Test","Omit","Nipah virus disease","hunting"
"Nipah virus","Wildlife trade and live animal markets",3,16,0,6,3,"Omit",0,"Omit","Test","Omit","Nipah virus disease",""
"Oropouche fever","Biodiversity intactness",3,20,1,1,4,"Test",0,"Omit","Test","Omit","Oropouche fever","biodiv_intact"
"Oropouche fever","Cropland (land cover)",2,20,1,2,3,"Test",0,"Omit","Test","Omit","Oropouche fever","crop_cover"
"Oropouche fever","Cropland expansion (land conversion)",3,20,0,2,3,"Test",1,"Test","Test","Omit","Oropouche fever","crop_expansion"
"Oropouche fever","Deforestation (land conversion)",4,20,0,1,4,"Test",1,"Test","Test","Omit","Oropouche fever","forest_loss"
"Oropouche fever","Forest (land cover)",3,20,1,1,4,"Test",2,"Test","Test","Omit","Oropouche fever","forest_cover"
"Oropouche fever","Invasive species",1,21,1,2,2,"Test",0,"Omit","Test","Omit","Oropouche fever",""
"Oropouche fever","Landscape fragmentation",4,20,0,1,4,"Test",3,"Test","Test","Omit","Oropouche fever","evi_dissimilarity"
"Oropouche fever","Livestock density",3,20,0,2,3,"Test",0,"Omit","Test","Omit","Oropouche fever","livestock_log"
"Oropouche fever","Mining (land cover)",2,21,0,2,2,"Test",1,"Test","Test","Omit","Oropouche fever","mining"
"Oropouche fever","Precipitation change (increase)",5,20,0,0,5,"Test",2,"Test","Test","Test","Oropouche fever","precip_change"
"Oropouche fever","Protected area (land cover)",1,20,1,3,2,"Omit",0,"Omit","Test","Omit","Oropouche fever","protected_areas"
"Oropouche fever","Proximity to hospitals or clinics",3,20,1,1,4,"Test",1,"Test","Test","Omit","Oropouche fever","health_travel_log"
"Oropouche fever","Socioeconomic vulnerability",5,20,0,0,5,"Test",1,"Test","Test","Test","Oropouche fever","social_vulnerability"
"Oropouche fever","Temperature change (increase)",5,20,0,0,5,"Test",2,"Test","Test","Test","Oropouche fever","tmean_change"
"Oropouche fever","Urban area (land cover)",4,20,1,0,5,"Test",1,"Test","Test","Test","Oropouche fever","urban_cover"
"Oropouche fever","Urbanization (land conversion)",4,20,1,0,5,"Test",0,"Omit","Test","Test","Oropouche fever","urban_expansion"
"Oropouche fever","Wildlife hunting",2,21,0,2,2,"Test",0,"Omit","Test","Omit","Oropouche fever","hunting"
"Oropouche fever","Wildlife trade and live animal markets",0,20,0,5,0,"Omit",0,"Omit","Omit","Omit","Oropouche fever",""
"Plague","Biodiversity intactness",3,16,6,0,9,"Test",0,"Omit","Test","Test","Plague","biodiv_intact"
"Plague","Cropland (land cover)",6,16,1,2,7,"Test",1,"Test","Test","Omit","Plague","crop_cover"
"Plague","Cropland expansion (land conversion)",5,17,0,3,5,"Test",3,"Test","Test","Omit","Plague","crop_expansion"
"Plague","Deforestation (land conversion)",5,17,0,3,5,"Test",0,"Omit","Test","Omit","Plague","forest_loss"
"Plague","Forest (land cover)",1,16,6,2,7,"Test",1,"Test","Test","Omit","Plague","forest_cover"
"Plague","Invasive species",7,16,0,2,7,"Test",1,"Test","Test","Omit","Plague",""
"Plague","Landscape fragmentation",9,16,0,0,9,"Test",2,"Test","Test","Test","Plague","evi_dissimilarity"
"Plague","Livestock density",4,17,1,3,5,"Test",0,"Omit","Test","Omit","Plague","livestock_log"
"Plague","Mining (land cover)",2,17,0,6,2,"Omit",0,"Omit","Test","Omit","Plague","mining"
"Plague","Precipitation change (increase)",6,16,2,1,8,"Test",5,"Test","Test","Omit","Plague","precip_change"
"Plague","Protected area (land cover)",1,16,6,2,7,"Test",0,"Omit","Test","Omit","Plague","protected_areas"
"Plague","Proximity to hospitals or clinics",6,16,0,3,6,"Test",1,"Test","Test","Omit","Plague","health_travel_log"
"Plague","Socioeconomic vulnerability",10,15,0,0,10,"Test",7,"Test","Test","Test","Plague","social_vulnerability"
"Plague","Temperature change (increase)",8,16,0,1,8,"Test",4,"Test","Test","Omit","Plague","tmean_change"
"Plague","Urban area (land cover)",2,17,6,0,8,"Test",2,"Test","Test","Test","Plague","urban_cover"
"Plague","Urbanization (land conversion)",5,18,1,1,6,"Test",0,"Omit","Test","Omit","Plague","urban_expansion"
"Plague","Wildlife hunting",5,16,0,4,5,"Test",0,"Omit","Test","Omit","Plague","hunting"
"Plague","Wildlife trade and live animal markets",4,16,0,5,4,"Omit",0,"Omit","Test","Omit","Plague",""
"Plasmodium knowlesi zoonotic malaria","Biodiversity intactness",3,15,7,0,10,"Test",0,"Omit","Test","Test","Plasmodium knowlesi malaria","biodiv_intact"
"Plasmodium knowlesi zoonotic malaria","Cropland (land cover)",4,15,4,2,8,"Test",1,"Test","Test","Omit","Plasmodium knowlesi malaria","crop_cover"
"Plasmodium knowlesi zoonotic malaria","Cropland expansion (land conversion)",7,15,2,1,9,"Test",3,"Test","Test","Omit","Plasmodium knowlesi malaria","crop_expansion"
"Plasmodium knowlesi zoonotic malaria","Deforestation (land conversion)",9,15,1,0,10,"Test",7,"Test","Test","Test","Plasmodium knowlesi malaria","forest_loss"
"Plasmodium knowlesi zoonotic malaria","Forest (land cover)",8,15,2,0,10,"Test",4,"Test","Test","Test","Plasmodium knowlesi malaria","forest_cover"
"Plasmodium knowlesi zoonotic malaria","Invasive species",2,16,0,7,2,"Omit",0,"Omit","Test","Omit","Plasmodium knowlesi malaria",""
"Plasmodium knowlesi zoonotic malaria","Landscape fragmentation",10,15,0,0,10,"Test",2,"Test","Test","Test","Plasmodium knowlesi malaria","evi_dissimilarity"
"Plasmodium knowlesi zoonotic malaria","Livestock density",2,16,0,7,2,"Omit",0,"Omit","Test","Omit","Plasmodium knowlesi malaria","livestock_log"
"Plasmodium knowlesi zoonotic malaria","Mining (land cover)",5,15,0,5,5,"Test",0,"Omit","Test","Omit","Plasmodium knowlesi malaria","mining"
"Plasmodium knowlesi zoonotic malaria","Precipitation change (increase)",8,15,1,1,9,"Test",3,"Test","Test","Omit","Plasmodium knowlesi malaria","precip_change"
"Plasmodium knowlesi zoonotic malaria","Protected area (land cover)",4,16,3,2,7,"Test",0,"Omit","Test","Omit","Plasmodium knowlesi malaria","protected_areas"
"Plasmodium knowlesi zoonotic malaria","Proximity to hospitals or clinics",7,15,1,2,8,"Test",4,"Test","Test","Omit","Plasmodium knowlesi malaria","health_travel_log"
"Plasmodium knowlesi zoonotic malaria","Socioeconomic vulnerability",10,15,0,0,10,"Test",2,"Test","Test","Test","Plasmodium knowlesi malaria","social_vulnerability"
"Plasmodium knowlesi zoonotic malaria","Temperature change (increase)",9,15,0,1,9,"Test",2,"Test","Test","Omit","Plasmodium knowlesi malaria","tmean_change"
"Plasmodium knowlesi zoonotic malaria","Urban area (land cover)",2,15,5,3,7,"Test",0,"Omit","Test","Omit","Plasmodium knowlesi malaria","urban_cover"
"Plasmodium knowlesi zoonotic malaria","Urbanization (land conversion)",4,15,3,3,7,"Test",1,"Test","Test","Omit","Plasmodium knowlesi malaria","urban_expansion"
"Plasmodium knowlesi zoonotic malaria","Wildlife hunting",4,15,0,6,4,"Omit",0,"Omit","Test","Omit","Plasmodium knowlesi malaria","hunting"
"Plasmodium knowlesi zoonotic malaria","Wildlife trade and live animal markets",2,15,0,8,2,"Omit",0,"Omit","Test","Omit","Plasmodium knowlesi malaria",""
"Powassan encephalitis","Biodiversity intactness",2,20,3,0,5,"Test",2,"Test","Test","Test","Powassan virus disease","biodiv_intact"
"Powassan encephalitis","Cropland (land cover)",4,20,1,0,5,"Test",0,"Omit","Test","Test","Powassan virus disease","crop_cover"
"Powassan encephalitis","Cropland expansion (land conversion)",4,20,1,0,5,"Test",0,"Omit","Test","Test","Powassan virus disease","crop_expansion"
"Powassan encephalitis","Deforestation (land conversion)",4,20,1,0,5,"Test",1,"Test","Test","Test","Powassan virus disease","forest_loss"
"Powassan encephalitis","Forest (land cover)",3,20,2,0,5,"Test",2,"Test","Test","Test","Powassan virus disease","forest_cover"
"Powassan encephalitis","Invasive species",3,21,0,1,3,"Test",0,"Omit","Test","Omit","Powassan virus disease",""
"Powassan encephalitis","Landscape fragmentation",5,20,0,0,5,"Test",3,"Test","Test","Test","Powassan virus disease","evi_dissimilarity"
"Powassan encephalitis","Livestock density",1,20,0,4,1,"Omit",0,"Omit","Test","Omit","Powassan virus disease","livestock_log"
"Powassan encephalitis","Mining (land cover)",1,20,0,4,1,"Omit",0,"Omit","Test","Omit","Powassan virus disease","mining"
"Powassan encephalitis","Precipitation change (increase)",5,20,0,0,5,"Test",1,"Test","Test","Test","Powassan virus disease","precip_change"
"Powassan encephalitis","Protected area (land cover)",3,20,2,0,5,"Test",0,"Omit","Test","Test","Powassan virus disease","protected_areas"
"Powassan encephalitis","Proximity to hospitals or clinics",2,20,2,1,4,"Test",0,"Omit","Test","Omit","Powassan virus disease","health_travel_log"
"Powassan encephalitis","Socioeconomic vulnerability",2,20,0,3,2,"Omit",1,"Test","Test","Omit","Powassan virus disease","social_vulnerability"
"Powassan encephalitis","Temperature change (increase)",4,20,1,0,5,"Test",1,"Test","Test","Test","Powassan virus disease","tmean_change"
"Powassan encephalitis","Urban area (land cover)",1,20,4,0,5,"Test",0,"Omit","Test","Test","Powassan virus disease","urban_cover"
"Powassan encephalitis","Urbanization (land conversion)",2,20,1,2,3,"Test",1,"Test","Test","Omit","Powassan virus disease","urban_expansion"
"Powassan encephalitis","Wildlife hunting",1,20,0,4,1,"Omit",0,"Omit","Test","Omit","Powassan virus disease","hunting"
"Powassan encephalitis","Wildlife trade and live animal markets",1,20,0,4,1,"Omit",0,"Omit","Test","Omit","Powassan virus disease",""
"Rift Valley fever","Biodiversity intactness",1,17,3,4,4,"Test",0,"Omit","Test","Omit","Rift Valley Fever","biodiv_intact"
"Rift Valley fever","Cropland (land cover)",6,16,0,3,6,"Test",0,"Omit","Test","Omit","Rift Valley Fever","crop_cover"
"Rift Valley fever","Cropland expansion (land conversion)",5,17,0,3,5,"Test",2,"Test","Test","Omit","Rift Valley Fever","crop_expansion"
"Rift Valley fever","Deforestation (land conversion)",4,17,1,3,5,"Test",0,"Omit","Test","Omit","Rift Valley Fever","forest_loss"
"Rift Valley fever","Forest (land cover)",1,17,5,2,6,"Test",0,"Omit","Test","Omit","Rift Valley Fever","forest_cover"
"Rift Valley fever","Invasive species",1,17,0,7,1,"Omit",0,"Omit","Test","Omit","Rift Valley Fever",""
"Rift Valley fever","Landscape fragmentation",4,18,0,3,4,"Test",0,"Omit","Test","Omit","Rift Valley Fever","evi_dissimilarity"
"Rift Valley fever","Livestock density",9,16,0,0,9,"Test",8,"Test","Test","Test","Rift Valley Fever","livestock_log"
"Rift Valley fever","Mining (land cover)",1,17,0,7,1,"Omit",0,"Omit","Test","Omit","Rift Valley Fever","mining"
"Rift Valley fever","Precipitation change (increase)",7,16,2,0,9,"Test",7,"Test","Test","Test","Rift Valley Fever","precip_change"
"Rift Valley fever","Protected area (land cover)",1,18,1,5,2,"Omit",0,"Omit","Test","Omit","Rift Valley Fever","protected_areas"
"Rift Valley fever","Proximity to hospitals or clinics",4,17,0,4,4,"Test",1,"Test","Test","Omit","Rift Valley Fever","health_travel_log"
"Rift Valley fever","Socioeconomic vulnerability",7,18,0,0,7,"Test",3,"Test","Test","Test","Rift Valley Fever","social_vulnerability"
"Rift Valley fever","Temperature change (increase)",8,17,0,0,8,"Test",4,"Test","Test","Test","Rift Valley Fever","tmean_change"
"Rift Valley fever","Urban area (land cover)",4,17,2,2,6,"Test",0,"Omit","Test","Omit","Rift Valley Fever","urban_cover"
"Rift Valley fever","Urbanization (land conversion)",5,16,1,3,6,"Test",1,"Test","Test","Omit","Rift Valley Fever","urban_expansion"
"Rift Valley fever","Wildlife hunting",1,16,0,8,1,"Omit",0,"Omit","Test","Omit","Rift Valley Fever","hunting"
"Rift Valley fever","Wildlife trade and live animal markets",4,16,0,5,4,"Omit",0,"Omit","Test","Omit","Rift Valley Fever",""
"SARS-related coronaviruses","Biodiversity intactness",2,14,6,3,8,"Test",2,"Test","Test","Omit","SARS-related coronaviruses","biodiv_intact"
"SARS-related coronaviruses","Cropland (land cover)",3,15,0,7,3,"Omit",0,"Omit","Test","Omit","SARS-related coronaviruses","crop_cover"
"SARS-related coronaviruses","Cropland expansion (land conversion)",6,15,0,4,6,"Test",2,"Test","Test","Omit","SARS-related coronaviruses","crop_expansion"
"SARS-related coronaviruses","Deforestation (land conversion)",11,14,0,0,11,"Test",5,"Test","Test","Test","SARS-related coronaviruses","forest_loss"
"SARS-related coronaviruses","Forest (land cover)",5,14,5,1,10,"Test",1,"Test","Test","Omit","SARS-related coronaviruses","forest_cover"
"SARS-related coronaviruses","Invasive species",4,16,0,5,4,"Omit",1,"Test","Test","Omit","SARS-related coronaviruses",""
"SARS-related coronaviruses","Landscape fragmentation",12,13,0,0,12,"Test",0,"Omit","Test","Test","SARS-related coronaviruses","evi_dissimilarity"
"SARS-related coronaviruses","Livestock density",6,14,0,5,6,"Test",1,"Test","Test","Omit","SARS-related coronaviruses","livestock_log"
"SARS-related coronaviruses","Mining (land cover)",7,14,0,4,7,"Test",1,"Test","Test","Omit","SARS-related coronaviruses","mining"
"SARS-related coronaviruses","Precipitation change (increase)",4,14,2,5,6,"Test",0,"Omit","Test","Omit","SARS-related coronaviruses","precip_change"
"SARS-related coronaviruses","Protected area (land cover)",2,13,7,3,9,"Test",2,"Test","Test","Omit","SARS-related coronaviruses","protected_areas"
"SARS-related coronaviruses","Proximity to hospitals or clinics",8,13,2,2,10,"Test",5,"Test","Test","Omit","SARS-related coronaviruses","health_travel_log"
"SARS-related coronaviruses","Socioeconomic vulnerability",10,13,1,1,11,"Test",1,"Test","Test","Omit","SARS-related coronaviruses","social_vulnerability"
"SARS-related coronaviruses","Temperature change (increase)",7,14,0,4,7,"Test",0,"Omit","Test","Omit","SARS-related coronaviruses","tmean_change"
"SARS-related coronaviruses","Urban area (land cover)",7,13,2,3,9,"Test",3,"Test","Test","Omit","SARS-related coronaviruses","urban_cover"
"SARS-related coronaviruses","Urbanization (land conversion)",8,13,2,2,10,"Test",3,"Test","Test","Omit","SARS-related coronaviruses","urban_expansion"
"SARS-related coronaviruses","Wildlife hunting",8,12,1,4,9,"Test",2,"Test","Test","Omit","SARS-related coronaviruses","hunting"
"SARS-related coronaviruses","Wildlife trade and live animal markets",12,12,0,1,12,"Test",10,"Test","Test","Omit","SARS-related coronaviruses",""
"St. Louis encephalitis","Biodiversity intactness",1,21,2,1,3,"Test",0,"Omit","Test","Omit","St. Louis encephalitis","biodiv_intact"
"St. Louis encephalitis","Cropland (land cover)",2,21,0,2,2,"Test",0,"Omit","Test","Omit","St. Louis encephalitis","crop_cover"
"St. Louis encephalitis","Cropland expansion (land conversion)",3,21,0,1,3,"Test",0,"Omit","Test","Omit","St. Louis encephalitis","crop_expansion"
"St. Louis encephalitis","Deforestation (land conversion)",3,21,1,0,4,"Test",0,"Omit","Test","Test","St. Louis encephalitis","forest_loss"
"St. Louis encephalitis","Forest (land cover)",2,21,2,0,4,"Test",1,"Test","Test","Test","St. Louis encephalitis","forest_cover"
"St. Louis encephalitis","Invasive species",1,21,0,3,1,"Omit",0,"Omit","Test","Omit","St. Louis encephalitis",""
"St. Louis encephalitis","Landscape fragmentation",4,21,0,0,4,"Test",2,"Test","Test","Test","St. Louis encephalitis","evi_dissimilarity"
"St. Louis encephalitis","Livestock density",2,21,0,2,2,"Test",0,"Omit","Test","Omit","St. Louis encephalitis","livestock_log"
"St. Louis encephalitis","Mining (land cover)",0,21,0,4,0,"Omit",0,"Omit","Omit","Omit","St. Louis encephalitis","mining"
"St. Louis encephalitis","Precipitation change (increase)",4,21,0,0,4,"Test",2,"Test","Test","Test","St. Louis encephalitis","precip_change"
"St. Louis encephalitis","Protected area (land cover)",1,21,3,0,4,"Test",0,"Omit","Test","Test","St. Louis encephalitis","protected_areas"
"St. Louis encephalitis","Proximity to hospitals or clinics",2,21,0,2,2,"Test",2,"Test","Test","Omit","St. Louis encephalitis","health_travel_log"
"St. Louis encephalitis","Socioeconomic vulnerability",3,21,0,1,3,"Test",0,"Omit","Test","Omit","St. Louis encephalitis","social_vulnerability"
"St. Louis encephalitis","Temperature change (increase)",3,21,1,0,4,"Test",1,"Test","Test","Test","St. Louis encephalitis","tmean_change"
"St. Louis encephalitis","Urban area (land cover)",2,21,2,0,4,"Test",1,"Test","Test","Test","St. Louis encephalitis","urban_cover"
"St. Louis encephalitis","Urbanization (land conversion)",3,21,0,1,3,"Test",1,"Test","Test","Omit","St. Louis encephalitis","urban_expansion"
"St. Louis encephalitis","Wildlife hunting",0,21,0,4,0,"Omit",0,"Omit","Omit","Omit","St. Louis encephalitis","hunting"
"St. Louis encephalitis","Wildlife trade and live animal markets",1,21,0,3,1,"Omit",0,"Omit","Test","Omit","St. Louis encephalitis",""
"West Nile virus","Biodiversity intactness",3,15,6,1,9,"Test",2,"Test","Test","Omit","West Nile virus disease","biodiv_intact"
"West Nile virus","Cropland (land cover)",3,17,0,5,3,"Omit",0,"Omit","Test","Omit","West Nile virus disease","crop_cover"
"West Nile virus","Cropland expansion (land conversion)",7,16,0,2,7,"Test",0,"Omit","Test","Omit","West Nile virus disease","crop_expansion"
"West Nile virus","Deforestation (land conversion)",8,15,1,1,9,"Test",1,"Test","Test","Omit","West Nile virus disease","forest_loss"
"West Nile virus","Forest (land cover)",5,15,5,0,10,"Test",0,"Omit","Test","Test","West Nile virus disease","forest_cover"
"West Nile virus","Invasive species",7,15,0,3,7,"Test",2,"Test","Test","Omit","West Nile virus disease",""
"West Nile virus","Landscape fragmentation",10,15,0,0,10,"Test",4,"Test","Test","Test","West Nile virus disease","evi_dissimilarity"
"West Nile virus","Livestock density",6,16,0,3,6,"Test",1,"Test","Test","Omit","West Nile virus disease","livestock_log"
"West Nile virus","Mining (land cover)",1,15,0,9,1,"Omit",0,"Omit","Test","Omit","West Nile virus disease","mining"
"West Nile virus","Precipitation change (increase)",9,15,1,0,10,"Test",5,"Test","Test","Test","West Nile virus disease","precip_change"
"West Nile virus","Protected area (land cover)",2,17,5,1,7,"Test",0,"Omit","Test","Omit","West Nile virus disease","protected_areas"
"West Nile virus","Proximity to hospitals or clinics",6,15,1,3,7,"Test",2,"Test","Test","Omit","West Nile virus disease","health_travel_log"
"West Nile virus","Socioeconomic vulnerability",8,15,0,2,8,"Test",0,"Omit","Test","Omit","West Nile virus disease","social_vulnerability"
"West Nile virus","Temperature change (increase)",10,15,0,0,10,"Test",5,"Test","Test","Test","West Nile virus disease","tmean_change"
"West Nile virus","Urban area (land cover)",6,15,2,2,8,"Test",2,"Test","Test","Omit","West Nile virus disease","urban_cover"
"West Nile virus","Urbanization (land conversion)",9,16,0,0,9,"Test",4,"Test","Test","Test","West Nile virus disease","urban_expansion"
"West Nile virus","Wildlife hunting",0,15,0,10,0,"Omit",0,"Omit","Omit","Omit","West Nile virus disease","hunting"
"West Nile virus","Wildlife trade and live animal markets",1,15,0,9,1,"Omit",0,"Omit","Test","Omit","West Nile virus disease",""
"Yellow fever","Biodiversity intactness",3,14,7,1,10,"Test",1,"Test","Test","Omit","Yellow fever","biodiv_intact"
"Yellow fever","Cropland (land cover)",7,14,1,3,8,"Test",0,"Omit","Test","Omit","Yellow fever","crop_cover"
"Yellow fever","Cropland expansion (land conversion)",8,14,1,2,9,"Test",0,"Omit","Test","Omit","Yellow fever","crop_expansion"
"Yellow fever","Deforestation (land conversion)",12,12,0,1,12,"Test",4,"Test","Test","Omit","Yellow fever","forest_loss"
"Yellow fever","Forest (land cover)",9,12,3,1,12,"Test",5,"Test","Test","Omit","Yellow fever","forest_cover"
"Yellow fever","Invasive species",6,14,0,5,6,"Test",1,"Test","Test","Omit","Yellow fever",""
"Yellow fever","Landscape fragmentation",11,13,0,1,11,"Test",3,"Test","Test","Omit","Yellow fever","evi_dissimilarity"
"Yellow fever","Livestock density",3,14,0,8,3,"Omit",0,"Omit","Test","Omit","Yellow fever","livestock_log"
"Yellow fever","Mining (land cover)",6,14,0,5,6,"Test",0,"Omit","Test","Omit","Yellow fever","mining"
"Yellow fever","Precipitation change (increase)",10,13,2,0,12,"Test",3,"Test","Test","Test","Yellow fever","precip_change"
"Yellow fever","Protected area (land cover)",3,14,7,1,10,"Test",0,"Omit","Test","Omit","Yellow fever","protected_areas"
"Yellow fever","Proximity to hospitals or clinics",6,13,4,2,10,"Test",1,"Test","Test","Omit","Yellow fever","health_travel_log"
"Yellow fever","Socioeconomic vulnerability",12,13,0,0,12,"Test",4,"Test","Test","Test","Yellow fever","social_vulnerability"
"Yellow fever","Temperature change (increase)",11,13,1,0,12,"Test",6,"Test","Test","Test","Yellow fever","tmean_change"
"Yellow fever","Urban area (land cover)",9,14,2,0,11,"Test",3,"Test","Test","Test","Yellow fever","urban_cover"
"Yellow fever","Urbanization (land conversion)",11,14,0,0,11,"Test",4,"Test","Test","Test","Yellow fever","urban_expansion"
"Yellow fever","Wildlife hunting",6,13,0,6,6,"Test",1,"Test","Test","Omit","Yellow fever","hunting"
"Yellow fever","Wildlife trade and live animal markets",2,15,0,8,2,"Omit",0,"Omit","Test","Omit","Yellow fever",""
"Zika virus","Biodiversity intactness",1,14,7,3,8,"Test",1,"Test","Test","Omit","Zika","biodiv_intact"
"Zika virus","Cropland (land cover)",6,14,0,5,6,"Test",0,"Omit","Test","Omit","Zika","crop_cover"
"Zika virus","Cropland expansion (land conversion)",7,13,0,5,7,"Test",0,"Omit","Test","Omit","Zika","crop_expansion"
"Zika virus","Deforestation (land conversion)",10,12,0,3,10,"Test",2,"Test","Test","Omit","Zika","forest_loss"
"Zika virus","Forest (land cover)",3,13,7,2,10,"Test",1,"Test","Test","Omit","Zika","forest_cover"
"Zika virus","Invasive species",8,13,0,4,8,"Test",3,"Test","Test","Omit","Zika",""
"Zika virus","Landscape fragmentation",9,14,0,2,9,"Test",1,"Test","Test","Omit","Zika","evi_dissimilarity"
"Zika virus","Livestock density",3,12,0,10,3,"Omit",0,"Omit","Test","Omit","Zika","livestock_log"
"Zika virus","Mining (land cover)",5,13,0,7,5,"Omit",0,"Omit","Test","Omit","Zika","mining"
"Zika virus","Precipitation change (increase)",12,11,2,0,14,"Test",6,"Test","Test","Test","Zika","precip_change"
"Zika virus","Protected area (land cover)",3,13,5,4,8,"Test",0,"Omit","Test","Omit","Zika","protected_areas"
"Zika virus","Proximity to hospitals or clinics",5,12,4,4,9,"Test",3,"Test","Test","Omit","Zika","health_travel_log"
"Zika virus","Socioeconomic vulnerability",13,12,0,0,13,"Test",5,"Test","Test","Test","Zika","social_vulnerability"
"Zika virus","Temperature change (increase)",14,11,0,0,14,"Test",11,"Test","Test","Test","Zika","tmean_change"
"Zika virus","Urban area (land cover)",11,11,3,0,14,"Test",4,"Test","Test","Test","Zika","urban_cover"
"Zika virus","Urbanization (land conversion)",13,11,1,0,14,"Test",5,"Test","Test","Test","Zika","urban_expansion"
"Zika virus","Wildlife hunting",3,12,0,10,3,"Omit",0,"Omit","Test","Omit","Zika","hunting"
"Zika virus","Wildlife trade and live animal markets",0,12,0,13,0,"Omit",0,"Omit","Omit","Omit","Zika",""
