"Disease","Pathogen","DataType","Longitude","Latitude","Year","Country","NumCases","CasesMetric","DiagnosticMetric","IfPolygon_AdminLevel","ADMcode","ADMSource","Source","SourceType"
"Zika","Zika virus","polygon",-36.781967,-9.571605,2015,"",NA,"Outbreak locations","Not specified",1,"GAUL1_666","GAUL","Messina2016","Geolocated outbreak locations from literature and surveillance"
"Zika","Zika virus","polygon",-52.002963,0.901595,2015,"",NA,"Outbreak locations","Not specified",1,"GAUL1_667","GAUL","Messina2016","Geolocated outbreak locations from literature and surveillance"
"Zika","Zika virus","polygon",-41.700702,-12.581148,2015,"",NA,"Outbreak locations","Not specified",1,"GAUL1_669","GAUL","Messina2016","Geolocated outbreak locations from literature and surveillance"
"Zika","Zika virus","polygon",-39.320746,-5.499209,2015,"",NA,"Outbreak locations","Not specified",1,"GAUL1_670","GAUL","Messina2016","Geolocated outbreak locations from literature and surveillance"
"Zika","Zika virus","polygon",-47.921882,-15.82817,2016,"",NA,"Outbreak locations","Not specified",1,"GAUL1_671","GAUL","Messina2016","Geolocated outbreak locations from literature and surveillance"
"Zika","Zika virus","polygon",-40.308897,-19.183585,2015,"",NA,"Outbreak locations","Not specified",1,"GAUL1_672","GAUL","Messina2016","Geolocated outbreak locations from literature and surveillance"
"Zika","Zika virus","polygon",-45.274487,-4.961679,2015,"",NA,"Outbreak locations","Not specified",1,"GAUL1_674","GAUL","Messina2016","Geolocated outbreak locations from literature and surveillance"
"Zika","Zika virus","polygon",-56.921121,-12.682581,2015,"",NA,"Outbreak locations","Not specified",1,"GAUL1_675","GAUL","Messina2016","Geolocated outbreak locations from literature and surveillance"
"Zika","Zika virus","polygon",-54.785115,-20.784534,2015,"",NA,"Outbreak locations","Not specified",1,"GAUL1_676","GAUL","Messina2016","Geolocated outbreak locations from literature and surveillance"
"Zika","Zika virus","polygon",-44.555374,-18.513983,0,"",NA,"Outbreak locations","Not specified",1,"GAUL1_677","GAUL","Messina2016","Geolocated outbreak locations from literature and surveillance"
"Zika","Zika virus","polygon",-54.930698,-1.999915,2015,"",NA,"Outbreak locations","Not specified",1,"GAUL1_678","GAUL","Messina2016","Geolocated outbreak locations from literature and surveillance"
"Zika","Zika virus","polygon",-36.781949,-7.240351,2015,"",NA,"Outbreak locations","Not specified",1,"GAUL1_679","GAUL","Messina2016","Geolocated outbreak locations from literature and surveillance"
"Zika","Zika virus","polygon",-52.021589,-25.252274,2015,"",NA,"Outbreak locations","Not specified",1,"GAUL1_680","GAUL","Messina2016","Geolocated outbreak locations from literature and surveillance"
"Zika","Zika virus","polygon",-36.954038,-8.814019,2015,"",NA,"Outbreak locations","Not specified",1,"GAUL1_681","GAUL","Messina2016","Geolocated outbreak locations from literature and surveillance"
"Zika","Zika virus","polygon",-42.729656,-7.720058,2015,"",NA,"Outbreak locations","Not specified",1,"GAUL1_682","GAUL","Messina2016","Geolocated outbreak locations from literature and surveillance"
"Zika","Zika virus","polygon",-43.209467,-22.91421,2015,"",NA,"Outbreak locations","Not specified",1,"GAUL1_683","GAUL","Messina2016","Geolocated outbreak locations from literature and surveillance"
"Zika","Zika virus","polygon",-36.954222,-5.403284,2015,"",NA,"Outbreak locations","Not specified",1,"GAUL1_684","GAUL","Messina2016","Geolocated outbreak locations from literature and surveillance"
"Zika","Zika virus","polygon",-63.5806,-11.505862,2015,"",NA,"Outbreak locations","Not specified",1,"GAUL1_686","GAUL","Messina2016","Geolocated outbreak locations from literature and surveillance"
"Zika","Zika virus","polygon",-62.075179,2.732801,2015,"",NA,"Outbreak locations","Not specified",1,"GAUL1_687","GAUL","Messina2016","Geolocated outbreak locations from literature and surveillance"
"Zika","Zika virus","polygon",-46.629258,-23.543561,2015,"",NA,"Outbreak locations","Not specified",1,"GAUL1_689","GAUL","Messina2016","Geolocated outbreak locations from literature and surveillance"
"Zika","Zika virus","polygon",-37.385702,-10.576339,2015,"",NA,"Outbreak locations","Not specified",1,"GAUL1_690","GAUL","Messina2016","Geolocated outbreak locations from literature and surveillance"
"Zika","Zika virus","polygon",-48.298297,-10.176788,2015,"",NA,"Outbreak locations","Not specified",1,"GAUL1_691","GAUL","Messina2016","Geolocated outbreak locations from literature and surveillance"
"Zika","Zika virus","polygon",104.340354,11.675959,2010,"",NA,"Outbreak locations","Not specified",1,"GAUL1_795","GAUL","Messina2016","Geolocated outbreak locations from literature and surveillance"
"Zika","Zika virus","polygon",-23.513321,14.932914,2015,"",NA,"Outbreak locations","Not specified",1,"GAUL1_848","GAUL","Messina2016","Geolocated outbreak locations from literature and surveillance"
"Zika","Zika virus","polygon",-75.341303,7.198385,2015,"",NA,"Outbreak locations","Not specified",1,"GAUL1_935","GAUL","Messina2016","Geolocated outbreak locations from literature and surveillance"
"Zika","Zika virus","polygon",-71.002298,6.5469,2016,"",NA,"Outbreak locations","Not specified",1,"GAUL1_936","GAUL","Messina2016","Geolocated outbreak locations from literature and surveillance"
"Zika","Zika virus","polygon",-74.874112,10.696534,2015,"",NA,"Outbreak locations","Not specified",1,"GAUL1_937","GAUL","Messina2016","Geolocated outbreak locations from literature and surveillance"
"Zika","Zika virus","polygon",-74.029983,8.669735,2015,"",NA,"Outbreak locations","Not specified",1,"GAUL1_938","GAUL","Messina2016","Geolocated outbreak locations from literature and surveillance"
"Zika","Zika virus","polygon",-75.247975,5.297943,2016,"",NA,"Outbreak locations","Not specified",1,"GAUL1_941","GAUL","Messina2016","Geolocated outbreak locations from literature and surveillance"
"Zika","Zika virus","polygon",-73.653564,9.336752,2015,"",NA,"Outbreak locations","Not specified",1,"GAUL1_945","GAUL","Messina2016","Geolocated outbreak locations from literature and surveillance"
"Zika","Zika virus","polygon",-75.57406,8.049159,2015,"",NA,"Outbreak locations","Not specified",1,"GAUL1_947","GAUL","Messina2016","Geolocated outbreak locations from literature and surveillance"
"Zika","Zika virus","polygon",-74.030018,5.025944,2015,"",NA,"Outbreak locations","Not specified",1,"GAUL1_948","GAUL","Messina2016","Geolocated outbreak locations from literature and surveillance"
"Zika","Zika virus","polygon",-75.527883,2.53511,2015,"",NA,"Outbreak locations","Not specified",1,"GAUL1_952","GAUL","Messina2016","Geolocated outbreak locations from literature and surveillance"
"Zika","Zika virus","polygon",-74.405663,10.4112,2016,"",NA,"Outbreak locations","Not specified",1,"GAUL1_953","GAUL","Messina2016","Geolocated outbreak locations from literature and surveillance"
"Zika","Zika virus","polygon",-72.898823,7.946197,2015,"",NA,"Outbreak locations","Not specified",1,"GAUL1_956","GAUL","Messina2016","Geolocated outbreak locations from literature and surveillance"
"Zika","Zika virus","polygon",-75.527634,0.435307,2016,"",NA,"Outbreak locations","Not specified",1,"GAUL1_957","GAUL","Messina2016","Geolocated outbreak locations from literature and surveillance"
"Zika","Zika virus","polygon",-75.99277,5.315774,2016,"",NA,"Outbreak locations","Not specified",1,"GAUL1_959","GAUL","Messina2016","Geolocated outbreak locations from literature and surveillance"
"Zika","Zika virus","polygon",-74.723276,8.813913,2015,"",NA,"Outbreak locations","Not specified",1,"GAUL1_962","GAUL","Messina2016","Geolocated outbreak locations from literature and surveillance"
"Zika","Zika virus","polygon",-75.154533,4.092406,2015,"",NA,"Outbreak locations","Not specified",1,"GAUL1_963","GAUL","Messina2016","Geolocated outbreak locations from literature and surveillance"
"Zika","Zika virus","polygon",-52.673366,5.160627,2015,"",NA,"Outbreak locations","Not specified",1,"GAUL1_1271","GAUL","Messina2016","Geolocated outbreak locations from literature and surveillance"
"Zika","Zika virus","polygon",-54.025139,5.483035,2015,"",NA,"Outbreak locations","Not specified",1,"GAUL1_1272","GAUL","Messina2016","Geolocated outbreak locations from literature and surveillance"
"Zika","Zika virus","polygon",-87.162232,13.319741,2015,"",NA,"Outbreak locations","Not specified",1,"GAUL1_1421","GAUL","Messina2016","Geolocated outbreak locations from literature and surveillance"
"Zika","Zika virus","polygon",138.112987,9.54302,2007,"",NA,"Outbreak locations","Not specified",1,"GAUL1_2060","GAUL","Messina2016","Geolocated outbreak locations from literature and surveillance"
"Zika","Zika virus","polygon",4.766414,10.342616,1980,"",NA,"Outbreak locations","Not specified",1,"GAUL1_2227","GAUL","Messina2016","Geolocated outbreak locations from literature and surveillance"
"Zika","Zika virus","polygon",-66.591156,18.208921,2016,"",NA,"Outbreak locations","Not specified",1,"GAUL1_2420","GAUL","Messina2016","Geolocated outbreak locations from literature and surveillance"
"Zika","Zika virus","polygon",-55.203838,5.851977,2015,"",NA,"Outbreak locations","Not specified",1,"GAUL1_2777","GAUL","Messina2016","Geolocated outbreak locations from literature and surveillance"
"Zika","Zika virus","polygon",-63.580839,6.357257,2015,"",NA,"Outbreak locations","Not specified",1,"GAUL1_3307","GAUL","Messina2016","Geolocated outbreak locations from literature and surveillance"
"Zika","Zika virus","polygon",-68.715476,10.417616,2016,"",NA,"Outbreak locations","Not specified",1,"GAUL1_3324","GAUL","Messina2016","Geolocated outbreak locations from literature and surveillance"
"Zika","Zika virus","polygon",-61.023831,14.638044,2015,"",NA,"Outbreak locations","Not specified",1,"GAUL1_61297","GAUL","Messina2016","Geolocated outbreak locations from literature and surveillance"
"Zika","Zika virus","polygon",-90.788211,14.30066,2015,"",NA,"Outbreak locations","Not specified",1,"GAUL1_64825","GAUL","Messina2016","Geolocated outbreak locations from literature and surveillance"
"Zika","Zika virus","polygon",-89.535624,14.967499,2015,"",NA,"Outbreak locations","Not specified",1,"GAUL1_64839","GAUL","Messina2016","Geolocated outbreak locations from literature and surveillance"
"Zika","Zika virus","polygon",-93.129281,16.756858,2015,"",NA,"Outbreak locations","Not specified",1,"GAUL1_2032","GAUL","Messina2016","Geolocated outbreak locations from literature and surveillance"
"Zika","Zika virus","polygon",-99.99621,25.59205,2015,"",NA,"Outbreak locations","Not specified",1,"GAUL1_2046","GAUL","Messina2016","Geolocated outbreak locations from literature and surveillance"
"Zika","Zika virus","polygon",106.863507,-6.182987,2012,"",NA,"Outbreak locations","Not specified",1,"GAUL1_1516","GAUL","Messina2016","Geolocated outbreak locations from literature and surveillance"
"Zika","Zika virus","polygon",-17.366062,14.764294,1991,"",NA,"Outbreak locations","Not specified",2,"GAUL2_1382","GAUL","Messina2016","Geolocated outbreak locations from literature and surveillance"
"Zika","Zika virus","polygon",-36.663968,-9.755596,2015,"",NA,"Outbreak locations","Not specified",2,"GAUL2_6357","GAUL","Messina2016","Geolocated outbreak locations from literature and surveillance"
"Zika","Zika virus","polygon",-36.991421,-9.401673,2015,"",NA,"Outbreak locations","Not specified",2,"GAUL2_6366","GAUL","Messina2016","Geolocated outbreak locations from literature and surveillance"
"Zika","Zika virus","polygon",-37.998878,-9.385988,2015,"",NA,"Outbreak locations","Not specified",2,"GAUL2_6380","GAUL","Messina2016","Geolocated outbreak locations from literature and surveillance"
"Zika","Zika virus","polygon",-35.708921,-9.649889,2015,"",NA,"Outbreak locations","Not specified",2,"GAUL2_6400","GAUL","Messina2016","Geolocated outbreak locations from literature and surveillance"
"Zika","Zika virus","polygon",-36.305846,-9.577442,2015,"",NA,"Outbreak locations","Not specified",2,"GAUL2_6406","GAUL","Messina2016","Geolocated outbreak locations from literature and surveillance"
"Zika","Zika virus","polygon",-37.732641,-9.118682,2015,"",NA,"Outbreak locations","Not specified",2,"GAUL2_6407","GAUL","Messina2016","Geolocated outbreak locations from literature and surveillance"
"Zika","Zika virus","polygon",-35.587664,-9.097297,2015,"",NA,"Outbreak locations","Not specified",2,"GAUL2_6408","GAUL","Messina2016","Geolocated outbreak locations from literature and surveillance"
"Zika","Zika virus","polygon",-35.941993,-9.309578,2015,"",NA,"Outbreak locations","Not specified",2,"GAUL2_6412","GAUL","Messina2016","Geolocated outbreak locations from literature and surveillance"
"Zika","Zika virus","polygon",-36.633167,-9.406189,2015,"",NA,"Outbreak locations","Not specified",2,"GAUL2_6420","GAUL","Messina2016","Geolocated outbreak locations from literature and surveillance"
"Zika","Zika virus","polygon",-37.248349,-9.37045,2015,"",NA,"Outbreak locations","Not specified",2,"GAUL2_6439","GAUL","Messina2016","Geolocated outbreak locations from literature and surveillance"
"Zika","Zika virus","polygon",-36.13281,-9.7626,2015,"",NA,"Outbreak locations","Not specified",2,"GAUL2_6445","GAUL","Messina2016","Geolocated outbreak locations from literature and surveillance"
"Zika","Zika virus","polygon",-60.021504,-3.119277,2015,"",NA,"Outbreak locations","Not specified",2,"GAUL2_6509","GAUL","Messina2016","Geolocated outbreak locations from literature and surveillance"
"Zika","Zika virus","polygon",-60.021504,-3.119277,2016,"",NA,"Outbreak locations","Not specified",2,"GAUL2_6509","GAUL","Messina2016","Geolocated outbreak locations from literature and surveillance"
"Zika","Zika virus","polygon",-38.333196,-12.697206,2015,"",NA,"Outbreak locations","Not specified",2,"GAUL2_6601","GAUL","Messina2016","Geolocated outbreak locations from literature and surveillance"
"Zika","Zika virus","polygon",-40.077006,-13.860283,2015,"",NA,"Outbreak locations","Not specified",2,"GAUL2_6743","GAUL","Messina2016","Geolocated outbreak locations from literature and surveillance"
"Zika","Zika virus","polygon",-39.066788,-16.443479,2015,"",NA,"Outbreak locations","Not specified",2,"GAUL2_6840","GAUL","Messina2016","Geolocated outbreak locations from literature and surveillance"
"Zika","Zika virus","polygon",-38.496234,-12.974314,2015,"",NA,"Outbreak locations","Not specified",2,"GAUL2_6865","GAUL","Messina2016","Geolocated outbreak locations from literature and surveillance"
"Zika","Zika virus","polygon",-38.403304,-12.787074,2015,"",NA,"Outbreak locations","Not specified",2,"GAUL2_6906","GAUL","Messina2016","Geolocated outbreak locations from literature and surveillance"
"Zika","Zika virus","polygon",-38.522234,-3.736906,2015,"",NA,"Outbreak locations","Not specified",2,"GAUL2_7005","GAUL","Messina2016","Geolocated outbreak locations from literature and surveillance"
"Zika","Zika virus","polygon",-38.526767,-3.732064,2016,"",NA,"Outbreak locations","Not specified",2,"GAUL2_7005","GAUL","Messina2016","Geolocated outbreak locations from literature and surveillance"
"Zika","Zika virus","polygon",-39.269257,-3.793606,2015,"",NA,"Outbreak locations","Not specified",2,"GAUL2_7085","GAUL","Messina2016","Geolocated outbreak locations from literature and surveillance"
"Zika","Zika virus","polygon",-40.207837,-3.461042,2015,"",NA,"Outbreak locations","Not specified",2,"GAUL2_7105","GAUL","Messina2016","Geolocated outbreak locations from literature and surveillance"
"Zika","Zika virus","polygon",-40.27684,-19.820637,2015,"",NA,"Outbreak locations","Not specified",2,"GAUL2_7140","GAUL","Messina2016","Geolocated outbreak locations from literature and surveillance"
"Zika","Zika virus","polygon",-40.42032,-20.264454,2015,"",NA,"Outbreak locations","Not specified",2,"GAUL2_7148","GAUL","Messina2016","Geolocated outbreak locations from literature and surveillance"
"Zika","Zika virus","polygon",-40.42746,-20.364731,2015,"",NA,"Outbreak locations","Not specified",2,"GAUL2_7204","GAUL","Messina2016","Geolocated outbreak locations from literature and surveillance"
"Zika","Zika virus","polygon",-40.294954,-20.347806,2015,"",NA,"Outbreak locations","Not specified",2,"GAUL2_7207","GAUL","Messina2016","Geolocated outbreak locations from literature and surveillance"
"Zika","Zika virus","polygon",-40.295773,-20.29767,2015,"",NA,"Outbreak locations","Not specified",2,"GAUL2_7208","GAUL","Messina2016","Geolocated outbreak locations from literature and surveillance"
"Zika","Zika virus","polygon",-40.295773,-20.29767,2016,"",NA,"Outbreak locations","Not specified",2,"GAUL2_7208","GAUL","Messina2016","Geolocated outbreak locations from literature and surveillance"
"Zika","Zika virus","polygon",-49.437709,-16.763869,2015,"",NA,"Outbreak locations","Not specified",2,"GAUL2_7209","GAUL","Messina2016","Geolocated outbreak locations from literature and surveillance"
"Zika","Zika virus","polygon",-49.101929,-16.274526,2015,"",NA,"Outbreak locations","Not specified",2,"GAUL2_7224","GAUL","Messina2016","Geolocated outbreak locations from literature and surveillance"
"Zika","Zika virus","polygon",-49.247341,-16.820538,2016,"",NA,"Outbreak locations","Not specified",2,"GAUL2_7227","GAUL","Messina2016","Geolocated outbreak locations from literature and surveillance"
"Zika","Zika virus","polygon",-52.106334,-16.220187,2016,"",NA,"Outbreak locations","Not specified",2,"GAUL2_7241","GAUL","Messina2016","Geolocated outbreak locations from literature and surveillance"
"Zika","Zika virus","polygon",-49.264751,-16.687209,2015,"",NA,"Outbreak locations","Not specified",2,"GAUL2_7301","GAUL","Messina2016","Geolocated outbreak locations from literature and surveillance"
"Zika","Zika virus","polygon",-49.264751,-16.687209,2016,"",NA,"Outbreak locations","Not specified",2,"GAUL2_7301","GAUL","Messina2016","Geolocated outbreak locations from literature and surveillance"
"Zika","Zika virus","polygon",-49.21635,-18.410091,2016,"",NA,"Outbreak locations","Not specified",2,"GAUL2_7329","GAUL","Messina2016","Geolocated outbreak locations from literature and surveillance"
"Zika","Zika virus","polygon",-50.919684,-17.792962,2015,"",NA,"Outbreak locations","Not specified",2,"GAUL2_7402","GAUL","Messina2016","Geolocated outbreak locations from literature and surveillance"
"Zika","Zika virus","polygon",-48.258198,-15.941769,2015,"",NA,"Outbreak locations","Not specified",2,"GAUL2_7417","GAUL","Messina2016","Geolocated outbreak locations from literature and surveillance"
"Zika","Zika virus","polygon",-48.258198,-15.941769,2016,"",NA,"Outbreak locations","Not specified",2,"GAUL2_7417","GAUL","Messina2016","Geolocated outbreak locations from literature and surveillance"
"Zika","Zika virus","polygon",-49.493107,-16.652229,2016,"",NA,"Outbreak locations","Not specified",2,"GAUL2_7437","GAUL","Messina2016","Geolocated outbreak locations from literature and surveillance"
"Zika","Zika virus","polygon",-44.282913,-2.539159,2015,"",NA,"Outbreak locations","Not specified",2,"GAUL2_7636","GAUL","Messina2016","Geolocated outbreak locations from literature and surveillance"
"Zika","Zika virus","polygon",-44.872196,-3.460423,2015,"",NA,"Outbreak locations","Not specified",2,"GAUL2_7665","GAUL","Messina2016","Geolocated outbreak locations from literature and surveillance"
"Zika","Zika virus","polygon",-55.787285,-20.467104,2015,"",NA,"Outbreak locations","Not specified",2,"GAUL2_7676","GAUL","Messina2016","Geolocated outbreak locations from literature and surveillance"
"Zika","Zika virus","polygon",-54.620035,-20.471429,2015,"",NA,"Outbreak locations","Not specified",2,"GAUL2_7687","GAUL","Messina2016","Geolocated outbreak locations from literature and surveillance"
"Zika","Zika virus","polygon",-54.620035,-20.471429,2016,"",NA,"Outbreak locations","Not specified",2,"GAUL2_7687","GAUL","Messina2016","Geolocated outbreak locations from literature and surveillance"
"Zika","Zika virus","polygon",-58.345717,-15.470837,2015,"",NA,"Outbreak locations","Not specified",2,"GAUL2_7756","GAUL","Messina2016","Geolocated outbreak locations from literature and surveillance"
"Zika","Zika virus","polygon",-57.682315,-16.077195,2015,"",NA,"Outbreak locations","Not specified",2,"GAUL2_7763","GAUL","Messina2016","Geolocated outbreak locations from literature and surveillance"
"Zika","Zika virus","polygon",-56.097879,-15.601373,2015,"",NA,"Outbreak locations","Not specified",2,"GAUL2_7779","GAUL","Messina2016","Geolocated outbreak locations from literature and surveillance"
"Zika","Zika virus","polygon",-56.097901,-15.60152,2016,"",NA,"Outbreak locations","Not specified",2,"GAUL2_7779","GAUL","Messina2016","Geolocated outbreak locations from literature and surveillance"
"Zika","Zika virus","polygon",-54.914723,-9.95035,2015,"",NA,"Outbreak locations","Not specified",2,"GAUL2_7788","GAUL","Messina2016","Geolocated outbreak locations from literature and surveillance"
"Zika","Zika virus","polygon",-55.919338,-13.065143,2015,"",NA,"Outbreak locations","Not specified",2,"GAUL2_7801","GAUL","Messina2016","Geolocated outbreak locations from literature and surveillance"
"Zika","Zika virus","polygon",-55.919338,-13.065143,2016,"",NA,"Outbreak locations","Not specified",2,"GAUL2_7801","GAUL","Messina2016","Geolocated outbreak locations from literature and surveillance"
"Zika","Zika virus","polygon",-54.93675,-10.165872,2015,"",NA,"Outbreak locations","Not specified",2,"GAUL2_7804","GAUL","Messina2016","Geolocated outbreak locations from literature and surveillance"
"Zika","Zika virus","polygon",-56.083527,-13.822616,2016,"",NA,"Outbreak locations","Not specified",2,"GAUL2_7817","GAUL","Messina2016","Geolocated outbreak locations from literature and surveillance"
"Zika","Zika virus","polygon",-54.295066,-15.560627,2015,"",NA,"Outbreak locations","Not specified",2,"GAUL2_7838","GAUL","Messina2016","Geolocated outbreak locations from literature and surveillance"
"Zika","Zika virus","polygon",-54.638723,-16.465493,2015,"",NA,"Outbreak locations","Not specified",2,"GAUL2_7844","GAUL","Messina2016","Geolocated outbreak locations from literature and surveillance"
"Zika","Zika virus","polygon",-55.721561,-12.543052,2016,"",NA,"Outbreak locations","Not specified",2,"GAUL2_7859","GAUL","Messina2016","Geolocated outbreak locations from literature and surveillance"
"Zika","Zika virus","polygon",-57.487511,-14.619807,2015,"",NA,"Outbreak locations","Not specified",2,"GAUL2_7861","GAUL","Messina2016","Geolocated outbreak locations from literature and surveillance"
"Zika","Zika virus","polygon",-57.487511,-14.619807,2016,"",NA,"Outbreak locations","Not specified",2,"GAUL2_7861","GAUL","Messina2016","Geolocated outbreak locations from literature and surveillance"
"Zika","Zika virus","polygon",-53.477058,-15.863393,2015,"",NA,"Outbreak locations","Not specified",2,"GAUL2_7864","GAUL","Messina2016","Geolocated outbreak locations from literature and surveillance"
"Zika","Zika virus","polygon",-56.132684,-15.646428,2015,"",NA,"Outbreak locations","Not specified",2,"GAUL2_7867","GAUL","Messina2016","Geolocated outbreak locations from literature and surveillance"
"Zika","Zika virus","polygon",-56.132716,-15.646335,2016,"",NA,"Outbreak locations","Not specified",2,"GAUL2_7867","GAUL","Messina2016","Geolocated outbreak locations from literature and surveillance"
"Zika","Zika virus","polygon",-55.297324,-12.286247,2015,"",NA,"Outbreak locations","Not specified",2,"GAUL2_7868","GAUL","Messina2016","Geolocated outbreak locations from literature and surveillance"
"Zika","Zika virus","polygon",-42.942595,-21.120215,2015,"",NA,"Outbreak locations","Not specified",2,"GAUL2_8691","GAUL","Messina2016","Geolocated outbreak locations from literature and surveillance"
"Zika","Zika virus","polygon",-48.19894,-1.954239,2015,"",NA,"Outbreak locations","Not specified",2,"GAUL2_8726","GAUL","Messina2016","Geolocated outbreak locations from literature and surveillance"
"Zika","Zika virus","polygon",-48.490195,-1.455919,2015,"",NA,"Outbreak locations","Not specified",2,"GAUL2_8742","GAUL","Messina2016","Geolocated outbreak locations from literature and surveillance"
"Zika","Zika virus","polygon",-48.490195,-1.455919,2016,"",NA,"Outbreak locations","Not specified",2,"GAUL2_8742","GAUL","Messina2016","Geolocated outbreak locations from literature and surveillance"
"Zika","Zika virus","polygon",-48.243349,-1.361064,2015,"",NA,"Outbreak locations","Not specified",2,"GAUL2_8744","GAUL","Messina2016","Geolocated outbreak locations from literature and surveillance"
"Zika","Zika virus","polygon",-48.243349,-1.361006,2016,"",NA,"Outbreak locations","Not specified",2,"GAUL2_8744","GAUL","Messina2016","Geolocated outbreak locations from literature and surveillance"
"Zika","Zika virus","polygon",-47.331504,-1.375919,2015,"",NA,"Outbreak locations","Not specified",2,"GAUL2_8746","GAUL","Messina2016","Geolocated outbreak locations from literature and surveillance"
"Zika","Zika virus","polygon",-46.783034,-1.061761,2015,"",NA,"Outbreak locations","Not specified",2,"GAUL2_8747","GAUL","Messina2016","Geolocated outbreak locations from literature and surveillance"
"Zika","Zika virus","polygon",-49.498513,-2.241738,2015,"",NA,"Outbreak locations","Not specified",2,"GAUL2_8755","GAUL","Messina2016","Geolocated outbreak locations from literature and surveillance"
"Zika","Zika virus","polygon",-49.795661,-1.812258,2015,"",NA,"Outbreak locations","Not specified",2,"GAUL2_8766","GAUL","Messina2016","Geolocated outbreak locations from literature and surveillance"
"Zika","Zika virus","polygon",-47.882266,-1.446036,2015,"",NA,"Outbreak locations","Not specified",2,"GAUL2_8778","GAUL","Messina2016","Geolocated outbreak locations from literature and surveillance"
"Zika","Zika virus","polygon",-48.001019,-2.965816,2015,"",NA,"Outbreak locations","Not specified",2,"GAUL2_8779","GAUL","Messina2016","Geolocated outbreak locations from literature and surveillance"
"Zika","Zika virus","polygon",-48.342534,-1.360579,2015,"",NA,"Outbreak locations","Not specified",2,"GAUL2_8792","GAUL","Messina2016","Geolocated outbreak locations from literature and surveillance"
"Zika","Zika virus","polygon",-48.342534,-1.360579,2016,"",NA,"Outbreak locations","Not specified",2,"GAUL2_8792","GAUL","Messina2016","Geolocated outbreak locations from literature and surveillance"
"Zika","Zika virus","polygon",-49.904172,-6.068248,2015,"",NA,"Outbreak locations","Not specified",2,"GAUL2_8812","GAUL","Messina2016","Geolocated outbreak locations from literature and surveillance"
"Zika","Zika virus","polygon",-48.296005,-1.22714,2015,"",NA,"Outbreak locations","Not specified",2,"GAUL2_8829","GAUL","Messina2016","Geolocated outbreak locations from literature and surveillance"
"Zika","Zika virus","polygon",-49.772925,-3.803835,2015,"",NA,"Outbreak locations","Not specified",2,"GAUL2_8860","GAUL","Messina2016","Geolocated outbreak locations from literature and surveillance"
"Zika","Zika virus","polygon",-34.837113,-6.987506,2015,"",NA,"Outbreak locations","Not specified",2,"GAUL2_8907","GAUL","Messina2016","Geolocated outbreak locations from literature and surveillance"
"Zika","Zika virus","polygon",-38.561222,-6.889819,2015,"",NA,"Outbreak locations","Not specified",2,"GAUL2_8913","GAUL","Messina2016","Geolocated outbreak locations from literature and surveillance"
"Zika","Zika virus","polygon",-35.873482,-7.222544,2015,"",NA,"Outbreak locations","Not specified",2,"GAUL2_8917","GAUL","Messina2016","Geolocated outbreak locations from literature and surveillance"
"Zika","Zika virus","polygon",-35.873482,-7.222544,2016,"",NA,"Outbreak locations","Not specified",2,"GAUL2_8917","GAUL","Messina2016","Geolocated outbreak locations from literature and surveillance"
"Zika","Zika virus","polygon",-34.844863,-7.119617,2015,"",NA,"Outbreak locations","Not specified",2,"GAUL2_8961","GAUL","Messina2016","Geolocated outbreak locations from literature and surveillance"
"Zika","Zika virus","polygon",-34.844863,-7.119617,2016,"",NA,"Outbreak locations","Not specified",2,"GAUL2_8961","GAUL","Messina2016","Geolocated outbreak locations from literature and surveillance"
"Zika","Zika virus","polygon",-35.324883,-7.10273,2016,"",NA,"Outbreak locations","Not specified",2,"GAUL2_8979","GAUL","Messina2016","Geolocated outbreak locations from literature and surveillance"
"Zika","Zika virus","polygon",-53.412267,-24.095054,2015,"",NA,"Outbreak locations","Not specified",2,"GAUL2_9096","GAUL","Messina2016","Geolocated outbreak locations from literature and surveillance"
"Zika","Zika virus","polygon",-49.450641,-25.369932,2016,"",NA,"Outbreak locations","Not specified",2,"GAUL2_9149","GAUL","Messina2016","Geolocated outbreak locations from literature and surveillance"
"Zika","Zika virus","polygon",-53.459729,-24.958907,2016,"",NA,"Outbreak locations","Not specified",2,"GAUL2_9158","GAUL","Messina2016","Geolocated outbreak locations from literature and surveillance"
"Zika","Zika virus","polygon",-51.973039,-22.838874,2016,"",NA,"Outbreak locations","Not specified",2,"GAUL2_9169","GAUL","Messina2016","Geolocated outbreak locations from literature and surveillance"
"Zika","Zika virus","polygon",-49.265422,-25.424915,2015,"",NA,"Outbreak locations","Not specified",2,"GAUL2_9183","GAUL","Messina2016","Geolocated outbreak locations from literature and surveillance"
"Zika","Zika virus","polygon",-49.265422,-25.424915,2016,"",NA,"Outbreak locations","Not specified",2,"GAUL2_9183","GAUL","Messina2016","Geolocated outbreak locations from literature and surveillance"
"Zika","Zika virus","polygon",-52.554975,-23.470295,2016,"",NA,"Outbreak locations","Not specified",2,"GAUL2_9263","GAUL","Messina2016","Geolocated outbreak locations from literature and surveillance"
"Zika","Zika virus","polygon",-51.169603,-23.304559,2016,"",NA,"Outbreak locations","Not specified",2,"GAUL2_9281","GAUL","Messina2016","Geolocated outbreak locations from literature and surveillance"
"Zika","Zika virus","polygon",-51.933094,-23.421672,2016,"",NA,"Outbreak locations","Not specified",2,"GAUL2_9299","GAUL","Messina2016","Geolocated outbreak locations from literature and surveillance"
"Zika","Zika virus","polygon",-48.545338,-25.831638,2016,"",NA,"Outbreak locations","Not specified",2,"GAUL2_9306","GAUL","Messina2016","Geolocated outbreak locations from literature and surveillance"
"Zika","Zika virus","polygon",-53.345569,-25.634508,2016,"",NA,"Outbreak locations","Not specified",2,"GAUL2_9328","GAUL","Messina2016","Geolocated outbreak locations from literature and surveillance"
"Zika","Zika virus","polygon",-50.914952,-23.068147,2016,"",NA,"Outbreak locations","Not specified",2,"GAUL2_9386","GAUL","Messina2016","Geolocated outbreak locations from literature and surveillance"
"Zika","Zika virus","polygon",-54.241014,-25.349689,2015,"",NA,"Outbreak locations","Not specified",2,"GAUL2_9443","GAUL","Messina2016","Geolocated outbreak locations from literature and surveillance"
"Zika","Zika virus","polygon",-52.871002,-23.733671,2015,"",NA,"Outbreak locations","Not specified",2,"GAUL2_9460","GAUL","Messina2016","Geolocated outbreak locations from literature and surveillance"
"Zika","Zika virus","polygon",-34.928141,-8.166942,2015,"",NA,"Outbreak locations","Not specified",2,"GAUL2_9576","GAUL","Messina2016","Geolocated outbreak locations from literature and surveillance"
"Zika","Zika virus","polygon",-35.720569,-8.913843,2015,"",NA,"Outbreak locations","Not specified",2,"GAUL2_9595","GAUL","Messina2016","Geolocated outbreak locations from literature and surveillance"
"Zika","Zika virus","polygon",-34.843657,-7.990426,2015,"",NA,"Outbreak locations","Not specified",2,"GAUL2_9600","GAUL","Messina2016","Geolocated outbreak locations from literature and surveillance"
"Zika","Zika virus","polygon",-34.88717,-8.060047,2015,"",NA,"Outbreak locations","Not specified",2,"GAUL2_9621","GAUL","Messina2016","Geolocated outbreak locations from literature and surveillance"
"Zika","Zika virus","polygon",-42.799168,-5.101366,2015,"",NA,"Outbreak locations","Not specified",2,"GAUL2_9886","GAUL","Messina2016","Geolocated outbreak locations from literature and surveillance"
"Zika","Zika virus","polygon",-42.102061,-21.625754,2015,"",NA,"Outbreak locations","Not specified",2,"GAUL2_9896","GAUL","Messina2016","Geolocated outbreak locations from literature and surveillance"
"Zika","Zika virus","polygon",-41.889068,-22.756567,2015,"",NA,"Outbreak locations","Not specified",2,"GAUL2_9899","GAUL","Messina2016","Geolocated outbreak locations from literature and surveillance"
"Zika","Zika virus","polygon",-43.399623,-22.764614,2015,"",NA,"Outbreak locations","Not specified",2,"GAUL2_9903","GAUL","Messina2016","Geolocated outbreak locations from literature and surveillance"
"Zika","Zika virus","polygon",-43.399623,-22.764614,2016,"",NA,"Outbreak locations","Not specified",2,"GAUL2_9903","GAUL","Messina2016","Geolocated outbreak locations from literature and surveillance"
"Zika","Zika virus","polygon",-41.318449,-21.762846,2015,"",NA,"Outbreak locations","Not specified",2,"GAUL2_9909","GAUL","Messina2016","Geolocated outbreak locations from literature and surveillance"
"Zika","Zika virus","polygon",-43.30532,-22.786387,2015,"",NA,"Outbreak locations","Not specified",2,"GAUL2_9919","GAUL","Messina2016","Geolocated outbreak locations from literature and surveillance"
"Zika","Zika virus","polygon",-43.30532,-22.786387,2016,"",NA,"Outbreak locations","Not specified",2,"GAUL2_9919","GAUL","Messina2016","Geolocated outbreak locations from literature and surveillance"
"Zika","Zika virus","polygon",-42.079263,-21.670476,2015,"",NA,"Outbreak locations","Not specified",2,"GAUL2_9926","GAUL","Messina2016","Geolocated outbreak locations from literature and surveillance"
"Zika","Zika virus","polygon",-43.660631,-22.644116,2015,"",NA,"Outbreak locations","Not specified",2,"GAUL2_9929","GAUL","Messina2016","Geolocated outbreak locations from literature and surveillance"
"Zika","Zika virus","polygon",-43.039832,-22.656659,2015,"",NA,"Outbreak locations","Not specified",2,"GAUL2_9933","GAUL","Messina2016","Geolocated outbreak locations from literature and surveillance"
"Zika","Zika virus","polygon",-42.824587,-22.934071,2015,"",NA,"Outbreak locations","Not specified",2,"GAUL2_9935","GAUL","Messina2016","Geolocated outbreak locations from literature and surveillance"
"Zika","Zika virus","polygon",-43.419397,-22.809919,2015,"",NA,"Outbreak locations","Not specified",2,"GAUL2_9940","GAUL","Messina2016","Geolocated outbreak locations from literature and surveillance"
"Zika","Zika virus","polygon",-43.115249,-22.885984,2015,"",NA,"Outbreak locations","Not specified",2,"GAUL2_9941","GAUL","Messina2016","Geolocated outbreak locations from literature and surveillance"
"Zika","Zika virus","polygon",-43.115249,-22.885984,2016,"",NA,"Outbreak locations","Not specified",2,"GAUL2_9941","GAUL","Messina2016","Geolocated outbreak locations from literature and surveillance"
"Zika","Zika virus","polygon",-43.460743,-22.756197,2015,"",NA,"Outbreak locations","Not specified",2,"GAUL2_9943","GAUL","Messina2016","Geolocated outbreak locations from literature and surveillance"
"Zika","Zika virus","polygon",-43.460743,-22.756197,2016,"",NA,"Outbreak locations","Not specified",2,"GAUL2_9943","GAUL","Messina2016","Geolocated outbreak locations from literature and surveillance"
"Zika","Zika virus","polygon",-43.552217,-22.710723,2015,"",NA,"Outbreak locations","Not specified",2,"GAUL2_9954","GAUL","Messina2016","Geolocated outbreak locations from literature and surveillance"
"Zika","Zika virus","polygon",-41.469658,-22.103676,2015,"",NA,"Outbreak locations","Not specified",2,"GAUL2_9955","GAUL","Messina2016","Geolocated outbreak locations from literature and surveillance"
"Zika","Zika virus","polygon",-44.451353,-22.471035,2015,"",NA,"Outbreak locations","Not specified",2,"GAUL2_9956","GAUL","Messina2016","Geolocated outbreak locations from literature and surveillance"
"Zika","Zika virus","polygon",-42.627992,-22.718687,2015,"",NA,"Outbreak locations","Not specified",2,"GAUL2_9957","GAUL","Messina2016","Geolocated outbreak locations from literature and surveillance"
"Zika","Zika virus","polygon",-41.94638,-22.527301,2015,"",NA,"Outbreak locations","Not specified",2,"GAUL2_9960","GAUL","Messina2016","Geolocated outbreak locations from literature and surveillance"
"Zika","Zika virus","polygon",-43.172898,-22.906857,2015,"",NA,"Outbreak locations","Not specified",2,"GAUL2_9961","GAUL","Messina2016","Geolocated outbreak locations from literature and surveillance"
"Zika","Zika virus","polygon",-43.172893,-22.906931,2016,"",NA,"Outbreak locations","Not specified",2,"GAUL2_9961","GAUL","Messina2016","Geolocated outbreak locations from literature and surveillance"
"Zika","Zika virus","polygon",-42.183569,-21.54159,2015,"",NA,"Outbreak locations","Not specified",2,"GAUL2_9963","GAUL","Messina2016","Geolocated outbreak locations from literature and surveillance"
"Zika","Zika virus","polygon",-43.063779,-22.827438,2015,"",NA,"Outbreak locations","Not specified",2,"GAUL2_9966","GAUL","Messina2016","Geolocated outbreak locations from literature and surveillance"
"Zika","Zika virus","polygon",-43.063779,-22.827438,2016,"",NA,"Outbreak locations","Not specified",2,"GAUL2_9966","GAUL","Messina2016","Geolocated outbreak locations from literature and surveillance"
"Zika","Zika virus","polygon",-43.369939,-22.79083,2015,"",NA,"Outbreak locations","Not specified",2,"GAUL2_9968","GAUL","Messina2016","Geolocated outbreak locations from literature and surveillance"
"Zika","Zika virus","polygon",-43.369939,-22.79083,2016,"",NA,"Outbreak locations","Not specified",2,"GAUL2_9968","GAUL","Messina2016","Geolocated outbreak locations from literature and surveillance"
"Zika","Zika virus","polygon",-43.7159,-22.753125,2016,"",NA,"Outbreak locations","Not specified",2,"GAUL2_9975","GAUL","Messina2016","Geolocated outbreak locations from literature and surveillance"
"Zika","Zika virus","polygon",-36.640902,-6.435129,2015,"",NA,"Outbreak locations","Not specified",2,"GAUL2_9986","GAUL","Messina2016","Geolocated outbreak locations from literature and surveillance"
"Zika","Zika virus","polygon",-36.001565,-5.757216,2015,"",NA,"Outbreak locations","Not specified",2,"GAUL2_10007","GAUL","Messina2016","Geolocated outbreak locations from literature and surveillance"
"Zika","Zika virus","polygon",-35.423723,-5.639721,2015,"",NA,"Outbreak locations","Not specified",2,"GAUL2_10014","GAUL","Messina2016","Geolocated outbreak locations from literature and surveillance"
"Zika","Zika virus","polygon",-35.26976,-5.686252,2015,"",NA,"Outbreak locations","Not specified",2,"GAUL2_10024","GAUL","Messina2016","Geolocated outbreak locations from literature and surveillance"
"Zika","Zika virus","polygon",-36.210419,-5.187454,2015,"",NA,"Outbreak locations","Not specified",2,"GAUL2_10030","GAUL","Messina2016","Geolocated outbreak locations from literature and surveillance"
"Zika","Zika virus","polygon",-36.328141,-5.18721,2015,"",NA,"Outbreak locations","Not specified",2,"GAUL2_10034","GAUL","Messina2016","Geolocated outbreak locations from literature and surveillance"
"Zika","Zika virus","polygon",-35.213125,-5.779115,2015,"",NA,"Outbreak locations","Not specified",2,"GAUL2_10072","GAUL","Messina2016","Geolocated outbreak locations from literature and surveillance"
"Zika","Zika virus","polygon",-35.412445,-6.447304,2015,"",NA,"Outbreak locations","Not specified",2,"GAUL2_10074","GAUL","Messina2016","Geolocated outbreak locations from literature and surveillance"
"Zika","Zika virus","polygon",-36.660258,-6.685922,2015,"",NA,"Outbreak locations","Not specified",2,"GAUL2_10080","GAUL","Messina2016","Geolocated outbreak locations from literature and surveillance"
"Zika","Zika virus","polygon",-35.271305,-5.911655,2015,"",NA,"Outbreak locations","Not specified",2,"GAUL2_10081","GAUL","Messina2016","Geolocated outbreak locations from literature and surveillance"
"Zika","Zika virus","polygon",-35.620452,-6.43994,2015,"",NA,"Outbreak locations","Not specified",2,"GAUL2_10082","GAUL","Messina2016","Geolocated outbreak locations from literature and surveillance"
"Zika","Zika virus","polygon",-35.328814,-5.785311,2015,"",NA,"Outbreak locations","Not specified",2,"GAUL2_10114","GAUL","Messina2016","Geolocated outbreak locations from literature and surveillance"
"Zika","Zika virus","polygon",-35.762532,-5.923849,2015,"",NA,"Outbreak locations","Not specified",2,"GAUL2_10121","GAUL","Messina2016","Geolocated outbreak locations from literature and surveillance"
"Zika","Zika virus","polygon",-35.635601,-5.896342,2015,"",NA,"Outbreak locations","Not specified",2,"GAUL2_10122","GAUL","Messina2016","Geolocated outbreak locations from literature and surveillance"
"Zika","Zika virus","polygon",-35.587669,-6.255434,2015,"",NA,"Outbreak locations","Not specified",2,"GAUL2_10131","GAUL","Messina2016","Geolocated outbreak locations from literature and surveillance"
"Zika","Zika virus","polygon",-35.587669,-6.255434,2016,"",NA,"Outbreak locations","Not specified",2,"GAUL2_10131","GAUL","Messina2016","Geolocated outbreak locations from literature and surveillance"
"Zika","Zika virus","polygon",-51.21767,-30.034903,2016,"",NA,"Outbreak locations","Not specified",2,"GAUL2_10455","GAUL","Messina2016","Geolocated outbreak locations from literature and surveillance"
"Zika","Zika virus","polygon",-61.995697,-11.929337,2016,"",NA,"Outbreak locations","Not specified",2,"GAUL2_10619","GAUL","Messina2016","Geolocated outbreak locations from literature and surveillance"
"Zika","Zika virus","polygon",-61.793984,-12.565702,2015,"",NA,"Outbreak locations","Not specified",2,"GAUL2_10620","GAUL","Messina2016","Geolocated outbreak locations from literature and surveillance"
"Zika","Zika virus","polygon",-60.130458,-12.741469,2015,"",NA,"Outbreak locations","Not specified",2,"GAUL2_10670","GAUL","Messina2016","Geolocated outbreak locations from literature and surveillance"
"Zika","Zika virus","polygon",-60.675897,2.823307,2015,"",NA,"Outbreak locations","Not specified",2,"GAUL2_10673","GAUL","Messina2016","Geolocated outbreak locations from literature and surveillance"
"Zika","Zika virus","polygon",-60.675897,2.823307,2016,"",NA,"Outbreak locations","Not specified",2,"GAUL2_10673","GAUL","Messina2016","Geolocated outbreak locations from literature and surveillance"
"Zika","Zika virus","polygon",-62.262656,2.60023,2015,"",NA,"Outbreak locations","Not specified",2,"GAUL2_10679","GAUL","Messina2016","Geolocated outbreak locations from literature and surveillance"
"Zika","Zika virus","polygon",-62.262656,2.60023,2016,"",NA,"Outbreak locations","Not specified",2,"GAUL2_10679","GAUL","Messina2016","Geolocated outbreak locations from literature and surveillance"
"Zika","Zika virus","polygon",-48.911167,-27.098354,2016,"",NA,"Outbreak locations","Not specified",2,"GAUL2_10733","GAUL","Messina2016","Geolocated outbreak locations from literature and surveillance"
"Zika","Zika virus","polygon",-47.37424,-21.022867,2015,"",NA,"Outbreak locations","Not specified",2,"GAUL2_10990","GAUL","Messina2016","Geolocated outbreak locations from literature and surveillance"
"Zika","Zika virus","polygon",-47.333599,-22.737995,2016,"",NA,"Outbreak locations","Not specified",2,"GAUL2_10997","GAUL","Messina2016","Geolocated outbreak locations from literature and surveillance"
"Zika","Zika virus","polygon",-49.058741,-22.314776,2015,"",NA,"Outbreak locations","Not specified",2,"GAUL2_11046","GAUL","Messina2016","Geolocated outbreak locations from literature and surveillance"
"Zika","Zika virus","polygon",-48.444125,-22.884548,2016,"",NA,"Outbreak locations","Not specified",2,"GAUL2_11064","GAUL","Messina2016","Geolocated outbreak locations from literature and surveillance"
"Zika","Zika virus","polygon",-47.062592,-22.910047,2015,"",NA,"Outbreak locations","Not specified",2,"GAUL2_11087","GAUL","Messina2016","Geolocated outbreak locations from literature and surveillance"
"Zika","Zika virus","polygon",-51.538428,-21.49086,2016,"",NA,"Outbreak locations","Not specified",2,"GAUL2_11139","GAUL","Messina2016","Geolocated outbreak locations from literature and surveillance"
"Zika","Zika virus","polygon",-45.355039,-23.800578,2016,"",NA,"Outbreak locations","Not specified",2,"GAUL2_11215","GAUL","Messina2016","Geolocated outbreak locations from literature and surveillance"
"Zika","Zika virus","polygon",-47.777216,-21.027859,2015,"",NA,"Outbreak locations","Not specified",2,"GAUL2_11265","GAUL","Messina2016","Geolocated outbreak locations from literature and surveillance"
"Zika","Zika virus","polygon",-48.450796,-22.419001,2016,"",NA,"Outbreak locations","Not specified",2,"GAUL2_11316","GAUL","Messina2016","Geolocated outbreak locations from literature and surveillance"
"Zika","Zika virus","polygon",-46.792002,-23.532951,2016,"",NA,"Outbreak locations","Not specified",2,"GAUL2_11368","GAUL","Messina2016","Geolocated outbreak locations from literature and surveillance"
"Zika","Zika virus","polygon",-47.150012,-22.765243,2016,"",NA,"Outbreak locations","Not specified",2,"GAUL2_11391","GAUL","Messina2016","Geolocated outbreak locations from literature and surveillance"
"Zika","Zika virus","polygon",-45.461694,-22.925215,2015,"",NA,"Outbreak locations","Not specified",2,"GAUL2_11408","GAUL","Messina2016","Geolocated outbreak locations from literature and surveillance"
"Zika","Zika virus","polygon",-47.64827,-22.735219,2016,"",NA,"Outbreak locations","Not specified",2,"GAUL2_11414","GAUL","Messina2016","Geolocated outbreak locations from literature and surveillance"
"Zika","Zika virus","polygon",-47.810033,-21.172211,2015,"",NA,"Outbreak locations","Not specified",2,"GAUL2_11468","GAUL","Messina2016","Geolocated outbreak locations from literature and surveillance"
"Zika","Zika virus","polygon",-47.810249,-21.17059,2016,"",NA,"Outbreak locations","Not specified",2,"GAUL2_11468","GAUL","Messina2016","Geolocated outbreak locations from literature and surveillance"
"Zika","Zika virus","polygon",-47.293559,-23.200235,2016,"",NA,"Outbreak locations","Not specified",2,"GAUL2_11488","GAUL","Messina2016","Geolocated outbreak locations from literature and surveillance"
"Zika","Zika virus","polygon",-46.922677,-23.443073,2016,"",NA,"Outbreak locations","Not specified",2,"GAUL2_11513","GAUL","Messina2016","Geolocated outbreak locations from literature and surveillance"
"Zika","Zika virus","polygon",-47.891002,-22.009166,2015,"",NA,"Outbreak locations","Not specified",2,"GAUL2_11527","GAUL","Messina2016","Geolocated outbreak locations from literature and surveillance"
"Zika","Zika virus","polygon",-49.376287,-20.812268,2015,"",NA,"Outbreak locations","Not specified",2,"GAUL2_11537","GAUL","Messina2016","Geolocated outbreak locations from literature and surveillance"
"Zika","Zika virus","polygon",-46.633391,-23.550916,2015,"",NA,"Outbreak locations","Not specified",2,"GAUL2_11543","GAUL","Messina2016","Geolocated outbreak locations from literature and surveillance"
"Zika","Zika virus","polygon",-46.633391,-23.550916,2016,"",NA,"Outbreak locations","Not specified",2,"GAUL2_11543","GAUL","Messina2016","Geolocated outbreak locations from literature and surveillance"
"Zika","Zika virus","polygon",-47.452608,-23.501724,2016,"",NA,"Outbreak locations","Not specified",2,"GAUL2_11562","GAUL","Messina2016","Geolocated outbreak locations from literature and surveillance"
"Zika","Zika virus","polygon",-47.27326,-22.821989,2015,"",NA,"Outbreak locations","Not specified",2,"GAUL2_11564","GAUL","Messina2016","Geolocated outbreak locations from literature and surveillance"
"Zika","Zika virus","polygon",-47.846598,-23.349338,2015,"",NA,"Outbreak locations","Not specified",2,"GAUL2_11584","GAUL","Messina2016","Geolocated outbreak locations from literature and surveillance"
"Zika","Zika virus","polygon",-45.556401,-23.020581,2016,"",NA,"Outbreak locations","Not specified",2,"GAUL2_11585","GAUL","Messina2016","Geolocated outbreak locations from literature and surveillance"
"Zika","Zika virus","polygon",-48.204889,-7.193166,2015,"",NA,"Outbreak locations","Not specified",2,"GAUL2_11711","GAUL","Messina2016","Geolocated outbreak locations from literature and surveillance"
"Zika","Zika virus","polygon",-48.476179,-8.058199,2015,"",NA,"Outbreak locations","Not specified",2,"GAUL2_11737","GAUL","Messina2016","Geolocated outbreak locations from literature and surveillance"
"Zika","Zika virus","polygon",-48.324304,-10.249187,2015,"",NA,"Outbreak locations","Not specified",2,"GAUL2_11789","GAUL","Messina2016","Geolocated outbreak locations from literature and surveillance"
"Zika","Zika virus","polygon",-76.624758,7.882408,2015,"",NA,"Outbreak locations","Not specified",2,"GAUL2_13352","GAUL","Messina2016","Geolocated outbreak locations from literature and surveillance"
"Zika","Zika virus","polygon",-75.552955,6.331808,2015,"",NA,"Outbreak locations","Not specified",2,"GAUL2_13357","GAUL","Messina2016","Geolocated outbreak locations from literature and surveillance"
"Zika","Zika virus","polygon",-75.196804,7.987671,2015,"",NA,"Outbreak locations","Not specified",2,"GAUL2_13374","GAUL","Messina2016","Geolocated outbreak locations from literature and surveillance"
"Zika","Zika virus","polygon",-75.614694,6.167426,2015,"",NA,"Outbreak locations","Not specified",2,"GAUL2_13398","GAUL","Messina2016","Geolocated outbreak locations from literature and surveillance"
"Zika","Zika virus","polygon",-74.787293,6.551327,2015,"",NA,"Outbreak locations","Not specified",2,"GAUL2_13406","GAUL","Messina2016","Geolocated outbreak locations from literature and surveillance"
"Zika","Zika virus","polygon",-75.581222,6.244125,2015,"",NA,"Outbreak locations","Not specified",2,"GAUL2_13408","GAUL","Messina2016","Geolocated outbreak locations from literature and surveillance"
"Zika","Zika virus","polygon",-74.599675,6.205244,2015,"",NA,"Outbreak locations","Not specified",2,"GAUL2_13419","GAUL","Messina2016","Geolocated outbreak locations from literature and surveillance"
"Zika","Zika virus","polygon",-74.993263,6.187948,2015,"",NA,"Outbreak locations","Not specified",2,"GAUL2_13430","GAUL","Messina2016","Geolocated outbreak locations from literature and surveillance"
"Zika","Zika virus","polygon",-74.995078,6.042387,2015,"",NA,"Outbreak locations","Not specified",2,"GAUL2_13435","GAUL","Messina2016","Geolocated outbreak locations from literature and surveillance"
"Zika","Zika virus","polygon",-75.625319,5.615096,2015,"",NA,"Outbreak locations","Not specified",2,"GAUL2_13458","GAUL","Messina2016","Geolocated outbreak locations from literature and surveillance"
"Zika","Zika virus","polygon",-74.818017,10.983687,2015,"",NA,"Outbreak locations","Not specified",2,"GAUL2_13475","GAUL","Messina2016","Geolocated outbreak locations from literature and surveillance"
"Zika","Zika virus","polygon",-75.347304,10.2524,2015,"",NA,"Outbreak locations","Not specified",2,"GAUL2_13499","GAUL","Messina2016","Geolocated outbreak locations from literature and surveillance"
"Zika","Zika virus","polygon",-75.479405,10.390911,2015,"",NA,"Outbreak locations","Not specified",2,"GAUL2_13503","GAUL","Messina2016","Geolocated outbreak locations from literature and surveillance"
"Zika","Zika virus","polygon",-75.368498,10.445753,2015,"",NA,"Outbreak locations","Not specified",2,"GAUL2_13526","GAUL","Messina2016","Geolocated outbreak locations from literature and surveillance"
"Zika","Zika virus","polygon",-75.412674,10.334616,2015,"",NA,"Outbreak locations","Not specified",2,"GAUL2_13532","GAUL","Messina2016","Geolocated outbreak locations from literature and surveillance"
"Zika","Zika virus","polygon",-75.601064,5.474523,2015,"",NA,"Outbreak locations","Not specified",2,"GAUL2_13674","GAUL","Messina2016","Geolocated outbreak locations from literature and surveillance"
"Zika","Zika virus","polygon",-75.872358,5.060421,2015,"",NA,"Outbreak locations","Not specified",2,"GAUL2_13678","GAUL","Messina2016","Geolocated outbreak locations from literature and surveillance"
"Zika","Zika virus","polygon",-75.705408,5.420619,2015,"",NA,"Outbreak locations","Not specified",2,"GAUL2_13681","GAUL","Messina2016","Geolocated outbreak locations from literature and surveillance"
"Zika","Zika virus","polygon",-75.60526,4.982675,2015,"",NA,"Outbreak locations","Not specified",2,"GAUL2_13683","GAUL","Messina2016","Geolocated outbreak locations from literature and surveillance"
"Zika","Zika virus","polygon",-75.885681,8.75959,2015,"",NA,"Outbreak locations","Not specified",2,"GAUL2_13820","GAUL","Messina2016","Geolocated outbreak locations from literature and surveillance"
"Zika","Zika virus","polygon",-74.666595,5.456649,2015,"",NA,"Outbreak locations","Not specified",2,"GAUL2_13903","GAUL","Messina2016","Geolocated outbreak locations from literature and surveillance"
"Zika","Zika virus","polygon",-75.27241,2.937352,2016,"",NA,"Outbreak locations","Not specified",2,"GAUL2_13991","GAUL","Messina2016","Geolocated outbreak locations from literature and surveillance"
"Zika","Zika virus","polygon",-74.192924,11.233067,2015,"",NA,"Outbreak locations","Not specified",2,"GAUL2_14028","GAUL","Messina2016","Geolocated outbreak locations from literature and surveillance"
"Zika","Zika virus","polygon",-72.604828,7.937258,2015,"",NA,"Outbreak locations","Not specified",2,"GAUL2_14134","GAUL","Messina2016","Geolocated outbreak locations from literature and surveillance"
"Zika","Zika virus","polygon",-72.408393,8.361271,2015,"",NA,"Outbreak locations","Not specified",2,"GAUL2_14152","GAUL","Messina2016","Geolocated outbreak locations from literature and surveillance"
"Zika","Zika virus","polygon",-72.737751,8.642273,2015,"",NA,"Outbreak locations","Not specified",2,"GAUL2_14161","GAUL","Messina2016","Geolocated outbreak locations from literature and surveillance"
"Zika","Zika virus","polygon",-72.469699,7.843734,2015,"",NA,"Outbreak locations","Not specified",2,"GAUL2_14164","GAUL","Messina2016","Geolocated outbreak locations from literature and surveillance"
"Zika","Zika virus","polygon",-75.680576,4.831773,2015,"",NA,"Outbreak locations","Not specified",2,"GAUL2_14192","GAUL","Messina2016","Geolocated outbreak locations from literature and surveillance"
"Zika","Zika virus","polygon",-75.713745,4.804416,2015,"",NA,"Outbreak locations","Not specified",2,"GAUL2_14198","GAUL","Messina2016","Geolocated outbreak locations from literature and surveillance"
"Zika","Zika virus","polygon",-75.958018,4.949704,2015,"",NA,"Outbreak locations","Not specified",2,"GAUL2_14202","GAUL","Messina2016","Geolocated outbreak locations from literature and surveillance"
"Zika","Zika virus","polygon",-81.353484,13.359429,2015,"",NA,"Outbreak locations","Not specified",2,"GAUL2_14205","GAUL","Messina2016","Geolocated outbreak locations from literature and surveillance"
"Zika","Zika virus","polygon",-73.126092,7.117203,2015,"",NA,"Outbreak locations","Not specified",2,"GAUL2_14214","GAUL","Messina2016","Geolocated outbreak locations from literature and surveillance"
"Zika","Zika virus","polygon",-73.216677,7.11127,2015,"",NA,"Outbreak locations","Not specified",2,"GAUL2_14253","GAUL","Messina2016","Geolocated outbreak locations from literature and surveillance"
"Zika","Zika virus","polygon",-75.394841,9.292155,2015,"",NA,"Outbreak locations","Not specified",2,"GAUL2_14314","GAUL","Messina2016","Geolocated outbreak locations from literature and surveillance"
"Zika","Zika virus","polygon",-74.884335,4.14949,2015,"",NA,"Outbreak locations","Not specified",2,"GAUL2_14332","GAUL","Messina2016","Geolocated outbreak locations from literature and surveillance"
"Zika","Zika virus","polygon",-75.242446,4.444622,2015,"",NA,"Outbreak locations","Not specified",2,"GAUL2_14339","GAUL","Messina2016","Geolocated outbreak locations from literature and surveillance"
"Zika","Zika virus","polygon",-74.912666,4.860683,2015,"",NA,"Outbreak locations","Not specified",2,"GAUL2_14341","GAUL","Messina2016","Geolocated outbreak locations from literature and surveillance"
"Zika","Zika virus","polygon",-74.931203,4.714558,2015,"",NA,"Outbreak locations","Not specified",2,"GAUL2_14361","GAUL","Messina2016","Geolocated outbreak locations from literature and surveillance"
"Zika","Zika virus","polygon",-75.118041,5.030367,2015,"",NA,"Outbreak locations","Not specified",2,"GAUL2_14362","GAUL","Messina2016","Geolocated outbreak locations from literature and surveillance"
"Zika","Zika virus","polygon",-76.196294,4.091245,2016,"",NA,"Outbreak locations","Not specified",2,"GAUL2_14365","GAUL","Messina2016","Geolocated outbreak locations from literature and surveillance"
"Zika","Zika virus","polygon",-76.535789,3.452248,2016,"",NA,"Outbreak locations","Not specified",2,"GAUL2_14374","GAUL","Messina2016","Geolocated outbreak locations from literature and surveillance"
"Zika","Zika virus","polygon",-159.779892,-21.211535,2014,"",NA,"Outbreak locations","Not specified",2,"GAUL2_14469","GAUL","Messina2016","Geolocated outbreak locations from literature and surveillance"
"Zika","Zika virus","polygon",-3.501891,8.984096,1999,"",NA,"Outbreak locations","Not specified",2,"GAUL2_14945","GAUL","Messina2016","Geolocated outbreak locations from literature and surveillance"
"Zika","Zika virus","polygon",-89.119397,13.780828,2015,"",NA,"Outbreak locations","Not specified",2,"GAUL2_15762","GAUL","Messina2016","Geolocated outbreak locations from literature and surveillance"
"Zika","Zika virus","polygon",-88.371237,13.340458,2015,"",NA,"Outbreak locations","Not specified",2,"GAUL2_15810","GAUL","Messina2016","Geolocated outbreak locations from literature and surveillance"
"Zika","Zika virus","polygon",-88.561422,13.325746,2015,"",NA,"Outbreak locations","Not specified",2,"GAUL2_15812","GAUL","Messina2016","Geolocated outbreak locations from literature and surveillance"
"Zika","Zika virus","polygon",-140.098561,-8.907751,2013,"",NA,"Outbreak locations","Not specified",2,"GAUL2_16355","GAUL","Messina2016","Geolocated outbreak locations from literature and surveillance"
"Zika","Zika virus","polygon",-145.437971,-15.475843,2014,"",NA,"Outbreak locations","Not specified",2,"GAUL2_16355","GAUL","Messina2016","Geolocated outbreak locations from literature and surveillance"
"Zika","Zika virus","polygon",9.463309,0.401811,2007,"",NA,"Outbreak locations","Not specified",2,"GAUL2_16359","GAUL","Messina2016","Geolocated outbreak locations from literature and surveillance"
"Zika","Zika virus","polygon",9.596486,0.988813,2007,"",NA,"Outbreak locations","Not specified",2,"GAUL2_16360","GAUL","Messina2016","Geolocated outbreak locations from literature and surveillance"
"Zika","Zika virus","polygon",-72.307472,18.594153,2015,"",NA,"Outbreak locations","Not specified",2,"GAUL2_17198","GAUL","Messina2016","Geolocated outbreak locations from literature and surveillance"
"Zika","Zika virus","polygon",-72.288193,18.513731,2016,"",NA,"Outbreak locations","Not specified",2,"GAUL2_17198","GAUL","Messina2016","Geolocated outbreak locations from literature and surveillance"
"Zika","Zika virus","polygon",166.455059,-22.198278,2014,"",NA,"Outbreak locations","Not specified",2,"GAUL2_22378","GAUL","Messina2016","Geolocated outbreak locations from literature and surveillance"
"Zika","Zika virus","polygon",-86.236174,12.114903,2016,"",NA,"Outbreak locations","Not specified",2,"GAUL2_22489","GAUL","Messina2016","Geolocated outbreak locations from literature and surveillance"
"Zika","Zika virus","polygon",7.932985,5.883715,1953,"",NA,"Outbreak locations","Not specified",2,"GAUL2_22590","GAUL","Messina2016","Geolocated outbreak locations from literature and surveillance"
"Zika","Zika virus","polygon",-55.732098,-22.546149,2015,"",NA,"Outbreak locations","Not specified",2,"GAUL2_23808","GAUL","Messina2016","Geolocated outbreak locations from literature and surveillance"
"Zika","Zika virus","polygon",123.892987,10.309952,2012,"",NA,"Outbreak locations","Not specified",2,"GAUL2_24253","GAUL","Messina2016","Geolocated outbreak locations from literature and surveillance"
"Zika","Zika virus","polygon",99.007018,18.572163,2013,"",NA,"Outbreak locations","Not specified",2,"GAUL2_26628","GAUL","Messina2016","Geolocated outbreak locations from literature and surveillance"
"Zika","Zika virus","polygon",101.243454,16.723142,2014,"",NA,"Outbreak locations","Not specified",2,"GAUL2_26859","GAUL","Messina2016","Geolocated outbreak locations from literature and surveillance"
"Zika","Zika virus","polygon",99.749996,13.553368,2012,"",NA,"Outbreak locations","Not specified",2,"GAUL2_26933","GAUL","Messina2016","Geolocated outbreak locations from literature and surveillance"
"Zika","Zika virus","polygon",104.33064,15.114621,2013,"",NA,"Outbreak locations","Not specified",2,"GAUL2_27021","GAUL","Messina2016","Geolocated outbreak locations from literature and surveillance"
"Zika","Zika virus","polygon",34.721534,1.851638,1984,"",NA,"Outbreak locations","Not specified",2,"GAUL2_28491","GAUL","Messina2016","Geolocated outbreak locations from literature and surveillance"
"Zika","Zika virus","polygon",166.941724,-15.337996,2014,"",NA,"Outbreak locations","Not specified",2,"GAUL2_31852","GAUL","Messina2016","Geolocated outbreak locations from literature and surveillance"
"Zika","Zika virus","polygon",116.244486,5.301436,2014,"",NA,"Outbreak locations","Not specified",2,"GAUL2_37406","GAUL","Messina2016","Geolocated outbreak locations from literature and surveillance"
"Zika","Zika virus","polygon",67.092857,24.963845,1980,"",NA,"Outbreak locations","Not specified",2,"GAUL2_40398","GAUL","Messina2016","Geolocated outbreak locations from literature and surveillance"
"Zika","Zika virus","polygon",-109.349636,-27.113505,2014,"",NA,"Outbreak locations","Not specified",2,"GAUL2_149631","GAUL","Messina2016","Geolocated outbreak locations from literature and surveillance"
"Zika","Zika virus","polygon",3.894567,7.404473,1975,"",NA,"Outbreak locations","Not specified",2,"GAUL2_191233","GAUL","Messina2016","Geolocated outbreak locations from literature and surveillance"
"Zika","Zika virus","point",-109.412051,-27.153456,2014,"",NA,"Outbreak locations","Not specified",NA,"","GAUL","Messina2016","Geolocated outbreak locations from literature and surveillance"
"Zika","Zika virus","point",-54.237936,-25.34845,2015,"",NA,"Outbreak locations","Not specified",NA,"","GAUL","Messina2016","Geolocated outbreak locations from literature and surveillance"
"Zika","Zika virus","point",-40.316209,-20.310513,2015,"",NA,"Outbreak locations","Not specified",NA,"","GAUL","Messina2016","Geolocated outbreak locations from literature and surveillance"
"Zika","Zika virus","point",-40.299946,-20.258459,2015,"",NA,"Outbreak locations","Not specified",NA,"","GAUL","Messina2016","Geolocated outbreak locations from literature and surveillance"
"Zika","Zika virus","point",-63.397741,-17.355111,2016,"",NA,"Outbreak locations","Not specified",NA,"","GAUL","Messina2016","Geolocated outbreak locations from literature and surveillance"
"Zika","Zika virus","point",-151.461809,-16.729801,2013,"",NA,"Outbreak locations","Not specified",NA,"","GAUL","Messina2016","Geolocated outbreak locations from literature and surveillance"
"Zika","Zika virus","point",-140.102902,-8.908933,2013,"",NA,"Outbreak locations","Not specified",NA,"","GAUL","Messina2016","Geolocated outbreak locations from literature and surveillance"
"Zika","Zika virus","point",34.611096,1.758352,1984,"",NA,"Outbreak locations","Not specified",NA,"","GAUL","Messina2016","Geolocated outbreak locations from literature and surveillance"
"Zika","Zika virus","point",34.663061,1.845493,1984,"",NA,"Outbreak locations","Not specified",NA,"","GAUL","Messina2016","Geolocated outbreak locations from literature and surveillance"
"Zika","Zika virus","point",9.250445,4.152411,2010,"",NA,"Outbreak locations","Not specified",NA,"","GAUL","Messina2016","Geolocated outbreak locations from literature and surveillance"
"Zika","Zika virus","point",3.286264,7.435857,1975,"",NA,"Outbreak locations","Not specified",NA,"","GAUL","Messina2016","Geolocated outbreak locations from literature and surveillance"
"Zika","Zika virus","point",138.12112,9.517322,2007,"",NA,"Outbreak locations","Not specified",NA,"","GAUL","Messina2016","Geolocated outbreak locations from literature and surveillance"
"Zika","Zika virus","point",-87.485165,13.536852,2015,"",NA,"Outbreak locations","Not specified",NA,"","GAUL","Messina2016","Geolocated outbreak locations from literature and surveillance"
