"Disease","Pathogen","DataType","Country","Year","Longitude","Latitude","NumCases","LocationName","Admin_name","IfPolygon_AdminLevel","ADMcode","ADMSource","Source"
"Lassa fever","Lassa arenavirus","point","Cote d'Ivoire",1970,-5.57,7.67,1,"Beoumi","Beoumi Prefecture",NA,NA,NA,"Gibb2017"
"Lassa fever","Lassa arenavirus","point","Nigeria",1970,8.73,9.93,24,"Bassa","Benue Plateau State",NA,NA,NA,"Gibb2017"
"Lassa fever","Lassa arenavirus","point","Nigeria",1970,8.9,9.92,2,"Jos","Plateau State",NA,NA,NA,"Gibb2017"
"Lassa fever","Lassa arenavirus","point","Nigeria",1970,8.8814,9.9365,15,"Jos","Not specified",NA,NA,NA,"Gibb2017"
"Lassa fever","Lassa arenavirus","point","Sierra Leone",1970,-10.75,7.99,1,"Mobai","Kailahun District",NA,NA,NA,"Gibb2017"
"Lassa fever","Lassa arenavirus","point","Sierra Leone",1970,-11.06,8.22,63,"Tongo + Panguma","Kenema District",NA,NA,NA,"Gibb2017"
"Lassa fever","Lassa arenavirus","point","Sierra Leone",1970,-11.13,8.18,12,"Panguma","Kenema District",NA,NA,NA,"Gibb2017"
"Lassa fever","Lassa arenavirus","point","Sierra Leone",1970,-11.13,8.19,40,"Panguma","Kenema District",NA,NA,NA,"Gibb2017"
"Lassa fever","Lassa arenavirus","point","Liberia",1971,-10.8,6.61,1,"Hayes Gowien Town","Bomi County",NA,NA,NA,"Gibb2017"
"Lassa fever","Lassa arenavirus","point","Mali",1971,5.4,13.9,1,"Ntorosso","Segou region",NA,NA,NA,"Gibb2017"
"Lassa fever","Lassa arenavirus","point","Nigeria",1971,5.25,13.06,1,"Sokoto","Sokoto State",NA,NA,NA,"Gibb2017"
"Lassa fever","Lassa arenavirus","point","Liberia",1972,-9.58,6.99,11,"Suakoko","Bong County",NA,NA,NA,"Gibb2017"
"Lassa fever","Lassa arenavirus","point","Liberia",1972,-9.49,8.04,11,"Zigida","Lofa County",NA,NA,NA,"Gibb2017"
"Lassa fever","Lassa arenavirus","point","Liberia",1972,-9.49,8.04,11,"Zigida","Lofa County",NA,NA,NA,"Gibb2017"
"Lassa fever","Lassa arenavirus","point","Burkina Faso",1974,-4.77,10.63,1,"Banfora","Como��� ",NA,NA,NA,"Gibb2017"
"Lassa fever","Lassa arenavirus","point","Nigeria",1974,6.78,6.17,3,"Onitsha","East Central State",NA,NA,NA,"Gibb2017"
"Lassa fever","Lassa arenavirus","point","Nigeria",1974,9.98,7.27,1,"Takum","Adamawa State",NA,NA,NA,"Gibb2017"
"Lassa fever","Lassa arenavirus","point","Nigeria",1975,8.74,9.68,3,"Vom","Not specified",NA,NA,NA,"Gibb2017"
"Lassa fever","Lassa arenavirus","point","Nigeria",1975,8.28,9.78,1,"Zonkwa","Not specified",NA,NA,NA,"Gibb2017"
"Lassa fever","Lassa arenavirus","point","Sierra Leone",1975,-10.95,8,11,"Segbwema","Kailahun District",NA,NA,NA,"Gibb2017"
"Lassa fever","Lassa arenavirus","point","Liberia",1982,-8.98,7.23,4,"Ganta","Nimba County",NA,NA,NA,"Gibb2017"
"Lassa fever","Lassa arenavirus","point","Nigeria",1989,7.37,5.12,17,"Aba","Imo State",NA,NA,NA,"Gibb2017"
"Lassa fever","Lassa arenavirus","point","Nigeria",1989,7.2,5.55,9,"Aboh Mbaise","Imo State",NA,NA,NA,"Gibb2017"
"Lassa fever","Lassa arenavirus","point","Nigeria",1992,8.9,9.92,2,"Jos","Plateau State",NA,NA,NA,"Gibb2017"
"Lassa fever","Lassa arenavirus","point","Guinea",1996,-10.74,10.04,2,"Faranah","Faranah Prefecture",NA,NA,NA,"Gibb2017"
"Lassa fever","Lassa arenavirus","point","Guinea",1996,-12.85,10.04,1,"Kindia","Kindia Prefecture",NA,NA,NA,"Gibb2017"
"Lassa fever","Lassa arenavirus","point","Guinea",1996,-10.07,9.34,1,"Bambaya","Kissidougou Prefecture",NA,NA,NA,"Gibb2017"
"Lassa fever","Lassa arenavirus","point","Guinea",1996,-9.3,9.18,1,"Banankoro","Kissidougou Prefecture",NA,NA,NA,"Gibb2017"
"Lassa fever","Lassa arenavirus","point","Guinea",1996,-9.9,9.2,1,"Fedou","Kissidougou Prefecture",NA,NA,NA,"Gibb2017"
"Lassa fever","Lassa arenavirus","point","Guinea",1996,-10.1,9.19,3,"Kissidougou","Kissidougou Prefecture",NA,NA,NA,"Gibb2017"
"Lassa fever","Lassa arenavirus","point","Guinea",1996,-10.1,9.18,1,"Telekoro","Kissidougou Prefecture",NA,NA,NA,"Gibb2017"
"Lassa fever","Lassa arenavirus","point","Guinea",1996,-10.17,8.89,1,"Yende Milimou","Kissidougou Prefecture",NA,NA,NA,"Gibb2017"
"Lassa fever","Lassa arenavirus","point","Guinea",1996,-9.07,7.33,1,"Bignamou","Nzerekore",NA,NA,NA,"Gibb2017"
"Lassa fever","Lassa arenavirus","point","Guinea",1996,-8.95,7.35,1,"Dieke","Nzerekore",NA,NA,NA,"Gibb2017"
"Lassa fever","Lassa arenavirus","point","Guinea",1996,-8.8,7.8,1,"Koulenin","Nzerekore",NA,NA,NA,"Gibb2017"
"Lassa fever","Lassa arenavirus","point","Guinea",1996,-8.82,7.75,8,"N'Zerekore","Nzerekore",NA,NA,NA,"Gibb2017"
"Lassa fever","Lassa arenavirus","point","Sierra Leone",1996,-11.19,7.88,1,"Kenema","Kenema District",NA,NA,NA,"Gibb2017"
"Lassa fever","Lassa arenavirus","point","Sierra Leone",1996,-10.95,8,160,"Segbwema","Kailahun District",NA,NA,NA,"Gibb2017"
"Lassa fever","Lassa arenavirus","point","Sierra Leone",1996,-11.05,8.23,18,"Bomie","Kenema District",NA,NA,NA,"Gibb2017"
"Lassa fever","Lassa arenavirus","point","Sierra Leone",1996,-11.11,8.27,42,"Buima","Kenema District",NA,NA,NA,"Gibb2017"
"Lassa fever","Lassa arenavirus","point","Sierra Leone",1996,-10.95,7.92,10,"Daabu","Kenema District",NA,NA,NA,"Gibb2017"
"Lassa fever","Lassa arenavirus","point","Sierra Leone",1996,-11.19,7.88,77,"Kenema","Kenema District",NA,NA,NA,"Gibb2017"
"Lassa fever","Lassa arenavirus","point","Sierra Leone",1996,-11.22,8.15,10,"Macca","Kenema District",NA,NA,NA,"Gibb2017"
"Lassa fever","Lassa arenavirus","point","Sierra Leone",1996,-11.13,8.21,9,"Pandebu","Kenema District",NA,NA,NA,"Gibb2017"
"Lassa fever","Lassa arenavirus","point","Sierra Leone",1996,-11.13,8.18,44,"Panguma","Kenema District",NA,NA,NA,"Gibb2017"
"Lassa fever","Lassa arenavirus","point","Sierra Leone",1996,-11.09,8.22,25,"Tokpombu","Kenema District",NA,NA,NA,"Gibb2017"
"Lassa fever","Lassa arenavirus","point","Sierra Leone",1996,-11.05,8.22,24,"Tongo","Kenema District",NA,NA,NA,"Gibb2017"
"Lassa fever","Lassa arenavirus","point","Sierra Leone",1996,-11.06,8.22,25,"Tongola","Kenema District",NA,NA,NA,"Gibb2017"
"Lassa fever","Lassa arenavirus","point","Sierra Leone",1996,-10.95,8,11,"Segbwema","Kailahun District",NA,NA,NA,"Gibb2017"
"Lassa fever","Lassa arenavirus","point","Sierra Leone",2000,-10.84,7.99,1,"Daru ","Kailahun District",NA,NA,NA,"Gibb2017"
"Lassa fever","Lassa arenavirus","point","Nigeria",2001,6.21,6.73,17,"Irrua","Edo State",NA,NA,NA,"Gibb2017"
"Lassa fever","Lassa arenavirus","point","Nigeria",2001,6.21,6.73,12,"Irrua","Edo State",NA,NA,NA,"Gibb2017"
"Lassa fever","Lassa arenavirus","point","Sierra Leone",2001,-11.74,7.95,7,"Not specified","Bo District",NA,NA,NA,"Gibb2017"
"Lassa fever","Lassa arenavirus","point","Sierra Leone",2001,-10.57,8.27,22,"Not specified","Kailahun District",NA,NA,NA,"Gibb2017"
"Lassa fever","Lassa arenavirus","point","Sierra Leone",2001,-11.19,7.88,235,"Kenema","Kenema District",NA,NA,NA,"Gibb2017"
"Lassa fever","Lassa arenavirus","point","Sierra Leone",2001,-10.96,8.64,1,"Not specified","Kono District",NA,NA,NA,"Gibb2017"
"Lassa fever","Lassa arenavirus","point","Sierra Leone",2001,-11.72,7.36,3,"Not specified","Pujehun District",NA,NA,NA,"Gibb2017"
"Lassa fever","Lassa arenavirus","point","Sierra Leone",2003,-11.58,7.93,17,"Gerihun camp","Bo District",NA,NA,NA,"Gibb2017"
"Lassa fever","Lassa arenavirus","point","Sierra Leone",2003,-11.82,7.6,58,"Jimmi Bagbo camp","Bo District",NA,NA,NA,"Gibb2017"
"Lassa fever","Lassa arenavirus","point","Sierra Leone",2003,-11.1,8.04,9,"Largo","Kenema District",NA,NA,NA,"Gibb2017"
"Lassa fever","Lassa arenavirus","point","Sierra Leone",2003,-11.64,7.55,2,"Bandajuma camp","Moyamba District",NA,NA,NA,"Gibb2017"
"Lassa fever","Lassa arenavirus","point","Sierra Leone",2003,-12.06,8.2,4,"Taiama","Moyamba District",NA,NA,NA,"Gibb2017"
"Lassa fever","Lassa arenavirus","point","Liberia",2004,-8.98,7.23,4,"Ganta","Nimba County",NA,NA,NA,"Gibb2017"
"Lassa fever","Lassa arenavirus","point","Nigeria",2004,6.076,6.749,6,"Ekpoma","Edo State",NA,NA,NA,"Gibb2017"
"Lassa fever","Lassa arenavirus","point","Nigeria",2004,6.08,7.43,6,"Ibilo","Edo State",NA,NA,NA,"Gibb2017"
"Lassa fever","Lassa arenavirus","point","Nigeria",2004,6.11,7.27,6,"Igarra","Edo State",NA,NA,NA,"Gibb2017"
"Lassa fever","Lassa arenavirus","point","Liberia",2006,-8.71,6.95,20,"Louplay","Nimba County",NA,NA,NA,"Gibb2017"
"Lassa fever","Lassa arenavirus","point","Liberia",2007,-9.36,6.83,13,"Not specified","Bong County",NA,NA,NA,"Gibb2017"
"Lassa fever","Lassa arenavirus","point","Liberia",2007,-9.76,8.29,13,"Not specified","Lofa County",NA,NA,NA,"Gibb2017"
"Lassa fever","Lassa arenavirus","point","Liberia",2007,-8.72,7.03,13,"Not specified","Nimba",NA,NA,NA,"Gibb2017"
"Lassa fever","Lassa arenavirus","point","Liberia",2008,-9.36,6.83,12,"Not specified","Bong County",NA,NA,NA,"Gibb2017"
"Lassa fever","Lassa arenavirus","point","Liberia",2008,-9.76,8.29,1,"Not specified","Lofa County",NA,NA,NA,"Gibb2017"
"Lassa fever","Lassa arenavirus","point","Mali",2009,-7.16,10.59,1,"Soromba","Sikasso region",NA,NA,NA,"Gibb2017"
"Lassa fever","Lassa arenavirus","point","Nigeria",2009,7.007,6.27,1,"Not specified","Anambra State",NA,NA,NA,"Gibb2017"
"Lassa fever","Lassa arenavirus","point","Nigeria",2009,6.21,6.73,2,"Irrua","Edo State",NA,NA,NA,"Gibb2017"
"Lassa fever","Lassa arenavirus","point","Nigeria",2010,6.21,6.73,37,"Irrua","Edo State",NA,NA,NA,"Gibb2017"
"Lassa fever","Lassa arenavirus","point","Nigeria",2010,6.78,6.17,1,"Onitsha","East Central State",NA,NA,NA,"Gibb2017"
"Lassa fever","Lassa arenavirus","point","Nigeria",2010,8.09,6.32,2,"Abakaliki","Ebonyi State",NA,NA,NA,"Gibb2017"
"Lassa fever","Lassa arenavirus","point","Nigeria",2010,7.48,9.05,1,"Abuja","Federal Capital Territory",NA,NA,NA,"Gibb2017"
"Lassa fever","Lassa arenavirus","point","Nigeria",2010,8.9,9.92,3,"Jos","Plateau State",NA,NA,NA,"Gibb2017"
"Lassa fever","Lassa arenavirus","point","Sierra Leone",2010,-12.04,8.88,6,"Makeni","Tonkolili",NA,NA,NA,"Gibb2017"
"Lassa fever","Lassa arenavirus","point","Ghana",2011,-1.94,6.45,1,"Not specified","Amansie West",NA,NA,NA,"Gibb2017"
"Lassa fever","Lassa arenavirus","point","Ghana",2011,-1.94,6.45,1,"Not specified","Amansie West",NA,NA,NA,"Gibb2017"
"Lassa fever","Lassa arenavirus","point","Ghana",2011,-0.85,9.41,1,"Not specified","West Akim",NA,NA,NA,"Gibb2017"
"Lassa fever","Lassa arenavirus","point","Ghana",2013,-0.64,5.83,2,"Accra","Not specified",NA,NA,NA,"Gibb2017"
"Lassa fever","Lassa arenavirus","point","Benin",2014,1.67,10.78,15,"Tanguieta-Materi-Cobly","Atakora Department",NA,NA,NA,"Gibb2017"
"Lassa fever","Lassa arenavirus","point","Nigeria",2014,8.12,6.32,6,"Abakaliki","Ebonyi State",NA,NA,NA,"Gibb2017"
"Lassa fever","Lassa arenavirus","point","Nigeria",2014,3.91,7.4,1,"Ibadan","Oyo State",NA,NA,NA,"Gibb2017"
"Lassa fever","Lassa arenavirus","point","Sierra Leone",2014,-13.131,8.412,36,"Jui","Wester Area Rural",NA,NA,NA,"Gibb2017"
"Lassa fever","Lassa arenavirus","point","Nigeria",2016,8.52,8.48,2,"Not specified","Plateau State",NA,NA,NA,"Gibb2017"
"Lassa fever","Lassa arenavirus","point","Sierra Leone",2016,-10.5,7.593,1,"Nyiama","Kailahun District",NA,NA,NA,"Gibb2017"
"Lassa fever","Lassa arenavirus","point","Guinea",2019,-12.085,10.375,1,"Mamou","",NA,NA,NA,"Gibb2017"
"Lassa fever","Lassa arenavirus","point","Togo",2019,1.116,9.804,1,"","Dofelgou district, Kara",NA,NA,NA,"Gibb2017"
"Lassa fever","Lassa arenavirus","point","Benin",2018,2.337,6.393,1,"Cotonou","Cotonou",NA,NA,NA,"Gibb2017"
"Lassa fever","Lassa arenavirus","point","Liberia",2018,-8.473,7.355,2,"Gbehlay-Geh district","Nimba",NA,NA,NA,"Gibb2017"
"Lassa fever","Lassa arenavirus","point","Liberia",2018,-10.349,6.53,2,"Kakata","Margibi County",NA,NA,NA,"Gibb2017"
"Lassa fever","Lassa arenavirus","point","Nigeria",2017,3.888,8.669,1,"Shaki (reported Benin)","Shaki",NA,NA,NA,"Gibb2017"
"Lassa fever","Lassa arenavirus","point","Burkina Faso",2017,0.053,11.504,1,"","Ouargaye district",NA,NA,NA,"Gibb2017"
"Lassa fever","Lassa arenavirus","point","Mali",2016,-7.98,12.54,2,"Bamako","Bamako",NA,NA,NA,"Gibb2017"
"Lassa fever","Lassa arenavirus","point","Togo",2016,0.63,10.61,2,"Hopital Esperance","Oti district",NA,NA,NA,"Gibb2017"
"Lassa fever","Lassa arenavirus","polygon","Nigeria",2013,7.37245063171184,5.11310707645891,1,"Abia state","Aba North",2,"NG001001","Redding2021_shapefile","Redding2021"
"Lassa fever","Lassa arenavirus","polygon","Nigeria",2012,8.21965380561357,6.25985147453837,9,"Ebonyi state","Abakaliki",2,"NG011001","Redding2021_shapefile","Redding2021"
"Lassa fever","Lassa arenavirus","polygon","Nigeria",2014,8.21965380561357,6.25985147453837,13,"Ebonyi state","Abakaliki",2,"NG011001","Redding2021_shapefile","Redding2021"
"Lassa fever","Lassa arenavirus","polygon","Nigeria",2016,8.21965380561357,6.25985147453837,2,"Ebonyi state","Abakaliki",2,"NG011001","Redding2021_shapefile","Redding2021"
"Lassa fever","Lassa arenavirus","polygon","Nigeria",2018,8.21965380561357,6.25985147453837,24,"Ebonyi state","Abakaliki",2,"NG011001","Redding2021_shapefile","Redding2021"
"Lassa fever","Lassa arenavirus","polygon","Nigeria",2019,8.21965380561357,6.25985147453837,30,"Ebonyi state","Abakaliki",2,"NG011001","Redding2021_shapefile","Redding2021"
"Lassa fever","Lassa arenavirus","polygon","Nigeria",2016,3.36126332653284,7.15296420844192,2,"Ogun state","Abeokuta South",2,"NG028002","Redding2021_shapefile","Redding2021"
"Lassa fever","Lassa arenavirus","polygon","Nigeria",2017,3.36126332653284,7.15296420844192,5,"Ogun state","Abeokuta South",2,"NG028002","Redding2021_shapefile","Redding2021"
"Lassa fever","Lassa arenavirus","polygon","Nigeria",2012,7.40564230737125,8.9404367346816,1,"Federal Capital Territory state","Abuja Municipal",2,"NG015002","Redding2021_shapefile","Redding2021"
"Lassa fever","Lassa arenavirus","polygon","Nigeria",2016,7.40564230737125,8.9404367346816,2,"Federal Capital Territory state","Abuja Municipal",2,"NG015002","Redding2021_shapefile","Redding2021"
"Lassa fever","Lassa arenavirus","polygon","Nigeria",2018,7.40564230737125,8.9404367346816,3,"Federal Capital Territory state","Abuja Municipal",2,"NG015002","Redding2021_shapefile","Redding2021"
"Lassa fever","Lassa arenavirus","polygon","Nigeria",2016,3.08735601918646,6.62186759395431,1,"Ogun state","Ado-Odo/Ota",2,"NG028003","Redding2021_shapefile","Redding2021"
"Lassa fever","Lassa arenavirus","polygon","Nigeria",2018,5.26847704908647,7.61184417558075,2,"Ekiti state","Ado Ekiti",2,"NG013001","Redding2021_shapefile","Redding2021"
"Lassa fever","Lassa arenavirus","polygon","Nigeria",2018,7.92364440548645,5.8798768304695,2,"Ebonyi state","Afikpo North",2,"NG011002","Redding2021_shapefile","Redding2021"
"Lassa fever","Lassa arenavirus","polygon","Nigeria",2019,7.92364440548645,5.8798768304695,1,"Ebonyi state","Afikpo North",2,"NG011002","Redding2021_shapefile","Redding2021"
"Lassa fever","Lassa arenavirus","polygon","Nigeria",2017,6.59461318156598,7.51330146873968,1,"Kogi state","Ajaokuta",2,"NG023002","Redding2021_shapefile","Redding2021"
"Lassa fever","Lassa arenavirus","polygon","Nigeria",2018,6.59461318156598,7.51330146873968,2,"Kogi state","Ajaokuta",2,"NG023002","Redding2021_shapefile","Redding2021"
"Lassa fever","Lassa arenavirus","polygon","Nigeria",2018,6.1360340951569,7.36290942823,2,"Edo state","Akoko-Edo",2,"NG012001","Redding2021_shapefile","Redding2021"
"Lassa fever","Lassa arenavirus","polygon","Nigeria",2019,6.1360340951569,7.36290942823,3,"Edo state","Akoko-Edo",2,"NG012001","Redding2021_shapefile","Redding2021"
"Lassa fever","Lassa arenavirus","polygon","Nigeria",2019,5.78378991753659,7.63443415210578,2,"Ondo state","Akoko North West",2,"NG029002","Redding2021_shapefile","Redding2021"
"Lassa fever","Lassa arenavirus","polygon","Nigeria",2017,5.90990573929058,7.4289896233302,1,"Ondo state","Akoko South East",2,"NG029003","Redding2021_shapefile","Redding2021"
"Lassa fever","Lassa arenavirus","polygon","Nigeria",2019,5.90990573929058,7.4289896233302,4,"Ondo state","Akoko South East",2,"NG029003","Redding2021_shapefile","Redding2021"
"Lassa fever","Lassa arenavirus","polygon","Nigeria",2017,5.69560299828799,7.40475015059556,1,"Ondo state","Akoko South West",2,"NG029004","Redding2021_shapefile","Redding2021"
"Lassa fever","Lassa arenavirus","polygon","Nigeria",2018,5.69560299828799,7.40475015059556,6,"Ondo state","Akoko South West",2,"NG029004","Redding2021_shapefile","Redding2021"
"Lassa fever","Lassa arenavirus","polygon","Nigeria",2019,5.69560299828799,7.40475015059556,15,"Ondo state","Akoko South West",2,"NG029004","Redding2021_shapefile","Redding2021"
"Lassa fever","Lassa arenavirus","polygon","Nigeria",2016,5.31551891684184,7.26180436926887,1,"Ondo state","Akure North",2,"NG029005","Redding2021_shapefile","Redding2021"
"Lassa fever","Lassa arenavirus","polygon","Nigeria",2018,5.31551891684184,7.26180436926887,6,"Ondo state","Akure North",2,"NG029005","Redding2021_shapefile","Redding2021"
"Lassa fever","Lassa arenavirus","polygon","Nigeria",2019,5.31551891684184,7.26180436926887,18,"Ondo state","Akure North",2,"NG029005","Redding2021_shapefile","Redding2021"
"Lassa fever","Lassa arenavirus","polygon","Nigeria",2016,5.193435251417,7.21667985123482,4,"Ondo state","Akure South",2,"NG029006","Redding2021_shapefile","Redding2021"
"Lassa fever","Lassa arenavirus","polygon","Nigeria",2017,5.193435251417,7.21667985123482,6,"Ondo state","Akure South",2,"NG029006","Redding2021_shapefile","Redding2021"
"Lassa fever","Lassa arenavirus","polygon","Nigeria",2018,5.193435251417,7.21667985123482,9,"Ondo state","Akure South",2,"NG029006","Redding2021_shapefile","Redding2021"
"Lassa fever","Lassa arenavirus","polygon","Nigeria",2019,5.193435251417,7.21667985123482,14,"Ondo state","Akure South",2,"NG029006","Redding2021_shapefile","Redding2021"
"Lassa fever","Lassa arenavirus","polygon","Nigeria",2016,8.34164119817897,9.0301735292068,1,"Nasarawa state","Akwanga",2,"NG026001","Redding2021_shapefile","Redding2021"
"Lassa fever","Lassa arenavirus","polygon","Nigeria",2012,3.25877349639368,6.57428654212258,1,"Lagos state","Alimosho",2,"NG025003","Redding2021_shapefile","Redding2021"
"Lassa fever","Lassa arenavirus","polygon","Nigeria",2015,10.4831481903569,9.88788009841416,1,"Bauchi state","Alkaleri",2,"NG005001","Redding2021_shapefile","Redding2021"
"Lassa fever","Lassa arenavirus","polygon","Nigeria",2019,10.4831481903569,9.88788009841416,1,"Bauchi state","Alkaleri",2,"NG005001","Redding2021_shapefile","Redding2021"
"Lassa fever","Lassa arenavirus","polygon","Nigeria",2016,3.29371812576679,6.43281937087825,1,"Lagos state","Amuwo-Odofin",2,"NG025004","Redding2021_shapefile","Redding2021"
"Lassa fever","Lassa arenavirus","polygon","Nigeria",2018,6.88592014617813,6.31408740880957,1,"Anambra state","Anambra East",2,"NG004002","Redding2021_shapefile","Redding2021"
"Lassa fever","Lassa arenavirus","polygon","Nigeria",2018,6.80965677948015,6.49854007321142,3,"Anambra state","Anambra West",2,"NG004003","Redding2021_shapefile","Redding2021"
"Lassa fever","Lassa arenavirus","polygon","Nigeria",2018,6.48419673117203,6.13438265776337,1,"Delta state","Aniocha South",2,"NG010002","Redding2021_shapefile","Redding2021"
"Lassa fever","Lassa arenavirus","polygon","Nigeria",2018,11.1721049569695,8.81110304340644,1,"Taraba state","Ardo-Kola",2,"NG035001","Redding2021_shapefile","Redding2021"
"Lassa fever","Lassa arenavirus","polygon","Nigeria",2019,11.1721049569695,8.81110304340644,5,"Taraba state","Ardo-Kola",2,"NG035001","Redding2021_shapefile","Redding2021"
"Lassa fever","Lassa arenavirus","polygon","Nigeria",2019,7.80768544950248,5.51528748054077,1,"Abia state","Arochukwu",2,"NG001003","Redding2021_shapefile","Redding2021"
"Lassa fever","Lassa arenavirus","polygon","Nigeria",2014,3.9019289548295,8.23898505648341,1,"Oyo state","Atiba",2,"NG031003","Redding2021_shapefile","Redding2021"
"Lassa fever","Lassa arenavirus","polygon","Nigeria",2017,7.45307422911864,6.14950461321305,1,"Enugu state","Awgu",2,"NG014002","Redding2021_shapefile","Redding2021"
"Lassa fever","Lassa arenavirus","polygon","Nigeria",2018,7.05872606604946,6.34262476716713,1,"Anambra state","Awka North",2,"NG004005","Redding2021_shapefile","Redding2021"
"Lassa fever","Lassa arenavirus","polygon","Nigeria",2012,7.08761930369359,6.19742154218415,1,"Anambra state","Awka South",2,"NG004006","Redding2021_shapefile","Redding2021"
"Lassa fever","Lassa arenavirus","polygon","Nigeria",2018,7.08761930369359,6.19742154218415,1,"Anambra state","Awka South",2,"NG004006","Redding2021_shapefile","Redding2021"
"Lassa fever","Lassa arenavirus","polygon","Nigeria",2017,10.9975565232683,8.13341672634586,3,"Taraba state","Bali",2,"NG035002","Redding2021_shapefile","Redding2021"
"Lassa fever","Lassa arenavirus","polygon","Nigeria",2018,10.9975565232683,8.13341672634586,7,"Taraba state","Bali",2,"NG035002","Redding2021_shapefile","Redding2021"
"Lassa fever","Lassa arenavirus","polygon","Nigeria",2019,10.9975565232683,8.13341672634586,11,"Taraba state","Bali",2,"NG035002","Redding2021_shapefile","Redding2021"
"Lassa fever","Lassa arenavirus","polygon","Nigeria",2016,8.92670732119335,9.54968407758925,1,"Plateau state","Barikin Ladi",2,"NG032001","Redding2021_shapefile","Redding2021"
"Lassa fever","Lassa arenavirus","polygon","Nigeria",2017,8.92670732119335,9.54968407758925,1,"Plateau state","Barikin Ladi",2,"NG032001","Redding2021_shapefile","Redding2021"
"Lassa fever","Lassa arenavirus","polygon","Nigeria",2019,3.38288092011674,9.29155735887008,2,"Kwara state","Baruten",2,"NG024002","Redding2021_shapefile","Redding2021"
"Lassa fever","Lassa arenavirus","polygon","Nigeria",2012,8.78294622367997,10.0801469310208,2,"Plateau state","Bassa_Plateau",2,"NG032002","Redding2021_shapefile","Redding2021"
"Lassa fever","Lassa arenavirus","polygon","Nigeria",2016,8.78294622367997,10.0801469310208,1,"Plateau state","Bassa_Plateau",2,"NG032002","Redding2021_shapefile","Redding2021"
"Lassa fever","Lassa arenavirus","polygon","Nigeria",2017,8.78294622367997,10.0801469310208,1,"Plateau state","Bassa_Plateau",2,"NG032002","Redding2021_shapefile","Redding2021"
"Lassa fever","Lassa arenavirus","polygon","Nigeria",2019,8.78294622367997,10.0801469310208,8,"Plateau state","Bassa_Plateau",2,"NG032002","Redding2021_shapefile","Redding2021"
"Lassa fever","Lassa arenavirus","polygon","Nigeria",2012,9.93005534217433,10.2429983032971,1,"Bauchi state","Bauchi",2,"NG005002","Redding2021_shapefile","Redding2021"
"Lassa fever","Lassa arenavirus","polygon","Nigeria",2013,9.93005534217433,10.2429983032971,2,"Bauchi state","Bauchi",2,"NG005002","Redding2021_shapefile","Redding2021"
"Lassa fever","Lassa arenavirus","polygon","Nigeria",2014,9.93005534217433,10.2429983032971,2,"Bauchi state","Bauchi",2,"NG005002","Redding2021_shapefile","Redding2021"
"Lassa fever","Lassa arenavirus","polygon","Nigeria",2015,9.93005534217433,10.2429983032971,1,"Bauchi state","Bauchi",2,"NG005002","Redding2021_shapefile","Redding2021"
"Lassa fever","Lassa arenavirus","polygon","Nigeria",2016,9.93005534217433,10.2429983032971,3,"Bauchi state","Bauchi",2,"NG005002","Redding2021_shapefile","Redding2021"
"Lassa fever","Lassa arenavirus","polygon","Nigeria",2017,9.93005534217433,10.2429983032971,5,"Bauchi state","Bauchi",2,"NG005002","Redding2021_shapefile","Redding2021"
"Lassa fever","Lassa arenavirus","polygon","Nigeria",2018,9.93005534217433,10.2429983032971,10,"Bauchi state","Bauchi",2,"NG005002","Redding2021_shapefile","Redding2021"
"Lassa fever","Lassa arenavirus","polygon","Nigeria",2019,9.93005534217433,10.2429983032971,22,"Bauchi state","Bauchi",2,"NG005002","Redding2021_shapefile","Redding2021"
"Lassa fever","Lassa arenavirus","polygon","Nigeria",2019,4.26082631532545,12.4808330869825,3,"Kebbi state","Birnin Kebbi",2,"NG022006","Redding2021_shapefile","Redding2021"
"Lassa fever","Lassa arenavirus","polygon","Nigeria",2018,12.09838937419,10.7970019329891,1,"Borno state","Biu",2,"NG008005","Redding2021_shapefile","Redding2021"
"Lassa fever","Lassa arenavirus","polygon","Nigeria",2016,9.61420724618561,9.62822840613605,1,"Bauchi state","Bogoro",2,"NG005003","Redding2021_shapefile","Redding2021"
"Lassa fever","Lassa arenavirus","polygon","Nigeria",2018,9.61420724618561,9.62822840613605,2,"Bauchi state","Bogoro",2,"NG005003","Redding2021_shapefile","Redding2021"
"Lassa fever","Lassa arenavirus","polygon","Nigeria",2016,8.9216692908601,9.21744734881616,1,"Plateau state","Bokkos",2,"NG032003","Redding2021_shapefile","Redding2021"
"Lassa fever","Lassa arenavirus","polygon","Nigeria",2018,8.9216692908601,9.21744734881616,3,"Plateau state","Bokkos",2,"NG032003","Redding2021_shapefile","Redding2021"
"Lassa fever","Lassa arenavirus","polygon","Nigeria",2019,8.9216692908601,9.21744734881616,2,"Plateau state","Bokkos",2,"NG032003","Redding2021_shapefile","Redding2021"
"Lassa fever","Lassa arenavirus","polygon","Nigeria",2019,3.93239495053093,12.1895411985725,2,"Kebbi state","Bunza",2,"NG022007","Redding2021_shapefile","Redding2021"
"Lassa fever","Lassa arenavirus","polygon","Nigeria",2018,7.49857555473118,9.25973764555557,2,"Federal Capital Territory state","Bwari",2,"NG015003","Redding2021_shapefile","Redding2021"
"Lassa fever","Lassa arenavirus","polygon","Nigeria",2017,8.36264078989396,5.01094588140684,1,"Cross River state","Calabar-Municipal",2,"NG009010","Redding2021_shapefile","Redding2021"
"Lassa fever","Lassa arenavirus","polygon","Nigeria",2016,7.22486830857815,10.3614148978422,3,"Kaduna state","Chikun",2,"NG019002","Redding2021_shapefile","Redding2021"
"Lassa fever","Lassa arenavirus","polygon","Nigeria",2019,7.22486830857815,10.3614148978422,1,"Kaduna state","Chikun",2,"NG019002","Redding2021_shapefile","Redding2021"
"Lassa fever","Lassa arenavirus","polygon","Nigeria",2012,12.0142664896408,11.8331910545174,3,"Yobe state","Damaturu",2,"NG036003","Redding2021_shapefile","Redding2021"
"Lassa fever","Lassa arenavirus","polygon","Nigeria",2017,12.7477816813567,11.1300726632502,1,"Borno state","Damboa",2,"NG008007","Redding2021_shapefile","Redding2021"
"Lassa fever","Lassa arenavirus","polygon","Nigeria",2014,9.49286818576903,9.99978341677992,2,"Bauchi state","Dass",2,"NG005006","Redding2021_shapefile","Redding2021"
"Lassa fever","Lassa arenavirus","polygon","Nigeria",2015,9.49286818576903,9.99978341677992,1,"Bauchi state","Dass",2,"NG005006","Redding2021_shapefile","Redding2021"
"Lassa fever","Lassa arenavirus","polygon","Nigeria",2016,9.49286818576903,9.99978341677992,2,"Bauchi state","Dass",2,"NG005006","Redding2021_shapefile","Redding2021"
"Lassa fever","Lassa arenavirus","polygon","Nigeria",2018,9.49286818576903,9.99978341677992,2,"Bauchi state","Dass",2,"NG005006","Redding2021_shapefile","Redding2021"
"Lassa fever","Lassa arenavirus","polygon","Nigeria",2019,9.49286818576903,9.99978341677992,4,"Bauchi state","Dass",2,"NG005006","Redding2021_shapefile","Redding2021"
"Lassa fever","Lassa arenavirus","polygon","Nigeria",2016,8.67119953383185,11.8035874265743,1,"Kano state","Dawakin Kudu",2,"NG020009","Redding2021_shapefile","Redding2021"
"Lassa fever","Lassa arenavirus","polygon","Nigeria",2017,12.0245843572262,9.39823709400602,1,"Adamawa state","Demsa",2,"NG002001","Redding2021_shapefile","Redding2021"
"Lassa fever","Lassa arenavirus","polygon","Nigeria",2017,8.27659076339066,8.15151057785544,1,"Nasarawa state","Doma",2,"NG026003","Redding2021_shapefile","Redding2021"
"Lassa fever","Lassa arenavirus","polygon","Nigeria",2018,10.2601667330919,7.63898300692025,1,"Taraba state","Donga",2,"NG035003","Redding2021_shapefile","Redding2021"
"Lassa fever","Lassa arenavirus","polygon","Nigeria",2019,10.2601667330919,7.63898300692025,2,"Taraba state","Donga",2,"NG035003","Redding2021_shapefile","Redding2021"
"Lassa fever","Lassa arenavirus","polygon","Nigeria",2013,8.12221957095312,6.54168915864248,2,"Ebonyi state","Ebonyi",2,"NG011004","Redding2021_shapefile","Redding2021"
"Lassa fever","Lassa arenavirus","polygon","Nigeria",2014,8.12221957095312,6.54168915864248,7,"Ebonyi state","Ebonyi",2,"NG011004","Redding2021_shapefile","Redding2021"
"Lassa fever","Lassa arenavirus","polygon","Nigeria",2018,8.12221957095312,6.54168915864248,4,"Ebonyi state","Ebonyi",2,"NG011004","Redding2021_shapefile","Redding2021"
"Lassa fever","Lassa arenavirus","polygon","Nigeria",2019,8.12221957095312,6.54168915864248,3,"Ebonyi state","Ebonyi",2,"NG011004","Redding2021_shapefile","Redding2021"
"Lassa fever","Lassa arenavirus","polygon","Nigeria",2012,4.0582402002084,7.40709404855933,1,"Oyo state","Egbeda",2,"NG031005","Redding2021_shapefile","Redding2021"
"Lassa fever","Lassa arenavirus","polygon","Nigeria",2014,4.0582402002084,7.40709404855933,1,"Oyo state","Egbeda",2,"NG031005","Redding2021_shapefile","Redding2021"
"Lassa fever","Lassa arenavirus","polygon","Nigeria",2018,5.58750128453917,6.36343984010785,1,"Edo state","Egor",2,"NG012002","Redding2021_shapefile","Redding2021"
"Lassa fever","Lassa arenavirus","polygon","Nigeria",2019,5.58750128453917,6.36343984010785,1,"Edo state","Egor",2,"NG012002","Redding2021_shapefile","Redding2021"
"Lassa fever","Lassa arenavirus","polygon","Nigeria",2016,5.51495313223295,7.42321790984649,1,"Ekiti state","Emure",2,"NG013007","Redding2021_shapefile","Redding2021"
"Lassa fever","Lassa arenavirus","polygon","Nigeria",2019,7.55838833478431,6.54871310445528,1,"Enugu state","Enugu East",2,"NG014003","Redding2021_shapefile","Redding2021"
"Lassa fever","Lassa arenavirus","polygon","Nigeria",2012,6.25532858212162,6.72629045600767,140,"Edo state","Esan Central",2,"NG012003","Redding2021_shapefile","Redding2021"
"Lassa fever","Lassa arenavirus","polygon","Nigeria",2013,6.25532858212162,6.72629045600767,120,"Edo state","Esan Central",2,"NG012003","Redding2021_shapefile","Redding2021"
"Lassa fever","Lassa arenavirus","polygon","Nigeria",2014,6.25532858212162,6.72629045600767,60,"Edo state","Esan Central",2,"NG012003","Redding2021_shapefile","Redding2021"
"Lassa fever","Lassa arenavirus","polygon","Nigeria",2015,6.25532858212162,6.72629045600767,10,"Edo state","Esan Central",2,"NG012003","Redding2021_shapefile","Redding2021"
"Lassa fever","Lassa arenavirus","polygon","Nigeria",2016,6.25532858212162,6.72629045600767,22,"Edo state","Esan Central",2,"NG012003","Redding2021_shapefile","Redding2021"
"Lassa fever","Lassa arenavirus","polygon","Nigeria",2017,6.25532858212162,6.72629045600767,4,"Edo state","Esan Central",2,"NG012003","Redding2021_shapefile","Redding2021"
"Lassa fever","Lassa arenavirus","polygon","Nigeria",2018,6.25532858212162,6.72629045600767,23,"Edo state","Esan Central",2,"NG012003","Redding2021_shapefile","Redding2021"
"Lassa fever","Lassa arenavirus","polygon","Nigeria",2019,6.25532858212162,6.72629045600767,24,"Edo state","Esan Central",2,"NG012003","Redding2021_shapefile","Redding2021"
"Lassa fever","Lassa arenavirus","polygon","Nigeria",2017,6.39114386643289,6.76904974211672,12,"Edo state","Esan North East",2,"NG012004","Redding2021_shapefile","Redding2021"
"Lassa fever","Lassa arenavirus","polygon","Nigeria",2018,6.39114386643289,6.76904974211672,54,"Edo state","Esan North East",2,"NG012004","Redding2021_shapefile","Redding2021"
"Lassa fever","Lassa arenavirus","polygon","Nigeria",2019,6.39114386643289,6.76904974211672,60,"Edo state","Esan North East",2,"NG012004","Redding2021_shapefile","Redding2021"
"Lassa fever","Lassa arenavirus","polygon","Nigeria",2018,6.47183103577093,6.58814988122549,7,"Edo state","Esan South East",2,"NG012005","Redding2021_shapefile","Redding2021"
"Lassa fever","Lassa arenavirus","polygon","Nigeria",2019,6.47183103577093,6.58814988122549,7,"Edo state","Esan South East",2,"NG012005","Redding2021_shapefile","Redding2021"
"Lassa fever","Lassa arenavirus","polygon","Nigeria",2012,6.13713169044774,6.66312844281591,1,"Edo state","Esan West",2,"NG012006","Redding2021_shapefile","Redding2021"
"Lassa fever","Lassa arenavirus","polygon","Nigeria",2017,6.13713169044774,6.66312844281591,9,"Edo state","Esan West",2,"NG012006","Redding2021_shapefile","Redding2021"
"Lassa fever","Lassa arenavirus","polygon","Nigeria",2018,6.13713169044774,6.66312844281591,81,"Edo state","Esan West",2,"NG012006","Redding2021_shapefile","Redding2021"
"Lassa fever","Lassa arenavirus","polygon","Nigeria",2019,6.13713169044774,6.66312844281591,76,"Edo state","Esan West",2,"NG012006","Redding2021_shapefile","Redding2021"
"Lassa fever","Lassa arenavirus","polygon","Nigeria",2013,3.54597950549922,6.45608788252748,1,"Lagos state","Eti-Osa",2,"NG025008","Redding2021_shapefile","Redding2021"
"Lassa fever","Lassa arenavirus","polygon","Nigeria",2016,3.54597950549922,6.45608788252748,1,"Lagos state","Eti-Osa",2,"NG025008","Redding2021_shapefile","Redding2021"
"Lassa fever","Lassa arenavirus","polygon","Nigeria",2017,6.51760896912538,6.97583770791169,2,"Edo state","Etsako Central",2,"NG012007","Redding2021_shapefile","Redding2021"
"Lassa fever","Lassa arenavirus","polygon","Nigeria",2018,6.51760896912538,6.97583770791169,4,"Edo state","Etsako Central",2,"NG012007","Redding2021_shapefile","Redding2021"
"Lassa fever","Lassa arenavirus","polygon","Nigeria",2019,6.51760896912538,6.97583770791169,7,"Edo state","Etsako Central",2,"NG012007","Redding2021_shapefile","Redding2021"
"Lassa fever","Lassa arenavirus","polygon","Nigeria",2018,6.50578490848682,7.19799761868406,5,"Edo state","Etsako East",2,"NG012008","Redding2021_shapefile","Redding2021"
"Lassa fever","Lassa arenavirus","polygon","Nigeria",2019,6.50578490848682,7.19799761868406,8,"Edo state","Etsako East",2,"NG012008","Redding2021_shapefile","Redding2021"
"Lassa fever","Lassa arenavirus","polygon","Nigeria",2014,6.31250147625151,6.99310783174534,1,"Edo state","Etsako West",2,"NG012009","Redding2021_shapefile","Redding2021"
"Lassa fever","Lassa arenavirus","polygon","Nigeria",2017,6.31250147625151,6.99310783174534,4,"Edo state","Etsako West",2,"NG012009","Redding2021_shapefile","Redding2021"
"Lassa fever","Lassa arenavirus","polygon","Nigeria",2018,6.31250147625151,6.99310783174534,61,"Edo state","Etsako West",2,"NG012009","Redding2021_shapefile","Redding2021"
"Lassa fever","Lassa arenavirus","polygon","Nigeria",2019,6.31250147625151,6.99310783174534,87,"Edo state","Etsako West",2,"NG012009","Redding2021_shapefile","Redding2021"
"Lassa fever","Lassa arenavirus","polygon","Nigeria",2017,7.22338166523599,6.40672795639481,1,"Enugu state","Ezeagu",2,"NG014006","Redding2021_shapefile","Redding2021"
"Lassa fever","Lassa arenavirus","polygon","Nigeria",2017,7.97322563533156,6.26716565969117,3,"Ebonyi state","Ezza North",2,"NG011005","Redding2021_shapefile","Redding2021"
"Lassa fever","Lassa arenavirus","polygon","Nigeria",2018,7.97322563533156,6.26716565969117,4,"Ebonyi state","Ezza North",2,"NG011005","Redding2021_shapefile","Redding2021"
"Lassa fever","Lassa arenavirus","polygon","Nigeria",2019,7.97322563533156,6.26716565969117,2,"Ebonyi state","Ezza North",2,"NG011005","Redding2021_shapefile","Redding2021"
"Lassa fever","Lassa arenavirus","polygon","Nigeria",2018,7.99966502965935,6.12742581708969,2,"Ebonyi state","Ezza South",2,"NG011006","Redding2021_shapefile","Redding2021"
"Lassa fever","Lassa arenavirus","polygon","Nigeria",2019,7.99966502965935,6.12742581708969,2,"Ebonyi state","Ezza South",2,"NG011006","Redding2021_shapefile","Redding2021"
"Lassa fever","Lassa arenavirus","polygon","Nigeria",2018,11.3420334834354,10.7785608935636,1,"Gombe state","Funakaye",2,"NG016005","Redding2021_shapefile","Redding2021"
"Lassa fever","Lassa arenavirus","polygon","Nigeria",2017,10.0027281964273,10.7505375046862,1,"Bauchi state","Ganjuwa",2,"NG005008","Redding2021_shapefile","Redding2021"
"Lassa fever","Lassa arenavirus","polygon","Nigeria",2019,10.0027281964273,10.7505375046862,1,"Bauchi state","Ganjuwa",2,"NG005008","Redding2021_shapefile","Redding2021"
"Lassa fever","Lassa arenavirus","polygon","Nigeria",2015,8.40410683122781,11.6629473882382,2,"Kano state","Garum Mallam",2,"NG020015","Redding2021_shapefile","Redding2021"
"Lassa fever","Lassa arenavirus","polygon","Nigeria",2018,11.3704494867126,7.50781596287086,1,"Taraba state","Gashaka",2,"NG035004","Redding2021_shapefile","Redding2021"
"Lassa fever","Lassa arenavirus","polygon","Nigeria",2019,11.3704494867126,7.50781596287086,2,"Taraba state","Gashaka",2,"NG035004","Redding2021_shapefile","Redding2021"
"Lassa fever","Lassa arenavirus","polygon","Nigeria",2018,10.5430916008096,8.44364677921692,2,"Taraba state","Gassol",2,"NG035005","Redding2021_shapefile","Redding2021"
"Lassa fever","Lassa arenavirus","polygon","Nigeria",2019,10.5430916008096,8.44364677921692,1,"Taraba state","Gassol",2,"NG035005","Redding2021_shapefile","Redding2021"
"Lassa fever","Lassa arenavirus","polygon","Nigeria",2019,8.85979803777061,7.36700661331823,1,"Benue state","Gboko",2,"NG007005","Redding2021_shapefile","Redding2021"
"Lassa fever","Lassa arenavirus","polygon","Nigeria",2016,7.36624308353282,11.1187947399832,1,"Kaduna state","Giwa",2,"NG019003","Redding2021_shapefile","Redding2021"
"Lassa fever","Lassa arenavirus","polygon","Nigeria",2016,11.1602903768572,10.2911334555767,1,"Gombe state","Gombe",2,"NG016006","Redding2021_shapefile","Redding2021"
"Lassa fever","Lassa arenavirus","polygon","Nigeria",2018,11.1602903768572,10.2911334555767,1,"Gombe state","Gombe",2,"NG016006","Redding2021_shapefile","Redding2021"
"Lassa fever","Lassa arenavirus","polygon","Nigeria",2019,11.1602903768572,10.2911334555767,3,"Gombe state","Gombe",2,"NG016006","Redding2021_shapefile","Redding2021"
"Lassa fever","Lassa arenavirus","polygon","Nigeria",2019,5.14590176064704,12.0247810266057,1,"Zamfara state","Gummi",2,"NG037006","Redding2021_shapefile","Redding2021"
"Lassa fever","Lassa arenavirus","polygon","Nigeria",2012,7.0290926845698,9.06639146267214,1,"Federal Capital Territory state","Gwagwalada",2,"NG015004","Redding2021_shapefile","Redding2021"
"Lassa fever","Lassa arenavirus","polygon","Nigeria",2019,8.43565173916488,7.38717420330186,1,"Benue state","Gwer East",2,"NG007007","Redding2021_shapefile","Redding2021"
"Lassa fever","Lassa arenavirus","polygon","Nigeria",2014,3.90381576903615,7.42337997929582,5,"Oyo state","Ibadan North",2,"NG031006","Redding2021_shapefile","Redding2021"
"Lassa fever","Lassa arenavirus","polygon","Nigeria",2017,3.90381576903615,7.42337997929582,1,"Oyo state","Ibadan North",2,"NG031006","Redding2021_shapefile","Redding2021"
"Lassa fever","Lassa arenavirus","polygon","Nigeria",2019,3.90381576903615,7.42337997929582,1,"Oyo state","Ibadan North",2,"NG031006","Redding2021_shapefile","Redding2021"
"Lassa fever","Lassa arenavirus","polygon","Nigeria",2014,3.92482751453742,7.39076058151893,2,"Oyo state","Ibadan North East",2,"NG031007","Redding2021_shapefile","Redding2021"
"Lassa fever","Lassa arenavirus","polygon","Nigeria",2012,3.85087895399356,7.37438538690293,1,"Oyo state","Ibadan South West",2,"NG031010","Redding2021_shapefile","Redding2021"
"Lassa fever","Lassa arenavirus","polygon","Nigeria",2014,3.85087895399356,7.37438538690293,1,"Oyo state","Ibadan South West",2,"NG031010","Redding2021_shapefile","Redding2021"
"Lassa fever","Lassa arenavirus","polygon","Nigeria",2019,6.77255326857411,6.81106631095464,5,"Kogi state","Ibaji",2,"NG023006","Redding2021_shapefile","Redding2021"
"Lassa fever","Lassa arenavirus","polygon","Nigeria",2014,3.48707608756622,7.59203534053782,1,"Oyo state","Ibarapa East",2,"NG031012","Redding2021_shapefile","Redding2021"
"Lassa fever","Lassa arenavirus","polygon","Nigeria",2018,9.80777022130548,8.34605607375583,1,"Taraba state","Ibi",2,"NG035006","Redding2021_shapefile","Redding2021"
"Lassa fever","Lassa arenavirus","polygon","Nigeria",2012,6.73131290065987,7.06518491996799,1,"Kogi state","Idah",2,"NG023007","Redding2021_shapefile","Redding2021"
"Lassa fever","Lassa arenavirus","polygon","Nigeria",2014,6.73131290065987,7.06518491996799,1,"Kogi state","Idah",2,"NG023007","Redding2021_shapefile","Redding2021"
"Lassa fever","Lassa arenavirus","polygon","Nigeria",2016,6.73131290065987,7.06518491996799,1,"Kogi state","Idah",2,"NG023007","Redding2021_shapefile","Redding2021"
"Lassa fever","Lassa arenavirus","polygon","Nigeria",2018,6.73131290065987,7.06518491996799,5,"Kogi state","Idah",2,"NG023007","Redding2021_shapefile","Redding2021"
"Lassa fever","Lassa arenavirus","polygon","Nigeria",2018,5.19813893586927,6.97640957000286,1,"Ondo state","Idanre",2,"NG029008","Redding2021_shapefile","Redding2021"
"Lassa fever","Lassa arenavirus","polygon","Nigeria",2014,3.70821111700357,7.5145750216026,3,"Oyo state","Ido",2,"NG031014","Redding2021_shapefile","Redding2021"
"Lassa fever","Lassa arenavirus","polygon","Nigeria",2016,3.31094762724104,6.66302190683787,1,"Lagos state","Ifako-Ijaye",2,"NG025010","Redding2021_shapefile","Redding2021"
"Lassa fever","Lassa arenavirus","polygon","Nigeria",2016,4.53273571636872,7.54253845374995,1,"Osun state","Ife Central",2,"NG030011","Redding2021_shapefile","Redding2021"
"Lassa fever","Lassa arenavirus","polygon","Nigeria",2018,4.53273571636872,7.54253845374995,2,"Osun state","Ife Central",2,"NG030011","Redding2021_shapefile","Redding2021"
"Lassa fever","Lassa arenavirus","polygon","Nigeria",2017,5.09499344293167,7.37209024781466,1,"Ondo state","Ifedore",2,"NG029009","Redding2021_shapefile","Redding2021"
"Lassa fever","Lassa arenavirus","polygon","Nigeria",2019,5.09499344293167,7.37209024781466,1,"Ondo state","Ifedore",2,"NG029009","Redding2021_shapefile","Redding2021"
"Lassa fever","Lassa arenavirus","polygon","Nigeria",2017,7.54430136674826,10.7433225120422,1,"Kaduna state","Igabi",2,"NG019004","Redding2021_shapefile","Redding2021"
"Lassa fever","Lassa arenavirus","polygon","Nigeria",2019,7.54430136674826,10.7433225120422,1,"Kaduna state","Igabi",2,"NG019004","Redding2021_shapefile","Redding2021"
"Lassa fever","Lassa arenavirus","polygon","Nigeria",2019,7.45611190667299,7.02148533370458,1,"Enugu state","Igbo-Eze North",2,"NG014008","Redding2021_shapefile","Redding2021"
"Lassa fever","Lassa arenavirus","polygon","Nigeria",2019,5.96186795856465,7.83649038705532,1,"Kogi state","Ijumu",2,"NG023009","Redding2021_shapefile","Redding2021"
"Lassa fever","Lassa arenavirus","polygon","Nigeria",2018,8.20362523084028,11.2749976680924,2,"Kaduna state","Ikara",2,"NG019005","Redding2021_shapefile","Redding2021"
"Lassa fever","Lassa arenavirus","polygon","Nigeria",2019,3.56673559548779,6.61641899383125,1,"Lagos state","Ikorodu",2,"NG025012","Redding2021_shapefile","Redding2021"
"Lassa fever","Lassa arenavirus","polygon","Nigeria",2018,5.65105296374345,6.17029261075284,6,"Edo state","Ikpoba-Okha",2,"NG012011","Redding2021_shapefile","Redding2021"
"Lassa fever","Lassa arenavirus","polygon","Nigeria",2019,5.65105296374345,6.17029261075284,1,"Edo state","Ikpoba-Okha",2,"NG012011","Redding2021_shapefile","Redding2021"
"Lassa fever","Lassa arenavirus","polygon","Nigeria",2018,6.90578736521499,5.06474426701144,1,"Rivers state","Ikwerre",2,"NG033013","Redding2021_shapefile","Redding2021"
"Lassa fever","Lassa arenavirus","polygon","Nigeria",2017,8.18092610969802,6.08711657771534,1,"Ebonyi state","Ikwo",2,"NG011007","Redding2021_shapefile","Redding2021"
"Lassa fever","Lassa arenavirus","polygon","Nigeria",2019,8.18092610969802,6.08711657771534,2,"Ebonyi state","Ikwo",2,"NG011007","Redding2021_shapefile","Redding2021"
"Lassa fever","Lassa arenavirus","polygon","Nigeria",2017,4.84940369709613,7.26082335156016,1,"Ondo state","Ile-Oluji-Okeigbo",2,"NG029011","Redding2021_shapefile","Redding2021"
"Lassa fever","Lassa arenavirus","polygon","Nigeria",2014,4.75946583759901,7.60635958029136,1,"Osun state","Ilesha East",2,"NG030018","Redding2021_shapefile","Redding2021"
"Lassa fever","Lassa arenavirus","polygon","Nigeria",2018,7.80980218445535,6.40694835488369,1,"Ebonyi state","Ishielu",2,"NG011008","Redding2021_shapefile","Redding2021"
"Lassa fever","Lassa arenavirus","polygon","Nigeria",2019,7.80980218445535,6.40694835488369,1,"Ebonyi state","Ishielu",2,"NG011008","Redding2021_shapefile","Redding2021"
"Lassa fever","Lassa arenavirus","polygon","Nigeria",2019,7.05220532199058,5.68886071376917,1,"Imo state","Isu",2,"NG017010","Redding2021_shapefile","Redding2021"
"Lassa fever","Lassa arenavirus","polygon","Nigeria",2014,8.27626999823979,6.48785293180921,1,"Ebonyi state","Izzi",2,"NG011010","Redding2021_shapefile","Redding2021"
"Lassa fever","Lassa arenavirus","polygon","Nigeria",2016,8.27626999823979,6.48785293180921,1,"Ebonyi state","Izzi",2,"NG011010","Redding2021_shapefile","Redding2021"
"Lassa fever","Lassa arenavirus","polygon","Nigeria",2017,8.27626999823979,6.48785293180921,1,"Ebonyi state","Izzi",2,"NG011010","Redding2021_shapefile","Redding2021"
"Lassa fever","Lassa arenavirus","polygon","Nigeria",2018,8.27626999823979,6.48785293180921,7,"Ebonyi state","Izzi",2,"NG011010","Redding2021_shapefile","Redding2021"
"Lassa fever","Lassa arenavirus","polygon","Nigeria",2019,8.27626999823979,6.48785293180921,12,"Ebonyi state","Izzi",2,"NG011010","Redding2021_shapefile","Redding2021"
"Lassa fever","Lassa arenavirus","polygon","Nigeria",2012,11.3264404340274,8.91949101703969,13,"Taraba state","Jalingo",2,"NG035007","Redding2021_shapefile","Redding2021"
"Lassa fever","Lassa arenavirus","polygon","Nigeria",2015,11.3264404340274,8.91949101703969,1,"Taraba state","Jalingo",2,"NG035007","Redding2021_shapefile","Redding2021"
"Lassa fever","Lassa arenavirus","polygon","Nigeria",2016,11.3264404340274,8.91949101703969,1,"Taraba state","Jalingo",2,"NG035007","Redding2021_shapefile","Redding2021"
"Lassa fever","Lassa arenavirus","polygon","Nigeria",2017,11.3264404340274,8.91949101703969,21,"Taraba state","Jalingo",2,"NG035007","Redding2021_shapefile","Redding2021"
"Lassa fever","Lassa arenavirus","polygon","Nigeria",2018,11.3264404340274,8.91949101703969,9,"Taraba state","Jalingo",2,"NG035007","Redding2021_shapefile","Redding2021"
"Lassa fever","Lassa arenavirus","polygon","Nigeria",2019,11.3264404340274,8.91949101703969,15,"Taraba state","Jalingo",2,"NG035007","Redding2021_shapefile","Redding2021"
"Lassa fever","Lassa arenavirus","polygon","Nigeria",2019,4.42766058940039,12.1092849376062,1,"Kebbi state","Jega",2,"NG022011","Redding2021_shapefile","Redding2021"
"Lassa fever","Lassa arenavirus","polygon","Nigeria",2019,8.26063062620639,9.39772637707454,1,"Kaduna state","Jema'a",2,"NG019007","Redding2021_shapefile","Redding2021"
"Lassa fever","Lassa arenavirus","polygon","Nigeria",2012,9.11860174337553,9.88523951568945,1,"Plateau state","Jos East",2,"NG032004","Redding2021_shapefile","Redding2021"
"Lassa fever","Lassa arenavirus","polygon","Nigeria",2017,9.11860174337553,9.88523951568945,1,"Plateau state","Jos East",2,"NG032004","Redding2021_shapefile","Redding2021"
"Lassa fever","Lassa arenavirus","polygon","Nigeria",2012,8.90583155200015,9.94357941375256,5,"Plateau state","Jos North",2,"NG032005","Redding2021_shapefile","Redding2021"
"Lassa fever","Lassa arenavirus","polygon","Nigeria",2016,8.90583155200015,9.94357941375256,2,"Plateau state","Jos North",2,"NG032005","Redding2021_shapefile","Redding2021"
"Lassa fever","Lassa arenavirus","polygon","Nigeria",2017,8.90583155200015,9.94357941375256,4,"Plateau state","Jos North",2,"NG032005","Redding2021_shapefile","Redding2021"
"Lassa fever","Lassa arenavirus","polygon","Nigeria",2018,8.90583155200015,9.94357941375256,10,"Plateau state","Jos North",2,"NG032005","Redding2021_shapefile","Redding2021"
"Lassa fever","Lassa arenavirus","polygon","Nigeria",2019,8.90583155200015,9.94357941375256,14,"Plateau state","Jos North",2,"NG032005","Redding2021_shapefile","Redding2021"
"Lassa fever","Lassa arenavirus","polygon","Nigeria",2016,8.83120818854425,9.76084454740847,2,"Plateau state","Jos South",2,"NG032006","Redding2021_shapefile","Redding2021"
"Lassa fever","Lassa arenavirus","polygon","Nigeria",2019,8.83120818854425,9.76084454740847,3,"Plateau state","Jos South",2,"NG032006","Redding2021_shapefile","Redding2021"
"Lassa fever","Lassa arenavirus","polygon","Nigeria",2019,7.65816585854286,9.83903588633873,1,"Kaduna state","Kachia",2,"NG019008","Redding2021_shapefile","Redding2021"
"Lassa fever","Lassa arenavirus","polygon","Nigeria",2018,7.41245837662699,10.5076719789643,1,"Kaduna state","Kaduna South",2,"NG019010","Redding2021_shapefile","Redding2021"
"Lassa fever","Lassa arenavirus","polygon","Nigeria",2016,10.0968185445777,9.5013896871337,1,"Plateau state","Kanam",2,"NG032007","Redding2021_shapefile","Redding2021"
"Lassa fever","Lassa arenavirus","polygon","Nigeria",2019,10.0968185445777,9.5013896871337,1,"Plateau state","Kanam",2,"NG032007","Redding2021_shapefile","Redding2021"
"Lassa fever","Lassa arenavirus","polygon","Nigeria",2017,10.8628919515056,9.20192485756752,5,"Taraba state","Karim-Lamido",2,"NG035008","Redding2021_shapefile","Redding2021"
"Lassa fever","Lassa arenavirus","polygon","Nigeria",2019,10.8628919515056,9.20192485756752,2,"Taraba state","Karim-Lamido",2,"NG035008","Redding2021_shapefile","Redding2021"
"Lassa fever","Lassa arenavirus","polygon","Nigeria",2017,7.79731403821572,9.04116823440022,1,"Nasarawa state","Karu",2,"NG026004","Redding2021_shapefile","Redding2021"
"Lassa fever","Lassa arenavirus","polygon","Nigeria",2019,7.79731403821572,9.04116823440022,2,"Nasarawa state","Karu",2,"NG026004","Redding2021_shapefile","Redding2021"
"Lassa fever","Lassa arenavirus","polygon","Nigeria",2017,8.5209396191922,12.6508246093711,1,"Jigawa state","Kazaure",2,"NG018017","Redding2021_shapefile","Redding2021"
"Lassa fever","Lassa arenavirus","polygon","Nigeria",2016,8.76022714297552,8.18183501726817,1,"Nasarawa state","Keana",2,"NG026005","Redding2021_shapefile","Redding2021"
"Lassa fever","Lassa arenavirus","polygon","Nigeria",2018,7.85991672682092,8.85706583796464,1,"Nasarawa state","Keffi",2,"NG026006","Redding2021_shapefile","Redding2021"
"Lassa fever","Lassa arenavirus","polygon","Nigeria",2017,8.07492238819468,8.73991618946017,1,"Nasarawa state","Kokona",2,"NG026007","Redding2021_shapefile","Redding2021"
"Lassa fever","Lassa arenavirus","polygon","Nigeria",2012,8.72321891441671,8.63820030343327,4,"Nasarawa state","Lafia",2,"NG026008","Redding2021_shapefile","Redding2021"
"Lassa fever","Lassa arenavirus","polygon","Nigeria",2013,8.72321891441671,8.63820030343327,1,"Nasarawa state","Lafia",2,"NG026008","Redding2021_shapefile","Redding2021"
"Lassa fever","Lassa arenavirus","polygon","Nigeria",2014,8.72321891441671,8.63820030343327,1,"Nasarawa state","Lafia",2,"NG026008","Redding2021_shapefile","Redding2021"
"Lassa fever","Lassa arenavirus","polygon","Nigeria",2015,8.72321891441671,8.63820030343327,2,"Nasarawa state","Lafia",2,"NG026008","Redding2021_shapefile","Redding2021"
"Lassa fever","Lassa arenavirus","polygon","Nigeria",2016,8.72321891441671,8.63820030343327,8,"Nasarawa state","Lafia",2,"NG026008","Redding2021_shapefile","Redding2021"
"Lassa fever","Lassa arenavirus","polygon","Nigeria",2017,8.72321891441671,8.63820030343327,5,"Nasarawa state","Lafia",2,"NG026008","Redding2021_shapefile","Redding2021"
"Lassa fever","Lassa arenavirus","polygon","Nigeria",2018,8.72321891441671,8.63820030343327,3,"Nasarawa state","Lafia",2,"NG026008","Redding2021_shapefile","Redding2021"
"Lassa fever","Lassa arenavirus","polygon","Nigeria",2019,8.72321891441671,8.63820030343327,2,"Nasarawa state","Lafia",2,"NG026008","Redding2021_shapefile","Redding2021"
"Lassa fever","Lassa arenavirus","polygon","Nigeria",2014,4.05756004749516,7.51923649232134,2,"Oyo state","Lagelu",2,"NG031020","Redding2021_shapefile","Redding2021"
"Lassa fever","Lassa arenavirus","polygon","Nigeria",2016,9.81663146910128,9.09101079653142,1,"Plateau state","Langtang North",2,"NG032009","Redding2021_shapefile","Redding2021"
"Lassa fever","Lassa arenavirus","polygon","Nigeria",2018,9.81663146910128,9.09101079653142,2,"Plateau state","Langtang North",2,"NG032009","Redding2021_shapefile","Redding2021"
"Lassa fever","Lassa arenavirus","polygon","Nigeria",2019,9.81663146910128,9.09101079653142,1,"Plateau state","Langtang North",2,"NG032009","Redding2021_shapefile","Redding2021"
"Lassa fever","Lassa arenavirus","polygon","Nigeria",2016,9.81490395929171,8.59886986605249,1,"Plateau state","Langtang South",2,"NG032010","Redding2021_shapefile","Redding2021"
"Lassa fever","Lassa arenavirus","polygon","Nigeria",2017,9.81490395929171,8.59886986605249,1,"Plateau state","Langtang South",2,"NG032010","Redding2021_shapefile","Redding2021"
"Lassa fever","Lassa arenavirus","polygon","Nigeria",2018,9.81490395929171,8.59886986605249,2,"Plateau state","Langtang South",2,"NG032010","Redding2021_shapefile","Redding2021"
"Lassa fever","Lassa arenavirus","polygon","Nigeria",2017,11.4101538507305,9.18485820205369,1,"Taraba state","Lau",2,"NG035010","Redding2021_shapefile","Redding2021"
"Lassa fever","Lassa arenavirus","polygon","Nigeria",2018,11.4101538507305,9.18485820205369,1,"Taraba state","Lau",2,"NG035010","Redding2021_shapefile","Redding2021"
"Lassa fever","Lassa arenavirus","polygon","Nigeria",2019,11.4101538507305,9.18485820205369,1,"Taraba state","Lau",2,"NG035010","Redding2021_shapefile","Redding2021"
"Lassa fever","Lassa arenavirus","polygon","Nigeria",2012,8.56666016732353,10.3692509340211,1,"Kaduna state","Lere",2,"NG019017","Redding2021_shapefile","Redding2021"
"Lassa fever","Lassa arenavirus","polygon","Nigeria",2018,6.47028632806275,8.20597945809356,2,"Kogi state","Lokoja",2,"NG023012","Redding2021_shapefile","Redding2021"
"Lassa fever","Lassa arenavirus","polygon","Nigeria",2019,6.47028632806275,8.20597945809356,1,"Kogi state","Lokoja",2,"NG023012","Redding2021_shapefile","Redding2021"
"Lassa fever","Lassa arenavirus","polygon","Nigeria",2017,13.1203421234039,11.8365209528093,1,"Borno state","Maiduguri",2,"NG008021","Redding2021_shapefile","Redding2021"
"Lassa fever","Lassa arenavirus","polygon","Nigeria",2013,8.52042659951651,7.73861955454609,6,"Benue state","Makurdi",2,"NG007013","Redding2021_shapefile","Redding2021"
"Lassa fever","Lassa arenavirus","polygon","Nigeria",2019,8.52042659951651,7.73861955454609,7,"Benue state","Makurdi",2,"NG007013","Redding2021_shapefile","Redding2021"
"Lassa fever","Lassa arenavirus","polygon","Nigeria",2016,9.1830335211833,9.40158636543632,1,"Plateau state","Mangu",2,"NG032011","Redding2021_shapefile","Redding2021"
"Lassa fever","Lassa arenavirus","polygon","Nigeria",2018,9.1830335211833,9.40158636543632,2,"Plateau state","Mangu",2,"NG032011","Redding2021_shapefile","Redding2021"
"Lassa fever","Lassa arenavirus","polygon","Nigeria",2019,9.1830335211833,9.40158636543632,1,"Plateau state","Mangu",2,"NG032011","Redding2021_shapefile","Redding2021"
"Lassa fever","Lassa arenavirus","polygon","Nigeria",2017,9.60680205378832,9.01644939870613,1,"Plateau state","Mikang",2,"NG032012","Redding2021_shapefile","Redding2021"
"Lassa fever","Lassa arenavirus","polygon","Nigeria",2018,3.35086906566914,6.53147880795949,1,"Lagos state","Mushin",2,"NG025016","Redding2021_shapefile","Redding2021"
"Lassa fever","Lassa arenavirus","polygon","Nigeria",2019,8.43569323681045,8.75138548250516,1,"Nasarawa state","Nasarawa-Eggon",2,"NG026010","Redding2021_shapefile","Redding2021"
"Lassa fever","Lassa arenavirus","polygon","Nigeria",2017,8.5782623492209,12.0044569865314,1,"Kano state","Nasarawa_Kano",2,"NG020031","Redding2021_shapefile","Redding2021"
"Lassa fever","Lassa arenavirus","polygon","Nigeria",2019,7.7602719438996,8.30403441407275,1,"Nasarawa state","Nasarawa_Nasarawa",2,"NG026009","Redding2021_shapefile","Redding2021"
"Lassa fever","Lassa arenavirus","polygon","Nigeria",2017,6.51240176050269,5.68591800791703,1,"Delta state","Ndokwa East",2,"NG010011","Redding2021_shapefile","Redding2021"
"Lassa fever","Lassa arenavirus","polygon","Nigeria",2018,6.51240176050269,5.68591800791703,1,"Delta state","Ndokwa East",2,"NG010011","Redding2021_shapefile","Redding2021"
"Lassa fever","Lassa arenavirus","polygon","Nigeria",2018,6.3419988547363,5.80067808851074,1,"Delta state","Ndokwa West",2,"NG010012","Redding2021_shapefile","Redding2021"
"Lassa fever","Lassa arenavirus","polygon","Nigeria",2019,6.3419988547363,5.80067808851074,1,"Delta state","Ndokwa West",2,"NG010012","Redding2021_shapefile","Redding2021"
"Lassa fever","Lassa arenavirus","polygon","Nigeria",2018,7.66614898981845,6.31860974061586,1,"Enugu state","Nkanu East",2,"NG014011","Redding2021_shapefile","Redding2021"
"Lassa fever","Lassa arenavirus","polygon","Nigeria",2016,6.91443417645156,6.00968799209565,1,"Anambra state","Nnewi North",2,"NG004014","Redding2021_shapefile","Redding2021"
"Lassa fever","Lassa arenavirus","polygon","Nigeria",2016,8.73477699376613,8.35534007686497,1,"Nasarawa state","Obi_Nasarawa",2,"NG026011","Redding2021_shapefile","Redding2021"
"Lassa fever","Lassa arenavirus","polygon","Nigeria",2013,7.01124048255383,4.8654731718812,1,"Rivers state","Obia/Akpor",2,"NG033015","Redding2021_shapefile","Redding2021"
"Lassa fever","Lassa arenavirus","polygon","Nigeria",2015,7.01124048255383,4.8654731718812,2,"Rivers state","Obia/Akpor",2,"NG033015","Redding2021_shapefile","Redding2021"
"Lassa fever","Lassa arenavirus","polygon","Nigeria",2016,7.01124048255383,4.8654731718812,3,"Rivers state","Obia/Akpor",2,"NG033015","Redding2021_shapefile","Redding2021"
"Lassa fever","Lassa arenavirus","polygon","Nigeria",2018,7.01124048255383,4.8654731718812,1,"Rivers state","Obia/Akpor",2,"NG033015","Redding2021_shapefile","Redding2021"
"Lassa fever","Lassa arenavirus","polygon","Nigeria",2019,7.01124048255383,4.8654731718812,1,"Rivers state","Obia/Akpor",2,"NG033015","Redding2021_shapefile","Redding2021"
"Lassa fever","Lassa arenavirus","polygon","Nigeria",2018,7.78857856232429,6.0115999826542,2,"Ebonyi state","Ohaozara",2,"NG011011","Redding2021_shapefile","Redding2021"
"Lassa fever","Lassa arenavirus","polygon","Nigeria",2018,7.98561449135212,6.52842789441678,4,"Ebonyi state","Ohaukwu",2,"NG011012","Redding2021_shapefile","Redding2021"
"Lassa fever","Lassa arenavirus","polygon","Nigeria",2019,7.98561449135212,6.52842789441678,2,"Ebonyi state","Ohaukwu",2,"NG011012","Redding2021_shapefile","Redding2021"
"Lassa fever","Lassa arenavirus","polygon","Nigeria",2018,3.16221375338442,6.45427480420299,1,"Lagos state","Ojo",2,"NG025017","Redding2021_shapefile","Redding2021"
"Lassa fever","Lassa arenavirus","polygon","Nigeria",2016,6.34736055868778,7.46755827581814,1,"Kogi state","Okene",2,"NG023017","Redding2021_shapefile","Redding2021"
"Lassa fever","Lassa arenavirus","polygon","Nigeria",2018,6.34736055868778,7.46755827581814,4,"Kogi state","Okene",2,"NG023017","Redding2021_shapefile","Redding2021"
"Lassa fever","Lassa arenavirus","polygon","Nigeria",2018,7.32418246896623,5.82967466557898,1,"Imo state","Okigwe",2,"NG017019","Redding2021_shapefile","Redding2021"
"Lassa fever","Lassa arenavirus","polygon","Nigeria",2019,4.69511850908683,6.56363523896328,1,"Ondo state","Okitipupa",2,"NG029014","Redding2021_shapefile","Redding2021"
"Lassa fever","Lassa arenavirus","polygon","Nigeria",2017,4.75263007550788,6.99854153505285,1,"Ondo state","Ondo West",2,"NG029016","Redding2021_shapefile","Redding2021"
"Lassa fever","Lassa arenavirus","polygon","Nigeria",2018,4.75263007550788,6.99854153505285,1,"Ondo state","Ondo West",2,"NG029016","Redding2021_shapefile","Redding2021"
"Lassa fever","Lassa arenavirus","polygon","Nigeria",2018,7.84948620510225,6.11314163117561,2,"Ebonyi state","Onicha",2,"NG011013","Redding2021_shapefile","Redding2021"
"Lassa fever","Lassa arenavirus","polygon","Nigeria",2016,7.85461408557082,4.62926558440413,1,"Akwa Ibom state","Onna",2,"NG003024","Redding2021_shapefile","Redding2021"
"Lassa fever","Lassa arenavirus","polygon","Nigeria",2018,5.55385056996868,6.22650889522185,1,"Edo state","Oredo",2,"NG012012","Redding2021_shapefile","Redding2021"
"Lassa fever","Lassa arenavirus","polygon","Nigeria",2019,5.55385056996868,6.22650889522185,7,"Edo state","Oredo",2,"NG012012","Redding2021_shapefile","Redding2021"
"Lassa fever","Lassa arenavirus","polygon","Nigeria",2017,6.00295412212398,6.06649740604552,4,"Edo state","Orhionmwon",2,"NG012013","Redding2021_shapefile","Redding2021"
"Lassa fever","Lassa arenavirus","polygon","Nigeria",2018,7.03414946191343,5.80647230396329,1,"Imo state","Orlu",2,"NG017020","Redding2021_shapefile","Redding2021"
"Lassa fever","Lassa arenavirus","polygon","Nigeria",2018,6.94153115822431,5.71157186237018,1,"Imo state","Oru East",2,"NG017022","Redding2021_shapefile","Redding2021"
"Lassa fever","Lassa arenavirus","polygon","Nigeria",2012,5.74021878132247,7.05220899021635,6,"Ondo state","Ose",2,"NG029017","Redding2021_shapefile","Redding2021"
"Lassa fever","Lassa arenavirus","polygon","Nigeria",2013,5.74021878132247,7.05220899021635,19,"Ondo state","Ose",2,"NG029017","Redding2021_shapefile","Redding2021"
"Lassa fever","Lassa arenavirus","polygon","Nigeria",2014,5.74021878132247,7.05220899021635,1,"Ondo state","Ose",2,"NG029017","Redding2021_shapefile","Redding2021"
"Lassa fever","Lassa arenavirus","polygon","Nigeria",2015,5.74021878132247,7.05220899021635,1,"Ondo state","Ose",2,"NG029017","Redding2021_shapefile","Redding2021"
"Lassa fever","Lassa arenavirus","polygon","Nigeria",2016,5.74021878132247,7.05220899021635,2,"Ondo state","Ose",2,"NG029017","Redding2021_shapefile","Redding2021"
"Lassa fever","Lassa arenavirus","polygon","Nigeria",2017,5.74021878132247,7.05220899021635,9,"Ondo state","Ose",2,"NG029017","Redding2021_shapefile","Redding2021"
"Lassa fever","Lassa arenavirus","polygon","Nigeria",2018,5.74021878132247,7.05220899021635,22,"Ondo state","Ose",2,"NG029017","Redding2021_shapefile","Redding2021"
"Lassa fever","Lassa arenavirus","polygon","Nigeria",2019,5.74021878132247,7.05220899021635,45,"Ondo state","Ose",2,"NG029017","Redding2021_shapefile","Redding2021"
"Lassa fever","Lassa arenavirus","polygon","Nigeria",2018,6.64503682961719,6.31518568961791,2,"Delta state","Oshimili North",2,"NG010014","Redding2021_shapefile","Redding2021"
"Lassa fever","Lassa arenavirus","polygon","Nigeria",2016,6.67774224076228,6.09436149136487,1,"Delta state","Oshimili South",2,"NG010015","Redding2021_shapefile","Redding2021"
"Lassa fever","Lassa arenavirus","polygon","Nigeria",2018,6.67774224076228,6.09436149136487,8,"Delta state","Oshimili South",2,"NG010015","Redding2021_shapefile","Redding2021"
"Lassa fever","Lassa arenavirus","polygon","Nigeria",2019,6.67774224076228,6.09436149136487,2,"Delta state","Oshimili South",2,"NG010015","Redding2021_shapefile","Redding2021"
"Lassa fever","Lassa arenavirus","polygon","Nigeria",2018,8.05264489274034,7.31556313729005,1,"Benue state","Oturkpo",2,"NG007019","Redding2021_shapefile","Redding2021"
"Lassa fever","Lassa arenavirus","polygon","Nigeria",2013,5.53404941292268,6.48799356678094,4,"Edo state","Ovia North East",2,"NG012014","Redding2021_shapefile","Redding2021"
"Lassa fever","Lassa arenavirus","polygon","Nigeria",2016,5.53404941292268,6.48799356678094,1,"Edo state","Ovia North East",2,"NG012014","Redding2021_shapefile","Redding2021"
"Lassa fever","Lassa arenavirus","polygon","Nigeria",2017,5.53404941292268,6.48799356678094,2,"Edo state","Ovia North East",2,"NG012014","Redding2021_shapefile","Redding2021"
"Lassa fever","Lassa arenavirus","polygon","Nigeria",2018,5.53404941292268,6.48799356678094,14,"Edo state","Ovia North East",2,"NG012014","Redding2021_shapefile","Redding2021"
"Lassa fever","Lassa arenavirus","polygon","Nigeria",2019,5.53404941292268,6.48799356678094,11,"Edo state","Ovia North East",2,"NG012014","Redding2021_shapefile","Redding2021"
"Lassa fever","Lassa arenavirus","polygon","Nigeria",2018,6.0591332469267,7.04429925197376,3,"Edo state","Owan East",2,"NG012016","Redding2021_shapefile","Redding2021"
"Lassa fever","Lassa arenavirus","polygon","Nigeria",2019,6.0591332469267,7.04429925197376,1,"Edo state","Owan East",2,"NG012016","Redding2021_shapefile","Redding2021"
"Lassa fever","Lassa arenavirus","polygon","Nigeria",2018,5.89863156458615,6.92364666174786,13,"Edo state","Owan West",2,"NG012017","Redding2021_shapefile","Redding2021"
"Lassa fever","Lassa arenavirus","polygon","Nigeria",2019,5.89863156458615,6.92364666174786,14,"Edo state","Owan West",2,"NG012017","Redding2021_shapefile","Redding2021"
"Lassa fever","Lassa arenavirus","polygon","Nigeria",2018,7.01742641857921,5.47665121594212,1,"Imo state","Owerri-Municipal",2,"NG017026","Redding2021_shapefile","Redding2021"
"Lassa fever","Lassa arenavirus","polygon","Nigeria",2015,5.56966712910815,7.15210688898254,1,"Ondo state","Owo",2,"NG029018","Redding2021_shapefile","Redding2021"
"Lassa fever","Lassa arenavirus","polygon","Nigeria",2016,5.56966712910815,7.15210688898254,7,"Ondo state","Owo",2,"NG029018","Redding2021_shapefile","Redding2021"
"Lassa fever","Lassa arenavirus","polygon","Nigeria",2017,5.56966712910815,7.15210688898254,22,"Ondo state","Owo",2,"NG029018","Redding2021_shapefile","Redding2021"
"Lassa fever","Lassa arenavirus","polygon","Nigeria",2018,5.56966712910815,7.15210688898254,113,"Ondo state","Owo",2,"NG029018","Redding2021_shapefile","Redding2021"
"Lassa fever","Lassa arenavirus","polygon","Nigeria",2019,5.56966712910815,7.15210688898254,179,"Ondo state","Owo",2,"NG029018","Redding2021_shapefile","Redding2021"
"Lassa fever","Lassa arenavirus","polygon","Nigeria",2019,7.31777526234094,4.83655028994849,1,"Rivers state","Oyigbo",2,"NG033021","Redding2021_shapefile","Redding2021"
"Lassa fever","Lassa arenavirus","polygon","Nigeria",2012,7.02389656057591,4.77619374044519,6,"Rivers state","Port-Harcourt",2,"NG033022","Redding2021_shapefile","Redding2021"
"Lassa fever","Lassa arenavirus","polygon","Nigeria",2013,7.02389656057591,4.77619374044519,1,"Rivers state","Port-Harcourt",2,"NG033022","Redding2021_shapefile","Redding2021"
"Lassa fever","Lassa arenavirus","polygon","Nigeria",2016,7.02389656057591,4.77619374044519,2,"Rivers state","Port-Harcourt",2,"NG033022","Redding2021_shapefile","Redding2021"
"Lassa fever","Lassa arenavirus","polygon","Nigeria",2019,7.02389656057591,4.77619374044519,1,"Rivers state","Port-Harcourt",2,"NG033022","Redding2021_shapefile","Redding2021"
"Lassa fever","Lassa arenavirus","polygon","Nigeria",2019,9.16558512608392,8.75247877123654,1,"Plateau state","Qua'an Pan",2,"NG032014","Redding2021_shapefile","Redding2021"
"Lassa fever","Lassa arenavirus","polygon","Nigeria",2018,8.52509699429919,11.4757420843118,1,"Kano state","Rano",2,"NG020032","Redding2021_shapefile","Redding2021"
"Lassa fever","Lassa arenavirus","polygon","Nigeria",2019,8.69210596215797,9.56416599715954,3,"Plateau state","Riyom",2,"NG032015","Redding2021_shapefile","Redding2021"
"Lassa fever","Lassa arenavirus","polygon","Nigeria",2013,9.52971056970045,8.70808715142304,1,"Plateau state","Shendam",2,"NG032016","Redding2021_shapefile","Redding2021"
"Lassa fever","Lassa arenavirus","polygon","Nigeria",2019,9.52971056970045,8.70808715142304,2,"Plateau state","Shendam",2,"NG032016","Redding2021_shapefile","Redding2021"
"Lassa fever","Lassa arenavirus","polygon","Nigeria",2012,9.5985250709154,9.81054082390549,2,"Bauchi state","Tafawa-Balewa",2,"NG005017","Redding2021_shapefile","Redding2021"
"Lassa fever","Lassa arenavirus","polygon","Nigeria",2013,9.5985250709154,9.81054082390549,3,"Bauchi state","Tafawa-Balewa",2,"NG005017","Redding2021_shapefile","Redding2021"
"Lassa fever","Lassa arenavirus","polygon","Nigeria",2014,9.5985250709154,9.81054082390549,3,"Bauchi state","Tafawa-Balewa",2,"NG005017","Redding2021_shapefile","Redding2021"
"Lassa fever","Lassa arenavirus","polygon","Nigeria",2015,9.5985250709154,9.81054082390549,2,"Bauchi state","Tafawa-Balewa",2,"NG005017","Redding2021_shapefile","Redding2021"
"Lassa fever","Lassa arenavirus","polygon","Nigeria",2016,9.5985250709154,9.81054082390549,5,"Bauchi state","Tafawa-Balewa",2,"NG005017","Redding2021_shapefile","Redding2021"
"Lassa fever","Lassa arenavirus","polygon","Nigeria",2017,9.5985250709154,9.81054082390549,3,"Bauchi state","Tafawa-Balewa",2,"NG005017","Redding2021_shapefile","Redding2021"
"Lassa fever","Lassa arenavirus","polygon","Nigeria",2018,9.5985250709154,9.81054082390549,4,"Bauchi state","Tafawa-Balewa",2,"NG005017","Redding2021_shapefile","Redding2021"
"Lassa fever","Lassa arenavirus","polygon","Nigeria",2019,9.5985250709154,9.81054082390549,4,"Bauchi state","Tafawa-Balewa",2,"NG005017","Redding2021_shapefile","Redding2021"
"Lassa fever","Lassa arenavirus","polygon","Nigeria",2017,8.33166716063218,12.0127371426874,1,"Kano state","Tofa",2,"NG020039","Redding2021_shapefile","Redding2021"
"Lassa fever","Lassa arenavirus","polygon","Nigeria",2014,9.22853183082486,10.4389856119984,1,"Bauchi state","Toro",2,"NG005018","Redding2021_shapefile","Redding2021"
"Lassa fever","Lassa arenavirus","polygon","Nigeria",2015,9.22853183082486,10.4389856119984,1,"Bauchi state","Toro",2,"NG005018","Redding2021_shapefile","Redding2021"
"Lassa fever","Lassa arenavirus","polygon","Nigeria",2018,9.22853183082486,10.4389856119984,5,"Bauchi state","Toro",2,"NG005018","Redding2021_shapefile","Redding2021"
"Lassa fever","Lassa arenavirus","polygon","Nigeria",2019,9.22853183082486,10.4389856119984,25,"Bauchi state","Toro",2,"NG005018","Redding2021_shapefile","Redding2021"
"Lassa fever","Lassa arenavirus","polygon","Nigeria",2017,8.00777475372314,12.2755234774438,1,"Kano state","Tsanyawa",2,"NG020040","Redding2021_shapefile","Redding2021"
"Lassa fever","Lassa arenavirus","polygon","Nigeria",2017,8.58712105204621,11.2574822090271,2,"Kano state","Tudun Wada",2,"NG020041","Redding2021_shapefile","Redding2021"
"Lassa fever","Lassa arenavirus","polygon","Nigeria",2018,5.90873158659404,6.50686109394392,8,"Edo state","Uhunmwonde",2,"NG012018","Redding2021_shapefile","Redding2021"
"Lassa fever","Lassa arenavirus","polygon","Nigeria",2019,7.48788321769533,5.58605059692206,1,"Abia state","Umuahia North",2,"NG001015","Redding2021_shapefile","Redding2021"
"Lassa fever","Lassa arenavirus","polygon","Nigeria",2018,7.45296065379024,5.4933155817768,1,"Abia state","Umuahia South",2,"NG001016","Redding2021_shapefile","Redding2021"
"Lassa fever","Lassa arenavirus","polygon","Nigeria",2016,10.219073977692,9.06880260375561,1,"Plateau state","Wase",2,"NG032017","Redding2021_shapefile","Redding2021"
"Lassa fever","Lassa arenavirus","polygon","Nigeria",2018,10.219073977692,9.06880260375561,1,"Plateau state","Wase",2,"NG032017","Redding2021_shapefile","Redding2021"
"Lassa fever","Lassa arenavirus","polygon","Nigeria",2018,12.4398826132317,9.25710682760574,1,"Adamawa state","Yola North",2,"NG002020","Redding2021_shapefile","Redding2021"
"Lassa fever","Lassa arenavirus","polygon","Nigeria",2018,12.3366452056988,9.26038017225116,2,"Adamawa state","Yola South",2,"NG002021","Redding2021_shapefile","Redding2021"
"Lassa fever","Lassa arenavirus","polygon","Nigeria",2019,12.3366452056988,9.26038017225116,1,"Adamawa state","Yola South",2,"NG002021","Redding2021_shapefile","Redding2021"
"Lassa fever","Lassa arenavirus","polygon","Nigeria",2019,5.29636010594786,11.4463795784835,1,"Kebbi state","Zuru",2,"NG022021","Redding2021_shapefile","Redding2021"
"Lassa fever","Lassa arenavirus","polygon","Liberia",2019,-9.82421749012614,8.25787715460715,1,"Voinjama, Lofa","Voinjama",2,"LBR.8.5_1","GADM","Jetoh2022"
"Lassa fever","Lassa arenavirus","polygon","Liberia",2020,-9.82421749012614,8.25787715460715,1,"Voinjama, Lofa","Voinjama",2,"LBR.8.5_1","GADM","Jetoh2022"
"Lassa fever","Lassa arenavirus","polygon","Liberia",2019,-10.7337454770288,6.3101978792648,1,"Greater Monrovia, Montserrado","Greater Monrovia",2,"LBR.11.2_1","GADM","Jetoh2022"
"Lassa fever","Lassa arenavirus","polygon","Liberia",2020,-10.7337454770288,6.3101978792648,1,"Greater Monrovia, Montserrado","Greater Monrovia",2,"LBR.11.2_1","GADM","Jetoh2022"
"Lassa fever","Lassa arenavirus","polygon","Liberia",2019,-10.1998235956761,6.63227830205775,1,"Kakata, Margibi","Kakata",2,"LBR.9.3_1","GADM","Jetoh2022"
"Lassa fever","Lassa arenavirus","polygon","Liberia",2019,-9.63195398834213,6.90760003121252,16,"Suakoko, Bong","Suakoko",2,"LBR.2.7_1","GADM","Jetoh2022"
"Lassa fever","Lassa arenavirus","polygon","Liberia",2020,-9.63195398834213,6.90760003121252,16,"Suakoko, Bong","Suakoko",2,"LBR.2.7_1","GADM","Jetoh2022"
"Lassa fever","Lassa arenavirus","polygon","Liberia",2019,-9.5919552373735,6.27094098652716,16,"District # 3, Grand Bassa","District # 3",2,"LBR.5.3_1","GADM","Jetoh2022"
"Lassa fever","Lassa arenavirus","polygon","Liberia",2020,-9.5919552373735,6.27094098652716,20,"District # 3, Grand Bassa","District # 3",2,"LBR.5.3_1","GADM","Jetoh2022"
"Lassa fever","Lassa arenavirus","polygon","Liberia",2019,-8.15794295269713,4.96834321076338,1,"Buah, Grand Kru","Buah",2,"LBR.7.1_1","GADM","Jetoh2022"
"Lassa fever","Lassa arenavirus","polygon","Liberia",2019,-8.70083580942004,7.38261589603653,6,"Sanniquelleh-Mahn, Nimba","Sanniquelleh-Mahn",2,"LBR.12.3_1","GADM","Jetoh2022"
"Lassa fever","Lassa arenavirus","polygon","Liberia",2020,-8.70083580942004,7.38261589603653,6,"Sanniquelleh-Mahn, Nimba","Sanniquelleh-Mahn",2,"LBR.12.3_1","GADM","Jetoh2022"
"Lassa fever","Lassa arenavirus","polygon","Liberia",2019,-8.95675780258374,6.98693980376259,1,"Saclepea, Nimba","Saclepea",2,"LBR.12.2_1","GADM","Jetoh2022"
