"Disease","Pathogen","DataType","Country","Year","Latitude_orig","Longitude_orig","Admin_name","LocationName","NumCases","DiagnosticMetric","CasesMetric","IfPolygon_AdminLevel","ADMcode","ADMSource","Source","SourceType","Longitude","Latitude"
"Influenza H5N1","Influenza A H5N1","polygon","Cambodia",2006,11.308381,104.641657,"Kampong Speu","",1,"Not specified","Confirmed cases",1,"KHM.5_1","GADM","WHO (Kucharski2015)","Geolocated case/outbreak locations, some uncertainty in geolocation method",104.292555259996,11.5358331833245
"Influenza H5N1","Influenza A H5N1","polygon","Cambodia",2006,11.39674,105.472155,"Prey Veng","",1,"Not specified","Confirmed cases",1,"KHM.19_1","GADM","WHO (Kucharski2015)","Geolocated case/outbreak locations, some uncertainty in geolocation method",105.424475781577,11.3964468265803
"Influenza H5N1","Influenza A H5N1","polygon","Cambodia",2007,11.75847,105.908775,"Kampong Cham","Ponhea Kreak",1,"Not specified","Confirmed cases",2,"KHM.25.5_2","GADM","WHO (Kucharski2015)","Geolocated case/outbreak locations, some uncertainty in geolocation method",105.860841993721,11.760501950499
"Influenza H5N1","Influenza A H5N1","polygon","Cambodia",2008,11.354836,105.101852,"Kandal","",1,"Not specified","Confirmed cases",1,"KHM.8_1","GADM","WHO (Kucharski2015)","Geolocated case/outbreak locations, some uncertainty in geolocation method",105.017943157818,11.423085577617
"Influenza H5N1","Influenza A H5N1","polygon","Cambodia",2009,11.75847,105.908775,"Kampong Cham","Ponhea Kreak",1,"Not specified","Confirmed cases",2,"KHM.25.5_2","GADM","WHO (Kucharski2015)","Geolocated case/outbreak locations, some uncertainty in geolocation method",105.860841993721,11.760501950499
"Influenza H5N1","Influenza A H5N1","polygon","Cambodia",2010,11.39674,105.472155,"Prey Veng","",1,"Not specified","Confirmed cases",1,"KHM.19_1","GADM","WHO (Kucharski2015)","Geolocated case/outbreak locations, some uncertainty in geolocation method",105.424475781577,11.3964468265803
"Influenza H5N1","Influenza A H5N1","polygon","Cambodia",2011,11.611463,104.868093,"Phnom Penh","Khan Russey Keo",1,"Not specified","Confirmed cases",2,"KHM.16.10_2","GADM","WHO (Kucharski2015)","Geolocated case/outbreak locations, some uncertainty in geolocation method",104.895743231809,11.6178398191112
"Influenza H5N1","Influenza A H5N1","polygon","Cambodia",2011,13.575246,102.916946,"Banteay Meanchey","Malay",1,"Not specified","Confirmed cases",2,"KHM.1.1_2","GADM","WHO (Kucharski2015)","Geolocated case/outbreak locations, some uncertainty in geolocation method",102.568849566236,13.5222032753288
"Influenza H5N1","Influenza A H5N1","polygon","Cambodia",2011,11.990881,105.464065,"Kampong Cham","Stung Treng",1,"Not specified","Confirmed cases",2,"KHM.3.10_2","GADM","WHO (Kucharski2015)","Geolocated case/outbreak locations, some uncertainty in geolocation method",105.557359911369,12.3587570996878
"Influenza H5N1","Influenza A H5N1","polygon","Cambodia",2011,11.640804,105.225563,"Prey Veng","Pea Reang",1,"Not specified","Confirmed cases",2,"KHM.19.6_2","GADM","WHO (Kucharski2015)","Geolocated case/outbreak locations, some uncertainty in geolocation method",105.242911130029,11.6700135169046
"Influenza H5N1","Influenza A H5N1","polygon","Cambodia",2011,11.14135,105.467262,"Prey Veng","Kampong Trabek",1,"Not specified","Confirmed cases",2,"KHM.19.3_2","GADM","WHO (Kucharski2015)","Geolocated case/outbreak locations, some uncertainty in geolocation method",105.533946457388,11.0956469937575
"Influenza H5N1","Influenza A H5N1","polygon","Cambodia",2011,13.469764,102.977142,"Banteay Meanchey","Mongkul Borei",1,"Not specified","Confirmed cases",2,"KHM.1.2_2","GADM","WHO (Kucharski2015)","Geolocated case/outbreak locations, some uncertainty in geolocation method",102.98795294251,13.4582328796896
"Influenza H5N1","Influenza A H5N1","polygon","Cambodia",2011,12.078267,105.046349,"Kampong Cham","Cheung Prey",1,"Not specified","Confirmed cases",2,"KHM.3.3_2","GADM","WHO (Kucharski2015)","Geolocated case/outbreak locations, some uncertainty in geolocation method",105.062280499684,12.0947001550769
"Influenza H5N1","Influenza A H5N1","polygon","Cambodia",2012,13.675345,102.966156,"Banteay Meanchey","",1,"Not specified","Confirmed cases",1,"KHM.1_1","GADM","WHO (Kucharski2015)","Geolocated case/outbreak locations, some uncertainty in geolocation method",103.013269808898,13.7071843004673
"Influenza H5N1","Influenza A H5N1","polygon","Cambodia",2012,12.102774,104.570217,"Kampong Chhnang","",1,"Not specified","Confirmed cases",1,"KHM.4_1","GADM","WHO (Kucharski2015)","Geolocated case/outbreak locations, some uncertainty in geolocation method",104.559277535886,12.165186138258
"Influenza H5N1","Influenza A H5N1","polygon","Cambodia",2013,11.522835,104.83582,"Phnom Penh","Khan Por Sen Chey",1,"Not specified","Confirmed cases",2,"KHM.16.9_2","GADM","WHO (Kucharski2015)","Geolocated case/outbreak locations, some uncertainty in geolocation method",104.793379530026,11.5356253045812
"Influenza H5N1","Influenza A H5N1","polygon","Cambodia",2013,11.158866,104.912167,"Takev","Prey Kabbas",1,"Not specified","Confirmed cases",2,"KHM.24.7_2","GADM","WHO (Kucharski2015)","Geolocated case/outbreak locations, some uncertainty in geolocation method",104.92879828838,11.1465629982514
"Influenza H5N1","Influenza A H5N1","polygon","Cambodia",2013,11.308381,104.641657,"Kampong Speu","Kong Pisey",1,"Not specified","Confirmed cases",2,"KHM.5.4_2","GADM","WHO (Kucharski2015)","Geolocated case/outbreak locations, some uncertainty in geolocation method",104.656115155604,11.3185011040963
"Influenza H5N1","Influenza A H5N1","polygon","Cambodia",2013,10.582659,104.180889,"Kampot","Thek Chhou",1,"Not specified","Confirmed cases",2,"KHM.7.8_2","GADM","WHO (Kucharski2015)","Geolocated case/outbreak locations, some uncertainty in geolocation method",104.107344861128,10.7430330776145
"Influenza H5N1","Influenza A H5N1","polygon","Cambodia",2013,10.616606,104.533537,"Kampot","",1,"Not specified","Confirmed cases",1,"KHM.7_1","GADM","WHO (Kucharski2015)","Geolocated case/outbreak locations, some uncertainty in geolocation method",104.309507361334,10.7953437773898
"Influenza H5N1","Influenza A H5N1","polygon","Cambodia",2013,11.990881,105.464065,"Kampong Cham","Stung Treng",1,"Not specified","Confirmed cases",2,"KHM.3.10_2","GADM","WHO (Kucharski2015)","Geolocated case/outbreak locations, some uncertainty in geolocation method",105.557359911369,12.3587570996878
"Influenza H5N1","Influenza A H5N1","point","Cambodia",2013,10.600208,104.186239,"Kampot","Kampong Bay",1,"Not specified","Confirmed cases",3,"KHM.7.7.2_2","GADM","WHO (Kucharski2015)","Geolocated case/outbreak locations, some uncertainty in geolocation method",NA,10.600208
"Influenza H5N1","Influenza A H5N1","polygon","Cambodia",2013,11.645511,104.442673,"Kampong Speu","Thpong",1,"Not specified","Confirmed cases",2,"KHM.5.8_2","GADM","WHO (Kucharski2015)","Geolocated case/outbreak locations, some uncertainty in geolocation method",104.37591672226,11.7185180073359
"Influenza H5N1","Influenza A H5N1","polygon","Cambodia",2013,11.606839,104.871998,"Phnom Penh","Russey Keo",1,"Not specified","Confirmed cases",2,"KHM.16.10_2","GADM","WHO (Kucharski2015)","Geolocated case/outbreak locations, some uncertainty in geolocation method",104.895743231809,11.6178398191112
"Influenza H5N1","Influenza A H5N1","polygon","Cambodia",2013,10.616606,104.533537,"Kampot","Banteay Meas",1,"Not specified","Confirmed cases",2,"KHM.7.2_2","GADM","WHO (Kucharski2015)","Geolocated case/outbreak locations, some uncertainty in geolocation method",104.602181346368,10.6395935443178
"Influenza H5N1","Influenza A H5N1","polygon","Cambodia",2013,11.14135,105.467262,"Prey Veng","Kampong Trabek",1,"Not specified","Confirmed cases",2,"KHM.19.3_2","GADM","WHO (Kucharski2015)","Geolocated case/outbreak locations, some uncertainty in geolocation method",105.533946457388,11.0956469937575
"Influenza H5N1","Influenza A H5N1","polygon","Cambodia",2013,13.106241,103.198451,"Battambang","Sang Ke",1,"Not specified","Confirmed cases",2,"KHM.2.13_2","GADM","WHO (Kucharski2015)","Geolocated case/outbreak locations, some uncertainty in geolocation method",103.409324956872,13.0585104148029
"Influenza H5N1","Influenza A H5N1","polygon","Cambodia",2013,11.354415,104.992204,"Kandal","Saang",1,"Not specified","Confirmed cases",2,"KHM.8.10_2","GADM","WHO (Kucharski2015)","Geolocated case/outbreak locations, some uncertainty in geolocation method",105.036354208147,11.3212112518575
"Influenza H5N1","Influenza A H5N1","polygon","Cambodia",2013,11.393395,104.823729,"Kandal","Kandal Stueng",1,"Not specified","Confirmed cases",2,"KHM.8.2_2","GADM","WHO (Kucharski2015)","Geolocated case/outbreak locations, some uncertainty in geolocation method",104.833389616926,11.3956597997576
"Influenza H5N1","Influenza A H5N1","polygon","Cambodia",2013,11.611463,104.868093,"Phnom Penh","Khan Russey Keo",1,"Not specified","Confirmed cases",2,"KHM.16.10_2","GADM","WHO (Kucharski2015)","Geolocated case/outbreak locations, some uncertainty in geolocation method",104.895743231809,11.6178398191112
"Influenza H5N1","Influenza A H5N1","polygon","Cambodia",2013,10.988801,104.781479,"Takeo","Traing",1,"Not specified","Confirmed cases",2,"KHM.24.10_2","GADM","WHO (Kucharski2015)","Geolocated case/outbreak locations, some uncertainty in geolocation method",104.801236072379,10.8842622248834
"Influenza H5N1","Influenza A H5N1","polygon","Cambodia",2013,12.407071,105.081253,"Kampong Thom","Baray",1,"Not specified","Confirmed cases",2,"KHM.6.1_2","GADM","WHO (Kucharski2015)","Geolocated case/outbreak locations, some uncertainty in geolocation method",105.103440690724,12.3884940523045
"Influenza H5N1","Influenza A H5N1","polygon","Cambodia",2013,13.098372,103.198857,"Battambang","Phnom Prek",1,"Not specified","Confirmed cases",2,"KHM.2.8_2","GADM","WHO (Kucharski2015)","Geolocated case/outbreak locations, some uncertainty in geolocation method",102.52260743728,13.2826585233941
"Influenza H5N1","Influenza A H5N1","polygon","Cambodia",2013,12.601224,103.778043,"Pursat","Bakane",1,"Not specified","Confirmed cases",2,"KHM.17.1_2","GADM","WHO (Kucharski2015)","Geolocated case/outbreak locations, some uncertainty in geolocation method",103.736550361877,12.6787847457222
"Influenza H5N1","Influenza A H5N1","point","Cambodia",2013,12.343959,105.550013,"Steung Trang","Pailin",1,"Not specified","Confirmed cases",3,"KHM.12.2.4_2","GADM","WHO (Kucharski2015)","Geolocated case/outbreak locations, some uncertainty in geolocation method",NA,12.343959
"Influenza H5N1","Influenza A H5N1","polygon","Cambodia",2013,11.545319,104.390828,"Samrong Tong","Kampong Speu",1,"Not specified","Confirmed cases",2,"KHM.5.7_2","GADM","WHO (Kucharski2015)","Geolocated case/outbreak locations, some uncertainty in geolocation method",104.494351563341,11.4682333018543
"Influenza H5N1","Influenza A H5N1","polygon","Cambodia",2013,10.612444,104.178693,"Dorng Tung","Kampot",1,"Not specified","Confirmed cases",2,"KHM.7.5_2","GADM","WHO (Kucharski2015)","Geolocated case/outbreak locations, some uncertainty in geolocation method",104.422239276456,10.7076032452062
"Influenza H5N1","Influenza A H5N1","polygon","Cambodia ",2014,12.64917,104.995405,"Kampong Thom","Santuk",1,"Not specified","Confirmed cases",2,"KHM.6.6_2","GADM"," (Kucharski2015)","Geolocated case/outbreak locations, some uncertainty in geolocation method",105.336677816994,12.6277676121619
"Influenza H5N1","Influenza A H5N1","polygon","Cambodia ",2014,12.076073,106.424575,"Kratie","Snourl",1,"Not specified","Confirmed cases",2,"KHM.11.6_2","GADM"," (Kucharski2015)","Geolocated case/outbreak locations, some uncertainty in geolocation method",106.471025022241,12.1952770570368
"Influenza H5N1","Influenza A H5N1","polygon","Cambodia ",2014,12.078267,105.046349,"Kampong Cham","Cheung Prey",1,"Not specified","Confirmed cases",2,"KHM.3.3_2","GADM"," (Kucharski2015)","Geolocated case/outbreak locations, some uncertainty in geolocation method",105.062280499684,12.0947001550769
"Influenza H5N1","Influenza A H5N1","polygon","Cambodia ",2014,11.799022,105.87312,"Kampong Cham","Ponhea Krek",1,"Not specified","Confirmed cases",2,"KHM.25.5_2","GADM"," (Kucharski2015)","Geolocated case/outbreak locations, some uncertainty in geolocation method",105.860841993721,11.760501950499
"Influenza H5N1","Influenza A H5N1","polygon","Cambodia ",2014,11.522835,104.83582,"Phnom Penh","Khan PorNASenChey",1,"Not specified","Confirmed cases",2,"KHM.16.9_2","GADM"," (Kucharski2015)","Geolocated case/outbreak locations, some uncertainty in geolocation method",104.793379530026,11.5356253045812
"Influenza H5N1","Influenza A H5N1","polygon","Cambodia ",2014,11.164843,105.199757,"Kandal","LeukNADek",1,"Not specified","Confirmed cases",2,"KHM.8.6_2","GADM"," (Kucharski2015)","Geolocated case/outbreak locations, some uncertainty in geolocation method",105.19744988343,11.1620244465034
"Influenza H5N1","Influenza A H5N1","polygon","Cambodia ",2014,12.248419,104.674881,"Kampong Chnnang","Rolea Pa Ear",1,"Not specified","Confirmed cases",2,"KHM.4.6_2","GADM"," (Kucharski2015)","Geolocated case/outbreak locations, some uncertainty in geolocation method",104.60195284859,12.2164825687091
"Influenza H5N1","Influenza A H5N1","point","Cambodia ",2014,10.616606,104.533537,"Kampot","Banteay Meas",1,"Not specified","Confirmed cases",3,"KHM.7.2.1_2","GADM"," (Kucharski2015)","Geolocated case/outbreak locations, some uncertainty in geolocation method",NA,10.616606
"Influenza H5N1","Influenza A H5N1","polygon","China",2006,28.2,112.97,"Hunan","",1,"Not specified","Confirmed cases",1,"CHN.14_1","GADM","WHO (Kucharski2015)","Geolocated case/outbreak locations, some uncertainty in geolocation method",111.713471439142,27.5978523947889
"Influenza H5N1","Influenza A H5N1","polygon","China",2006,30.667979,104.063187,"Sichuan","",1,"Not specified","Confirmed cases",1,"CHN.26_1","GADM","WHO (Kucharski2015)","Geolocated case/outbreak locations, some uncertainty in geolocation method",102.711402322843,30.6066264180491
"Influenza H5N1","Influenza A H5N1","polygon","China",2006,30.667979,104.063187,"Sichuan","Chengdu",1,"Not specified","Confirmed cases",2,"CHN.26.2_1","GADM","WHO (Kucharski2015)","Geolocated case/outbreak locations, some uncertainty in geolocation method",103.844870347936,30.6654050492254
"Influenza H5N1","Influenza A H5N1","polygon","China",2006,26.08,119.31,"Fujian","",1,"Not specified","Confirmed cases",1,"CHN.4_1","GADM","WHO (Kucharski2015)","Geolocated case/outbreak locations, some uncertainty in geolocation method",117.983759853528,26.0752760287573
"Influenza H5N1","Influenza A H5N1","polygon","China",2006,30.5,117.05,"Anhui","",1,"Not specified","Confirmed cases",1,"CHN.1_1","GADM","WHO (Kucharski2015)","Geolocated case/outbreak locations, some uncertainty in geolocation method",117.235219497068,31.8128943962268
"Influenza H5N1","Influenza A H5N1","polygon","China",2006,30.25,120.17,"Zhejiang","",1,"Not specified","Confirmed cases",1,"CHN.31_1","GADM","WHO (Kucharski2015)","Geolocated case/outbreak locations, some uncertainty in geolocation method",120.086382279697,29.1745873279179
"Influenza H5N1","Influenza A H5N1","polygon","China",2006,23.12,113.25,"Guangdong","",1,"Not specified","Confirmed cases",1,"CHN.6_1","GADM","WHO (Kucharski2015)","Geolocated case/outbreak locations, some uncertainty in geolocation method",113.398153372918,23.3362435940589
"Influenza H5N1","Influenza A H5N1","polygon","China",2006,31.23,121.47,"Shanghai","",1,"Not specified","Confirmed cases",1,"CHN.24_1","GADM","WHO (Kucharski2015)","Geolocated case/outbreak locations, some uncertainty in geolocation method",121.454488171451,31.1960430849677
"Influenza H5N1","Influenza A H5N1","polygon","China",2006,30.543282,114.282532,"Hubei","Wuhan",1,"Not specified","Confirmed cases",2,"CHN.13.12_1","GADM","WHO (Kucharski2015)","Geolocated case/outbreak locations, some uncertainty in geolocation method",114.337932039089,30.6255348418535
"Influenza H5N1","Influenza A H5N1","polygon","China",2006,23.12,113.25,"Guangdong","Shenzhen",1,"Not specified","Confirmed cases",2,"CHN.6.15_1","GADM","WHO (Kucharski2015)","Geolocated case/outbreak locations, some uncertainty in geolocation method",114.135270620365,22.6548091806984
"Influenza H5N1","Influenza A H5N1","polygon","China",2006,43.908842,87.573738,"Xinjiang","",1,"Not specified","Confirmed cases",1,"CHN.28_1","GADM","WHO (Kucharski2015)","Geolocated case/outbreak locations, some uncertainty in geolocation method",85.1293303962538,41.1644442011165
"Influenza H5N1","Influenza A H5N1","point","China",2007,30.5,117.05,"Anhui","Tunxi",1,"Not specified","Confirmed cases",3,"CHN.1.11.4_1","GADM","WHO (Kucharski2015)","Geolocated case/outbreak locations, some uncertainty in geolocation method",NA,30.5
"Influenza H5N1","Influenza A H5N1","point","China",2007,26.08,119.31,"Fujian","Jian'ou",1,"Not specified","Confirmed cases",3,"CHN.4.3.3_1","GADM","WHO (Kucharski2015)","Geolocated case/outbreak locations, some uncertainty in geolocation method",NA,26.08
"Influenza H5N1","Influenza A H5N1","polygon","China",2007,30.5,117.05,"Anhui","",1,"Not specified","Confirmed cases",1,"CHN.1_1","GADM","WHO (Kucharski2015)","Geolocated case/outbreak locations, some uncertainty in geolocation method",117.235219497068,31.8128943962268
"Influenza H5N1","Influenza A H5N1","polygon","China",2007,26.08,119.31,"Fujian","",1,"Not specified","Confirmed cases",1,"CHN.4_1","GADM","WHO (Kucharski2015)","Geolocated case/outbreak locations, some uncertainty in geolocation method",117.983759853528,26.0752760287573
"Influenza H5N1","Influenza A H5N1","polygon","China",2007,32.05,118.78,"Jiangsu","",1,"Not specified","Confirmed cases",1,"CHN.15_1","GADM","WHO (Kucharski2015)","Geolocated case/outbreak locations, some uncertainty in geolocation method",119.470797338049,32.9645721858223
"Influenza H5N1","Influenza A H5N1","point","China",2008,28.2,112.97,"Hunan","Jianghua",1,"Not specified","Confirmed cases",3,"CHN.14.11.2_1","GADM","WHO (Kucharski2015)","Geolocated case/outbreak locations, some uncertainty in geolocation method",NA,28.2
"Influenza H5N1","Influenza A H5N1","point","China",2008,22.82,108.32,"Guangxi","Xixiangtang",1,"Not specified","Confirmed cases",NA,"","GADM","WHO (Kucharski2015)","Geolocated case/outbreak locations, some uncertainty in geolocation method",NA,22.82
"Influenza H5N1","Influenza A H5N1","polygon","China",2008,23.12,113.25,"Guangdong","Shanwei",1,"Not specified","Confirmed cases",2,"CHN.6.13_1","GADM","WHO (Kucharski2015)","Geolocated case/outbreak locations, some uncertainty in geolocation method",115.531626345836,23.0152719602737
"Influenza H5N1","Influenza A H5N1","point","China",2009,39.93,116.4,"Beijing","Chaoyang",1,"Not specified","Confirmed cases",NA,"","GADM","WHO (Kucharski2015)","Geolocated case/outbreak locations, some uncertainty in geolocation method",NA,39.93
"Influenza H5N1","Influenza A H5N1","polygon","China",2009,36.67,117,"Shandong","Jinan",1,"Not specified","Confirmed cases",2,"CHN.23.5_1","GADM","WHO (Kucharski2015)","Geolocated case/outbreak locations, some uncertainty in geolocation method",117.08296933013,36.7322319244659
"Influenza H5N1","Influenza A H5N1","polygon","China",2009,37.508048,111.13512,"Shanxi","Luliang",1,"Not specified","Confirmed cases",2,"CHN.25.6_1","GADM","WHO (Kucharski2015)","Geolocated case/outbreak locations, some uncertainty in geolocation method",111.262392500748,37.6767511678222
"Influenza H5N1","Influenza A H5N1","polygon","China",2009,28.2,112.97,"Hunan","Huaihua",1,"Not specified","Confirmed cases",2,"CHN.14.5_1","GADM","WHO (Kucharski2015)","Geolocated case/outbreak locations, some uncertainty in geolocation method",110.069388234774,27.5427342695915
"Influenza H5N1","Influenza A H5N1","polygon","China",2009,43.908842,87.573738,"Xinjiang","Urumqi",1,"Not specified","Confirmed cases",2,"CHN.28.15_1","GADM","WHO (Kucharski2015)","Geolocated case/outbreak locations, some uncertainty in geolocation method",87.811821230537,43.5315424522589
"Influenza H5N1","Influenza A H5N1","polygon","China",2009,26.58,106.72,"Guizhou","Guiyang",1,"Not specified","Confirmed cases",2,"CHN.8.3_1","GADM","WHO (Kucharski2015)","Geolocated case/outbreak locations, some uncertainty in geolocation method",106.707339603852,26.8429990575872
"Influenza H5N1","Influenza A H5N1","point","China",2009,22.82,108.32,"Guangxi","Beiliu",1,"Not specified","Confirmed cases",3,"CHN.7.14.1_1","GADM","WHO (Kucharski2015)","Geolocated case/outbreak locations, some uncertainty in geolocation method",NA,22.82
"Influenza H5N1","Influenza A H5N1","point","China",2009,28.2,112.97,"Hunan","Xupu County",1,"Not specified","Confirmed cases",3,"CHN.14.5.10_1","GADM","WHO (Kucharski2015)","Geolocated case/outbreak locations, some uncertainty in geolocation method",NA,28.2
"Influenza H5N1","Influenza A H5N1","polygon","China",2010,30.543282,114.282532,"Hubei","",1,"Not specified","Confirmed cases",1,"CHN.13_1","GADM","WHO (Kucharski2015)","Geolocated case/outbreak locations, some uncertainty in geolocation method",112.277189482252,30.9806813015584
"Influenza H5N1","Influenza A H5N1","polygon","China",2010,22.28,114.15,"Hong Kong","",1,"Not specified","Confirmed cases",1,"CHN.HKG","GADM","WHO (Kucharski2015)","Geolocated case/outbreak locations, some uncertainty in geolocation method",114.134916756993,22.3811126788418
"Influenza H5N1","Influenza A H5N1","polygon","China",2012,23.12,113.25,"Guangdong","Shenzhen",1,"Not specified","Confirmed cases",2,"CHN.6.15_1","GADM","WHO (Kucharski2015)","Geolocated case/outbreak locations, some uncertainty in geolocation method",114.135270620365,22.6548091806984
"Influenza H5N1","Influenza A H5N1","polygon","China",2012,26.58,106.72,"Guizhou","Guiyang",1,"Not specified","Confirmed cases",2,"CHN.8.3_1","GADM","WHO (Kucharski2015)","Geolocated case/outbreak locations, some uncertainty in geolocation method",106.707339603852,26.8429990575872
"Influenza H5N1","Influenza A H5N1","polygon","China",2012,22.28,114.15,"Hong Kong","",1,"Not specified","Confirmed cases",1,"CHN.HKG","GADM","WHO (Kucharski2015)","Geolocated case/outbreak locations, some uncertainty in geolocation method",114.134916756993,22.3811126788418
"Influenza H5N1","Influenza A H5N1","polygon","China ",2014,22.82,108.32,"Liuzhou","Guangxi",1,"Not specified","Confirmed cases",2,"CHN.7.10_1","GADM"," (Kucharski2015)","Geolocated case/outbreak locations, some uncertainty in geolocation method",109.379671912452,24.9370287904028
"Influenza H5N1","Influenza A H5N1","polygon","Indonesia",2005,-6.17742,106.638393,"Banten","",1,"Not specified","Confirmed cases",1,"IDN.4_1","GADM"," (Kucharski2015)","Geolocated case/outbreak locations, some uncertainty in geolocation method",106.10941297712,-6.45641289932292
"Influenza H5N1","Influenza A H5N1","polygon","Indonesia",2005,-6.247729,106.897545,"Jakarta","",1,"Not specified","Confirmed cases",1,"IDN.7_1","GADM"," (Kucharski2015)","Geolocated case/outbreak locations, some uncertainty in geolocation method",106.834473348611,-6.20031649609542
"Influenza H5N1","Influenza A H5N1","polygon","Indonesia",2005,NA,NA,NA,"",1,"Not specified","Confirmed cases",NA,"","GADM"," (Kucharski2015)","Geolocated case/outbreak locations, some uncertainty in geolocation method",NA,NA
"Influenza H5N1","Influenza A H5N1","polygon","Indonesia",2005,-4.735201,105.198669,"Lampung","",2,"Not specified","Confirmed cases",1,"IDN.17_1","GADM"," (Kucharski2015)","Geolocated case/outbreak locations, some uncertainty in geolocation method",105.022966037798,-4.9178233857934
"Influenza H5N1","Influenza A H5N1","polygon","Indonesia",2005,-6.920974,107.593517,"West Java","",1,"Not specified","Confirmed cases",1,"IDN.9_1","GADM"," (Kucharski2015)","Geolocated case/outbreak locations, some uncertainty in geolocation method",107.602743178733,-6.92021975492646
"Influenza H5N1","Influenza A H5N1","polygon","Indonesia",2005,-6.247729,106.897545,"Jakarta","",3,"Not specified","Confirmed cases",1,"IDN.7_1","GADM"," (Kucharski2015)","Geolocated case/outbreak locations, some uncertainty in geolocation method",106.834473348611,-6.20031649609542
"Influenza H5N1","Influenza A H5N1","polygon","Indonesia",2005,-6.294141,106.712894,"Jakarta","Tangerang",1,"Not specified","Confirmed cases",2,"IDN.4.8_1","GADM"," (Kucharski2015)","Geolocated case/outbreak locations, some uncertainty in geolocation method",106.518627375118,-6.17425885414333
"Influenza H5N1","Influenza A H5N1","polygon","Indonesia",2005,-6.169228,106.75169,"Jakarta","West Jakarta",1,"Not specified","Confirmed cases",2,"IDN.7.1_1","GADM"," (Kucharski2015)","Geolocated case/outbreak locations, some uncertainty in geolocation method",106.748325448592,-6.16546880343546
"Influenza H5N1","Influenza A H5N1","polygon","Indonesia",2005,-6.247729,106.897545,"Jakarta","East Jakarta",1,"Not specified","Confirmed cases",2,"IDN.7.4_1","GADM"," (Kucharski2015)","Geolocated case/outbreak locations, some uncertainty in geolocation method",106.900271898733,-6.25536707565632
"Influenza H5N1","Influenza A H5N1","polygon","Indonesia",2006,-6.247729,106.897545,"Jakarta","",1,"Not specified","Confirmed cases",1,"IDN.7_1","GADM","WHO (Kucharski2015)","Geolocated case/outbreak locations, some uncertainty in geolocation method",106.834473348611,-6.20031649609542
"Influenza H5N1","Influenza A H5N1","polygon","Indonesia",2006,-6.334408,108.328428,"West Java","Indramayu",4,"Not specified","Confirmed cases",2,"IDN.9.12_1","GADM","WHO (Kucharski2015)","Geolocated case/outbreak locations, some uncertainty in geolocation method",108.168733599478,-6.44864577576379
"Influenza H5N1","Influenza A H5N1","polygon","Indonesia",2006,-6.247729,106.897545,"Jakarta","East Jakarta",1,"Not specified","Confirmed cases",2,"IDN.7.4_1","GADM","WHO (Kucharski2015)","Geolocated case/outbreak locations, some uncertainty in geolocation method",106.900271898733,-6.25536707565632
"Influenza H5N1","Influenza A H5N1","polygon","Indonesia",2006,-6.920974,107.593517,"West Java","",1,"Not specified","Confirmed cases",1,"IDN.9_1","GADM","WHO (Kucharski2015)","Geolocated case/outbreak locations, some uncertainty in geolocation method",107.602743178733,-6.92021975492646
"Influenza H5N1","Influenza A H5N1","polygon","Indonesia",2006,-4.735201,105.198669,"Lampung","",1,"Not specified","Confirmed cases",1,"IDN.17_1","GADM","WHO (Kucharski2015)","Geolocated case/outbreak locations, some uncertainty in geolocation method",105.022966037798,-4.9178233857934
"Influenza H5N1","Influenza A H5N1","polygon","Indonesia",2006,-6.974139,110.42387,"Central Java","Semerang",1,"Not specified","Confirmed cases",2,"IDN.10.17_1","GADM","WHO (Kucharski2015)","Geolocated case/outbreak locations, some uncertainty in geolocation method",110.389536293521,-7.02041742918652
"Influenza H5N1","Influenza A H5N1","polygon","Indonesia",2006,-7.527064,110.590925,"Central Java","Boyolali",1,"Not specified","Confirmed cases",2,"IDN.10.5_1","GADM","WHO (Kucharski2015)","Geolocated case/outbreak locations, some uncertainty in geolocation method",110.650684119425,-7.41854415065888
"Influenza H5N1","Influenza A H5N1","polygon","Indonesia",2006,-6.169228,106.75169,"Jakarta","West Jakarta",1,"Not specified","Confirmed cases",2,"IDN.7.1_1","GADM","WHO (Kucharski2015)","Geolocated case/outbreak locations, some uncertainty in geolocation method",106.748325448592,-6.16546880343546
"Influenza H5N1","Influenza A H5N1","polygon","Indonesia",2006,-6.294141,106.712894,"Greater Jakarta","Tangerang",1,"Not specified","Confirmed cases",2,"IDN.4.8_1","GADM","WHO (Kucharski2015)","Geolocated case/outbreak locations, some uncertainty in geolocation method",106.518627375118,-6.17425885414333
"Influenza H5N1","Influenza A H5N1","polygon","Indonesia",2006,-6.294141,106.712894,"Greater Jakarta","",1,"Not specified","Confirmed cases",1,"IDN.7_1","GADM","WHO (Kucharski2015)","Geolocated case/outbreak locations, some uncertainty in geolocation method",106.834473348611,-6.20031649609542
"Influenza H5N1","Influenza A H5N1","polygon","Indonesia",2006,-7.288914,112.741642,"East Java","Surabaya",5,"Not specified","Confirmed cases",2,"IDN.11.35_1","GADM","WHO (Kucharski2015)","Geolocated case/outbreak locations, some uncertainty in geolocation method",112.722669430353,-7.27538822331876
"Influenza H5N1","Influenza A H5N1","polygon","Indonesia",2006,3.10075,98.287582,"North Sumatra","Karo",1,"Not specified","Confirmed cases",2,"IDN.32.7_1","GADM","WHO (Kucharski2015)","Geolocated case/outbreak locations, some uncertainty in geolocation method",98.2979089277946,3.11916707405995
"Influenza H5N1","Influenza A H5N1","polygon","Indonesia",2006,3.10075,98.287582,"North Sumatra","Karo",5,"Not specified","Confirmed cases",2,"IDN.32.7_1","GADM","WHO (Kucharski2015)","Geolocated case/outbreak locations, some uncertainty in geolocation method",98.2979089277946,3.11916707405995
"Influenza H5N1","Influenza A H5N1","polygon","Indonesia",2006,-6.238173,106.995049,"West Java","Bekasi",1,"Not specified","Confirmed cases",2,"IDN.9.15_1","GADM","WHO (Kucharski2015)","Geolocated case/outbreak locations, some uncertainty in geolocation method",106.975684703788,-6.28022644244839
"Influenza H5N1","Influenza A H5N1","polygon","Indonesia",2006,-7.980698,112.621136,"East Java","",1,"Not specified","Confirmed cases",1,"IDN.11_1","GADM","WHO (Kucharski2015)","Geolocated case/outbreak locations, some uncertainty in geolocation method",112.733074409087,-7.72059994551678
"Influenza H5N1","Influenza A H5N1","polygon","Indonesia",2006,-6.920974,107.593517,"West Java","Bandung",6,"Not specified","Confirmed cases",2,"IDN.9.2_1","GADM","WHO (Kucharski2015)","Geolocated case/outbreak locations, some uncertainty in geolocation method",107.610866519521,-7.09996608210222
"Influenza H5N1","Influenza A H5N1","polygon","Indonesia",2006,-6.268888,106.80356,"Jakarta","South Jakarta",1,"Not specified","Confirmed cases",2,"IDN.7.3_1","GADM","WHO (Kucharski2015)","Geolocated case/outbreak locations, some uncertainty in geolocation method",106.809996901256,-6.27254661950685
"Influenza H5N1","Influenza A H5N1","polygon","Indonesia",2006,-0.306071,100.37364,"West Sumatra","",1,"Not specified","Confirmed cases",1,"IDN.30_1","GADM","WHO (Kucharski2015)","Geolocated case/outbreak locations, some uncertainty in geolocation method",100.466700435103,-0.851597090303421
"Influenza H5N1","Influenza A H5N1","polygon","Indonesia",2006,-7.329778,108.203545,"West Java","Tasikmalaya",1,"Not specified","Confirmed cases",2,"IDN.9.26_1","GADM","WHO (Kucharski2015)","Geolocated case/outbreak locations, some uncertainty in geolocation method",108.141269459039,-7.49683659776313
"Influenza H5N1","Influenza A H5N1","polygon","Indonesia",2006,-6.294141,106.712894,"Banten","Tangerang",1,"Not specified","Confirmed cases",2,"IDN.4.8_1","GADM","WHO (Kucharski2015)","Geolocated case/outbreak locations, some uncertainty in geolocation method",106.518627375118,-6.17425885414333
"Influenza H5N1","Influenza A H5N1","polygon","Indonesia",2006,-8.068748,111.87767,"East Java","Tulungagung",1,"Not specified","Confirmed cases",2,"IDN.11.38_1","GADM","WHO (Kucharski2015)","Geolocated case/outbreak locations, some uncertainty in geolocation method",111.887188119965,-8.11323368123224
"Influenza H5N1","Influenza A H5N1","polygon","Indonesia",2006,-7.228293,107.908738,"West Java","Garut",1,"Not specified","Confirmed cases",2,"IDN.9.11_1","GADM","WHO (Kucharski2015)","Geolocated case/outbreak locations, some uncertainty in geolocation method",107.788923345762,-7.35953814323902
"Influenza H5N1","Influenza A H5N1","point","Indonesia",2006,-7.564673,107.688274,"West Java","Cikelet",1,"Not specified","Confirmed cases",NA,"","GADM","WHO (Kucharski2015)","Geolocated case/outbreak locations, some uncertainty in geolocation method",NA,-7.564673
"Influenza H5N1","Influenza A H5N1","polygon","Indonesia",2006,-5.137792,119.417896,"South Sulawesi","Makassar",1,"Not specified","Confirmed cases",2,"IDN.26.12_1","GADM","WHO (Kucharski2015)","Geolocated case/outbreak locations, some uncertainty in geolocation method",119.461148970968,-5.13341619486457
"Influenza H5N1","Influenza A H5N1","polygon","Indonesia",2006,-6.235442,107.019768,"West Java","East Bekasi",1,"Not specified","Confirmed cases",2,"IDN.9.4_1","GADM","WHO (Kucharski2015)","Geolocated case/outbreak locations, some uncertainty in geolocation method",107.120658923306,-6.21512102527972
"Influenza H5N1","Influenza A H5N1","polygon","Indonesia",2006,-0.792879,100.64847,"West Sumatra","Solok",1,"Not specified","Confirmed cases",2,"IDN.30.19_1","GADM","WHO (Kucharski2015)","Geolocated case/outbreak locations, some uncertainty in geolocation method",100.81866623355,-0.962392117245794
"Influenza H5N1","Influenza A H5N1","polygon","Indonesia",2006,-6.920974,107.593517,"West Java","Bandung",1,"Not specified","Confirmed cases",2,"IDN.9.2_1","GADM","WHO (Kucharski2015)","Geolocated case/outbreak locations, some uncertainty in geolocation method",107.610866519521,-7.09996608210222
"Influenza H5N1","Influenza A H5N1","polygon","Indonesia",2006,-7.564673,107.688274,"West Java","",1,"Not specified","Confirmed cases",1,"IDN.9_1","GADM","WHO (Kucharski2015)","Geolocated case/outbreak locations, some uncertainty in geolocation method",107.602743178733,-6.92021975492646
"Influenza H5N1","Influenza A H5N1","polygon","Indonesia",2006,-7.527064,110.590925,"Central Java","",1,"Not specified","Confirmed cases",1,"IDN.10_1","GADM","WHO (Kucharski2015)","Geolocated case/outbreak locations, some uncertainty in geolocation method",110.200911438928,-7.25984397172693
"Influenza H5N1","Influenza A H5N1","polygon","Indonesia",2006,-6.316663,107.377396,"West Java","Karawang",1,"Not specified","Confirmed cases",2,"IDN.9.13_1","GADM","WHO (Kucharski2015)","Geolocated case/outbreak locations, some uncertainty in geolocation method",107.353918915067,-6.25196812289904
"Influenza H5N1","Influenza A H5N1","polygon","Indonesia",2007,-6.169228,106.75169,"Jakarta","West Jakarta",1,"Not specified","Confirmed cases",2,"IDN.7.1_1","GADM","WHO (Kucharski2015)","Geolocated case/outbreak locations, some uncertainty in geolocation method",106.748325448592,-6.16546880343546
"Influenza H5N1","Influenza A H5N1","polygon","Indonesia",2007,-6.294141,106.712894,"Banten","Tangerang",1,"Not specified","Confirmed cases",2,"IDN.4.8_1","GADM","WHO (Kucharski2015)","Geolocated case/outbreak locations, some uncertainty in geolocation method",106.518627375118,-6.17425885414333
"Influenza H5N1","Influenza A H5N1","polygon","Indonesia",2007,-6.268888,106.80356,"Jakarta","South Jakarta",1,"Not specified","Confirmed cases",2,"IDN.7.3_1","GADM","WHO (Kucharski2015)","Geolocated case/outbreak locations, some uncertainty in geolocation method",106.809996901256,-6.27254661950685
"Influenza H5N1","Influenza A H5N1","polygon","Indonesia",2007,-6.920974,107.593517,"West Java","",1,"Not specified","Confirmed cases",1,"IDN.9_1","GADM","WHO (Kucharski2015)","Geolocated case/outbreak locations, some uncertainty in geolocation method",107.602743178733,-6.92021975492646
"Influenza H5N1","Influenza A H5N1","polygon","Indonesia",2007,-7.482304,110.21636,"Central Java","Magelang",1,"Not specified","Confirmed cases",2,"IDN.10.15_1","GADM","WHO (Kucharski2015)","Geolocated case/outbreak locations, some uncertainty in geolocation method",110.220131996986,-7.47714241236559
"Influenza H5N1","Influenza A H5N1","polygon","Indonesia",2007,-6.186465,106.827421,"Central Jakarta","",1,"Not specified","Confirmed cases",1,"IDN.7_1","GADM","WHO (Kucharski2015)","Geolocated case/outbreak locations, some uncertainty in geolocation method",106.834473348611,-6.20031649609542
"Influenza H5N1","Influenza A H5N1","polygon","Indonesia",2007,-7.980698,112.621136,"East Java","",1,"Not specified","Confirmed cases",1,"IDN.11_1","GADM","WHO (Kucharski2015)","Geolocated case/outbreak locations, some uncertainty in geolocation method",112.733074409087,-7.72059994551678
"Influenza H5N1","Influenza A H5N1","polygon","Indonesia",2007,-6.247729,106.897545,"Jakarta","East Jakarta",1,"Not specified","Confirmed cases",2,"IDN.7.4_1","GADM","WHO (Kucharski2015)","Geolocated case/outbreak locations, some uncertainty in geolocation method",106.900271898733,-6.25536707565632
"Influenza H5N1","Influenza A H5N1","polygon","Indonesia",2007,-3.337954,104.148559,"South Sumatra","",1,"Not specified","Confirmed cases",1,"IDN.31_1","GADM","WHO (Kucharski2015)","Geolocated case/outbreak locations, some uncertainty in geolocation method",104.170373633964,-3.21732220473591
"Influenza H5N1","Influenza A H5N1","polygon","Indonesia",2007,-0.306071,100.37364,"West Sumatra","",1,"Not specified","Confirmed cases",1,"IDN.30_1","GADM","WHO (Kucharski2015)","Geolocated case/outbreak locations, some uncertainty in geolocation method",100.466700435103,-0.851597090303421
"Influenza H5N1","Influenza A H5N1","polygon","Indonesia",2007,-6.247729,106.897545,"Jakarta","",1,"Not specified","Confirmed cases",1,"IDN.7_1","GADM","WHO (Kucharski2015)","Geolocated case/outbreak locations, some uncertainty in geolocation method",106.834473348611,-6.20031649609542
"Influenza H5N1","Influenza A H5N1","polygon","Indonesia",2007,-7.023209,110.169296,"Central Java","Kendal",1,"Not specified","Confirmed cases",2,"IDN.10.13_1","GADM","WHO (Kucharski2015)","Geolocated case/outbreak locations, some uncertainty in geolocation method",110.156031425804,-7.03777513152517
"Influenza H5N1","Influenza A H5N1","polygon","Indonesia",2007,1.487794,102.08828,"Riau","",1,"Not specified","Confirmed cases",1,"IDN.24_1","GADM","WHO (Kucharski2015)","Geolocated case/outbreak locations, some uncertainty in geolocation method",101.808307458344,0.509822999216672
"Influenza H5N1","Influenza A H5N1","polygon","Indonesia",2007,3.10075,98.287582,"North Sumatra","",1,"Not specified","Confirmed cases",1,"IDN.32_1","GADM","WHO (Kucharski2015)","Geolocated case/outbreak locations, some uncertainty in geolocation method",99.0535948825859,2.19038362131495
"Influenza H5N1","Influenza A H5N1","polygon","Indonesia",2007,-7.82563,110.931644,"Central Java","Wonogiri",1,"Not specified","Confirmed cases",2,"IDN.10.35_1","GADM","WHO (Kucharski2015)","Geolocated case/outbreak locations, some uncertainty in geolocation method",111.000440242317,-7.92019717460958
"Influenza H5N1","Influenza A H5N1","polygon","Indonesia",2007,-7.023209,110.96117,"Central Java","Grobogan",1,"Not specified","Confirmed cases",2,"IDN.10.9_1","GADM","WHO (Kucharski2015)","Geolocated case/outbreak locations, some uncertainty in geolocation method",110.927097433084,-7.11690100774387
"Influenza H5N1","Influenza A H5N1","polygon","Indonesia",2007,-6.17742,106.638393,"Banten","",1,"Not specified","Confirmed cases",1,"IDN.4_1","GADM","WHO (Kucharski2015)","Geolocated case/outbreak locations, some uncertainty in geolocation method",106.10941297712,-6.45641289932292
"Influenza H5N1","Influenza A H5N1","polygon","Indonesia",2007,-8.417357,115.396156,"Bali","",1,"Not specified","Confirmed cases",1,"IDN.2_1","GADM","WHO (Kucharski2015)","Geolocated case/outbreak locations, some uncertainty in geolocation method",115.132016619399,-8.36972386110679
"Influenza H5N1","Influenza A H5N1","polygon","Indonesia",2007,-8.548769,115.117092,"Bali","Tabanan",1,"Not specified","Confirmed cases",2,"IDN.2.9_1","GADM","WHO (Kucharski2015)","Geolocated case/outbreak locations, some uncertainty in geolocation method",115.078016571239,-8.42930274525707
"Influenza H5N1","Influenza A H5N1","polygon","Indonesia",2007,0.533516,101.442833,"Riau","Pekanbaru",1,"Not specified","Confirmed cases",2,"IDN.24.8_1","GADM","WHO (Kucharski2015)","Geolocated case/outbreak locations, some uncertainty in geolocation method",101.464436589417,0.549889598906354
"Influenza H5N1","Influenza A H5N1","polygon","Indonesia",2007,1.487794,102.08828,"Riau","Bengkalis",1,"Not specified","Confirmed cases",2,"IDN.24.1_1","GADM","WHO (Kucharski2015)","Geolocated case/outbreak locations, some uncertainty in geolocation method",101.663342318254,1.4060820914044
"Influenza H5N1","Influenza A H5N1","polygon","Indonesia",2008,-7.564673,107.688274,"West Java","",1,"Not specified","Confirmed cases",1,"IDN.9_1","GADM","WHO (Kucharski2015)","Geolocated case/outbreak locations, some uncertainty in geolocation method",107.602743178733,-6.92021975492646
"Influenza H5N1","Influenza A H5N1","polygon","Indonesia",2008,-6.294141,106.712894,"Banten","Tangerang",1,"Not specified","Confirmed cases",2,"IDN.4.8_1","GADM","WHO (Kucharski2015)","Geolocated case/outbreak locations, some uncertainty in geolocation method",106.518627375118,-6.17425885414333
"Influenza H5N1","Influenza A H5N1","polygon","Indonesia",2008,-6.247729,106.897545,"Jakarta","East Jakarta",1,"Not specified","Confirmed cases",2,"IDN.7.4_1","GADM","WHO (Kucharski2015)","Geolocated case/outbreak locations, some uncertainty in geolocation method",106.900271898733,-6.25536707565632
"Influenza H5N1","Influenza A H5N1","polygon","Indonesia",2008,-6.392754,106.830997,"West Java","Depok",1,"Not specified","Confirmed cases",2,"IDN.9.10_1","GADM","WHO (Kucharski2015)","Geolocated case/outbreak locations, some uncertainty in geolocation method",106.816807170697,-6.39610192397102
"Influenza H5N1","Influenza A H5N1","polygon","Indonesia",2008,-6.169228,106.75169,"Jakarta","West Jakarta",1,"Not specified","Confirmed cases",2,"IDN.7.1_1","GADM","WHO (Kucharski2015)","Geolocated case/outbreak locations, some uncertainty in geolocation method",106.748325448592,-6.16546880343546
"Influenza H5N1","Influenza A H5N1","polygon","Indonesia",2008,-7.420347,111.010551,"Central Java","Sragen",1,"Not specified","Confirmed cases",2,"IDN.10.29_1","GADM","WHO (Kucharski2015)","Geolocated case/outbreak locations, some uncertainty in geolocation method",110.977433720371,-7.38713113364343
"Influenza H5N1","Influenza A H5N1","polygon","Indonesia",2008,-6.268888,106.80356,"Jakarta","South Jakarta",1,"Not specified","Confirmed cases",2,"IDN.7.3_1","GADM","WHO (Kucharski2015)","Geolocated case/outbreak locations, some uncertainty in geolocation method",106.809996901256,-6.27254661950685
"Influenza H5N1","Influenza A H5N1","polygon","Indonesia",2008,-6.427213,107.747955,"West Java","Subang",1,"Not specified","Confirmed cases",2,"IDN.9.23_1","GADM","WHO (Kucharski2015)","Geolocated case/outbreak locations, some uncertainty in geolocation method",107.732233543994,-6.48415189407124
"Influenza H5N1","Influenza A H5N1","polygon","Indonesia",2008,-0.306071,100.37364,"West Sumatra","Bukit",1,"Not specified","Confirmed cases",2,"IDN.30.2_1","GADM","WHO (Kucharski2015)","Geolocated case/outbreak locations, some uncertainty in geolocation method",100.372041502548,-0.300098699241452
"Influenza H5N1","Influenza A H5N1","polygon","Indonesia",2008,-6.238173,106.995049,"West Java","Bekasi",1,"Not specified","Confirmed cases",2,"IDN.9.15_1","GADM","WHO (Kucharski2015)","Geolocated case/outbreak locations, some uncertainty in geolocation method",106.975684703788,-6.28022644244839
"Influenza H5N1","Influenza A H5N1","polygon","Indonesia",2008,-7.82563,110.931644,"Central Java","Wonogiri",1,"Not specified","Confirmed cases",2,"IDN.10.35_1","GADM","WHO (Kucharski2015)","Geolocated case/outbreak locations, some uncertainty in geolocation method",111.000440242317,-7.92019717460958
"Influenza H5N1","Influenza A H5N1","polygon","Indonesia",2008,1.487794,102.08828,"Riau","",1,"Not specified","Confirmed cases",1,"IDN.24_1","GADM","WHO (Kucharski2015)","Geolocated case/outbreak locations, some uncertainty in geolocation method",101.808307458344,0.509822999216672
"Influenza H5N1","Influenza A H5N1","polygon","Indonesia",2009,-6.169228,106.75169,"Jakarta","West Jakarta",1,"Not specified","Confirmed cases",2,"IDN.7.1_1","GADM","News (Kucharski2015)","Geolocated case/outbreak locations, some uncertainty in geolocation method",106.748325448592,-6.16546880343546
"Influenza H5N1","Influenza A H5N1","polygon","Indonesia",2009,-6.238173,106.995049,"West Java","Bekasi",1,"Not specified","Confirmed cases",2,"IDN.9.15_1","GADM","WHO (Kucharski2015)","Geolocated case/outbreak locations, some uncertainty in geolocation method",106.975684703788,-6.28022644244839
"Influenza H5N1","Influenza A H5N1","polygon","Indonesia",2009,-6.294141,106.712894,"Banten","Tangerang",1,"Not specified","Confirmed cases",2,"IDN.4.8_1","GADM","WHO (Kucharski2015)","Geolocated case/outbreak locations, some uncertainty in geolocation method",106.518627375118,-6.17425885414333
"Influenza H5N1","Influenza A H5N1","polygon","Indonesia",2009,-7.288914,112.741642,"East Java","Surabaya",1,"Not specified","Confirmed cases",2,"IDN.11.35_1","GADM","News (Kucharski2015)","Geolocated case/outbreak locations, some uncertainty in geolocation method",112.722669430353,-7.27538822331876
"Influenza H5N1","Influenza A H5N1","polygon","Indonesia",2009,0,0,NA,"",1,"Not specified","Confirmed cases",NA,"","GADM","News (Kucharski2015)","Geolocated case/outbreak locations, some uncertainty in geolocation method",NA,0
"Influenza H5N1","Influenza A H5N1","polygon","Indonesia",2009,-6.238173,106.995049,"West Java","Bekasi",1,"Not specified","Confirmed cases",2,"IDN.9.15_1","GADM","News (Kucharski2015)","Geolocated case/outbreak locations, some uncertainty in geolocation method",106.975684703788,-6.28022644244839
"Influenza H5N1","Influenza A H5N1","polygon","Indonesia",2009,0.533516,101.442833,"Riau","Pekanbaru",1,"Not specified","Confirmed cases",2,"IDN.24.8_1","GADM","News (Kucharski2015)","Geolocated case/outbreak locations, some uncertainty in geolocation method",101.464436589417,0.549889598906354
"Influenza H5N1","Influenza A H5N1","polygon","Indonesia",2009,-6.334408,108.328428,"West Java","Indramayu",1,"Not specified","Confirmed cases",2,"IDN.9.12_1","GADM","News (Kucharski2015)","Geolocated case/outbreak locations, some uncertainty in geolocation method",108.168733599478,-6.44864577576379
"Influenza H5N1","Influenza A H5N1","polygon","Indonesia",2009,-6.268888,106.80356,"Jakarta","South Jakarta",1,"Not specified","Confirmed cases",2,"IDN.7.3_1","GADM","News (Kucharski2015)","Geolocated case/outbreak locations, some uncertainty in geolocation method",106.809996901256,-6.27254661950685
"Influenza H5N1","Influenza A H5N1","polygon","Indonesia",2009,-6.920974,107.593517,"West Java","Bandung",1,"Not specified","Confirmed cases",2,"IDN.9.2_1","GADM","News (Kucharski2015)","Geolocated case/outbreak locations, some uncertainty in geolocation method",107.610866519521,-7.09996608210222
"Influenza H5N1","Influenza A H5N1","polygon","Indonesia",2009,-8.417357,115.396156,"Bali","Bangli",1,"Not specified","Confirmed cases",2,"IDN.2.2_1","GADM","News (Kucharski2015)","Geolocated case/outbreak locations, some uncertainty in geolocation method",115.346728218277,-8.29344491359181
"Influenza H5N1","Influenza A H5N1","polygon","Indonesia",2009,-0.952333,100.359993,"West Sumatra","Padang",1,"Not specified","Confirmed cases",2,"IDN.30.10_1","GADM","News (Kucharski2015)","Geolocated case/outbreak locations, some uncertainty in geolocation method",100.43528874786,-0.895615890887482
"Influenza H5N1","Influenza A H5N1","polygon","Indonesia",2010,0,0,NA,"",1,"Not specified","Confirmed cases",NA,"","GADM","News (Kucharski2015)","Geolocated case/outbreak locations, some uncertainty in geolocation method",NA,0
"Influenza H5N1","Influenza A H5N1","polygon","Indonesia",2010,-6.247729,106.897545,"Jakarta","",1,"Not specified","Confirmed cases",1,"IDN.7_1","GADM","WHO (Kucharski2015)","Geolocated case/outbreak locations, some uncertainty in geolocation method",106.834473348611,-6.20031649609542
"Influenza H5N1","Influenza A H5N1","polygon","Indonesia",2010,0.533516,101.442833,"Riau","Pekanbaru",1,"Not specified","Confirmed cases",2,"IDN.24.8_1","GADM","WHO (Kucharski2015)","Geolocated case/outbreak locations, some uncertainty in geolocation method",101.464436589417,0.549889598906354
"Influenza H5N1","Influenza A H5N1","polygon","Indonesia",2010,-7.980698,112.621136,"East Java","Malang",1,"Not specified","Confirmed cases",2,"IDN.11.22_1","GADM","WHO (Kucharski2015)","Geolocated case/outbreak locations, some uncertainty in geolocation method",112.640983632646,-8.12671981707402
"Influenza H5N1","Influenza A H5N1","polygon","Indonesia",2010,-6.268888,106.80356,"Jakarta","South Jakarta",1,"Not specified","Confirmed cases",2,"IDN.7.3_1","GADM","WHO (Kucharski2015)","Geolocated case/outbreak locations, some uncertainty in geolocation method",106.809996901256,-6.27254661950685
"Influenza H5N1","Influenza A H5N1","polygon","Indonesia",2010,-7.681732,110.822668,"Central Java","Sukoharjo",1,"Not specified","Confirmed cases",2,"IDN.10.30_1","GADM","WHO (Kucharski2015)","Geolocated case/outbreak locations, some uncertainty in geolocation method",110.834628252708,-7.68085033860209
"Influenza H5N1","Influenza A H5N1","polygon","Indonesia",2010,-6.294141,106.712894,"Banten","Tangerang",1,"Not specified","Confirmed cases",2,"IDN.4.8_1","GADM","WHO (Kucharski2015)","Geolocated case/outbreak locations, some uncertainty in geolocation method",106.518627375118,-6.17425885414333
"Influenza H5N1","Influenza A H5N1","polygon","Indonesia",2010,-6.169228,106.75169,"Jakarta","West Jakarta",1,"Not specified","Confirmed cases",2,"IDN.7.1_1","GADM","WHO (Kucharski2015)","Geolocated case/outbreak locations, some uncertainty in geolocation method",106.748325448592,-6.16546880343546
"Influenza H5N1","Influenza A H5N1","polygon","Indonesia",2010,-6.387295,106.837521,"West Java","Kota Depok",1,"Not specified","Confirmed cases",2,"IDN.9.10_1","GADM","WHO (Kucharski2015)","Geolocated case/outbreak locations, some uncertainty in geolocation method",106.816807170697,-6.39610192397102
"Influenza H5N1","Influenza A H5N1","polygon","Indonesia",2010,-6.920974,107.593517,"West Java","Bandung",1,"Not specified","Confirmed cases",2,"IDN.9.2_1","GADM","WHO (Kucharski2015)","Geolocated case/outbreak locations, some uncertainty in geolocation method",107.610866519521,-7.09996608210222
"Influenza H5N1","Influenza A H5N1","polygon","Indonesia",2011,-6.316663,107.377396,"West Java","Karawang",1,"Not specified","Confirmed cases",2,"IDN.9.13_1","GADM","WHO (Kucharski2015)","Geolocated case/outbreak locations, some uncertainty in geolocation method",107.353918915067,-6.25196812289904
"Influenza H5N1","Influenza A H5N1","polygon","Indonesia",2011,-6.392754,106.830997,"West Java","Depok",1,"Not specified","Confirmed cases",2,"IDN.9.10_1","GADM","WHO (Kucharski2015)","Geolocated case/outbreak locations, some uncertainty in geolocation method",106.816807170697,-6.39610192397102
"Influenza H5N1","Influenza A H5N1","polygon","Indonesia",2011,-6.238173,106.995049,"West Java","Bekasi",7,"Not specified","Confirmed cases",2,"IDN.9.15_1","GADM","WHO (Kucharski2015)","Geolocated case/outbreak locations, some uncertainty in geolocation method",106.975684703788,-6.28022644244839
"Influenza H5N1","Influenza A H5N1","polygon","Indonesia",2011,-8.029315,110.597763,"Yogyakarta","Gunung Kidul",1,"Not specified","Confirmed cases",2,"IDN.33.2_1","GADM","WHO (Kucharski2015)","Geolocated case/outbreak locations, some uncertainty in geolocation method",110.612082189756,-7.9942430944019
"Influenza H5N1","Influenza A H5N1","polygon","Indonesia",2011,-6.169228,106.75169,"Jakarta","West Jakarta",1,"Not specified","Confirmed cases",2,"IDN.7.1_1","GADM","WHO (Kucharski2015)","Geolocated case/outbreak locations, some uncertainty in geolocation method",106.748325448592,-6.16546880343546
"Influenza H5N1","Influenza A H5N1","polygon","Indonesia",2011,-6.135776,106.865959,"Jakarta","North Jakarta",1,"Not specified","Confirmed cases",2,"IDN.7.5_1","GADM","WHO (Kucharski2015)","Geolocated case/outbreak locations, some uncertainty in geolocation method",106.869460584096,-6.12918847014868
"Influenza H5N1","Influenza A H5N1","polygon","Indonesia",2011,-8.417357,115.396156,"Bali","Bangli",8,"Not specified","Confirmed cases",2,"IDN.2.2_1","GADM","WHO (Kucharski2015)","Geolocated case/outbreak locations, some uncertainty in geolocation method",115.346728218277,-8.29344491359181
"Influenza H5N1","Influenza A H5N1","polygon","Indonesia",2012,-6.247729,106.897545,"Jakarta","",9,"Not specified","Confirmed cases",1,"IDN.7_1","GADM","WHO (Kucharski2015)","Geolocated case/outbreak locations, some uncertainty in geolocation method",106.834473348611,-6.20031649609542
"Influenza H5N1","Influenza A H5N1","polygon","Indonesia",2012,-6.17742,106.638393,"Banten","",1,"Not specified","Confirmed cases",1,"IDN.4_1","GADM","WHO (Kucharski2015)","Geolocated case/outbreak locations, some uncertainty in geolocation method",106.10941297712,-6.45641289932292
"Influenza H5N1","Influenza A H5N1","polygon","Indonesia",2012,-8.601389,115.172195,"Bali","Badung",1,"Not specified","Confirmed cases",2,"IDN.2.1_1","GADM","WHO (Kucharski2015)","Geolocated case/outbreak locations, some uncertainty in geolocation method",115.188255988457,-8.58211441412802
"Influenza H5N1","Influenza A H5N1","polygon","Indonesia",2012,-3.480523,102.247925,"Bengkulu","",1,"Not specified","Confirmed cases",1,"IDN.5_1","GADM","WHO (Kucharski2015)","Geolocated case/outbreak locations, some uncertainty in geolocation method",102.336291298555,-3.53276309858007
"Influenza H5N1","Influenza A H5N1","polygon","Indonesia",2012,-8.722218,117.305603,"Nusa Tenggara Barat","",1,"Not specified","Confirmed cases",1,"IDN.20_1","GADM","WHO (Kucharski2015)","Geolocated case/outbreak locations, some uncertainty in geolocation method",117.507650071093,-8.60753068554084
"Influenza H5N1","Influenza A H5N1","polygon","Indonesia",2012,1.487794,102.08828,"Riau","",1,"Not specified","Confirmed cases",1,"IDN.24_1","GADM","WHO (Kucharski2015)","Geolocated case/outbreak locations, some uncertainty in geolocation method",101.808307458344,0.509822999216672
"Influenza H5N1","Influenza A H5N1","polygon","Indonesia",2012,-7.564673,107.688274,"West Java","",1,"Not specified","Confirmed cases",1,"IDN.9_1","GADM","WHO (Kucharski2015)","Geolocated case/outbreak locations, some uncertainty in geolocation method",107.602743178733,-6.92021975492646
"Influenza H5N1","Influenza A H5N1","polygon","Indonesia",2012,-8.029315,110.597763,"Yogyakarta","",1,"Not specified","Confirmed cases",1,"IDN.33_1","GADM","WHO (Kucharski2015)","Geolocated case/outbreak locations, some uncertainty in geolocation method",110.445314588809,-7.89502593874221
"Influenza H5N1","Influenza A H5N1","polygon","Indonesia",2013,-7.564673,107.688274,"West Java","",1,"Not specified","Confirmed cases",1,"IDN.9_1","GADM","WHO (Kucharski2015)","Geolocated case/outbreak locations, some uncertainty in geolocation method",107.602743178733,-6.92021975492646
"Influenza H5N1","Influenza A H5N1","polygon","Indonesia",2013,-6.238173,106.995049,"West Java","Bekasi",1,"Not specified","Confirmed cases",2,"IDN.9.15_1","GADM","WHO (Kucharski2015)","Geolocated case/outbreak locations, some uncertainty in geolocation method",106.975684703788,-6.28022644244839
"Influenza H5N1","Influenza A H5N1","polygon","Laos",2007,NA,NA,"Vientiane","",1,"Not specified","Confirmed cases",1,"LAO.14_1","GADM","WHO (Kucharski2015)","Geolocated case/outbreak locations, some uncertainty in geolocation method",102.130325394931,18.6301818610152
"Influenza H5N1","Influenza A H5N1","polygon","Laos",2007,NA,NA,"Vientiane","Pong Hong",1,"Not specified","Confirmed cases",2,"LAO.14.6_1","GADM","WHO (Kucharski2015)","Geolocated case/outbreak locations, some uncertainty in geolocation method",102.384847766029,18.4125380065054
"Influenza H5N1","Influenza A H5N1","polygon","Myanmar",2007,NA,NA,"Shan State","Kyaing Tone",1,"Not specified","Confirmed cases",2,"MMR.13.1_1","GADM","WHO (Kucharski2015)","Geolocated case/outbreak locations, some uncertainty in geolocation method",99.5886295689428,21.5837436078002
"Influenza H5N1","Influenza A H5N1","polygon","Thailand",2006,NA,NA,"Phichit","Thap Khlo",1,"Not specified","Confirmed cases",2,"THA.44.10_1","GADM","WHO (Kucharski2015)","Geolocated case/outbreak locations, some uncertainty in geolocation method",100.59976777937,16.1916692407016
"Influenza H5N1","Influenza A H5N1","polygon","Thailand",2006,NA,NA,"Uthai Thani","",1,"Not specified","Confirmed cases",1,"THA.74_1","GADM","WHO (Kucharski2015)","Geolocated case/outbreak locations, some uncertainty in geolocation method",99.4794813352531,15.3488063416884
"Influenza H5N1","Influenza A H5N1","polygon","Thailand",2006,NA,NA,"Nong Bua Lam Phu","",1,"Not specified","Confirmed cases",1,"THA.34_1","GADM","WHO (Kucharski2015)","Geolocated case/outbreak locations, some uncertainty in geolocation method",102.304067470671,17.1790963555594
"Influenza H5N1","Influenza A H5N1","polygon","Vietnam",2003,21.260541,105.853651,"Hanoi","",1,"Not specified","Confirmed cases",1,"VNM.27_1","GADM","WHO (Kucharski2015)","Geolocated case/outbreak locations, some uncertainty in geolocation method",105.700157913931,20.9988301004726
"Influenza H5N1","Influenza A H5N1","polygon","Vietnam",2003,21.260541,105.853651,"Hanoi","",2,"Not specified","Confirmed cases",1,"VNM.27_1","GADM","WHO (Kucharski2015)","Geolocated case/outbreak locations, some uncertainty in geolocation method",105.700157913931,20.9988301004726
"Influenza H5N1","Influenza A H5N1","polygon","Vietnam",2003,21.260541,105.853651,"Hanoi","",1,"Not specified","Confirmed cases",1,"VNM.27_1","GADM","WHO (Kucharski2015)","Geolocated case/outbreak locations, some uncertainty in geolocation method",105.700157913931,20.9988301004726
"Influenza H5N1","Influenza A H5N1","polygon","Vietnam",2004,10.804875,106.673763,"Ho Chi Minh","",1,"Not specified","Confirmed cases",1,"VNM.25_1","GADM","WHO (Kucharski2015)","Geolocated case/outbreak locations, some uncertainty in geolocation method",106.704977449271,10.7351476390046
"Influenza H5N1","Influenza A H5N1","polygon","Vietnam",2004,21.260541,105.853651,"Hanoi","",1,"Not specified","Confirmed cases",1,"VNM.27_1","GADM","WHO (Kucharski2015)","Geolocated case/outbreak locations, some uncertainty in geolocation method",105.700157913931,20.9988301004726
"Influenza H5N1","Influenza A H5N1","polygon","Vietnam",2004,19.805551,105.778499,"Thanh Hoa","",1,"Not specified","Confirmed cases",1,"VNM.57_1","GADM","WHO (Kucharski2015)","Geolocated case/outbreak locations, some uncertainty in geolocation method",105.320697443961,20.0451099293428
"Influenza H5N1","Influenza A H5N1","polygon","Vietnam",2004,NA,NA,"Lam Dong","",1,"Not specified","Confirmed cases",1,"VNM.37_1","GADM","WHO (Kucharski2015)","Geolocated case/outbreak locations, some uncertainty in geolocation method",108.095316981338,11.7508312720246
"Influenza H5N1","Influenza A H5N1","polygon","Vietnam",2004,NA,NA,"Dong Nai","",1,"Not specified","Confirmed cases",1,"VNM.17_1","GADM","WHO (Kucharski2015)","Geolocated case/outbreak locations, some uncertainty in geolocation method",107.185003867456,11.0591045582228
"Influenza H5N1","Influenza A H5N1","polygon","Vietnam",2004,21.031875,105.850682,"Ha Tay","",1,"Not specified","Confirmed cases",1,"VNM.27_1","GADM","WHO (Kucharski2015)","Geolocated case/outbreak locations, some uncertainty in geolocation method",105.700157913931,20.9988301004726
"Influenza H5N1","Influenza A H5N1","polygon","Vietnam",2004,NA,NA,"Hau Giang","",4,"Not specified","Confirmed cases",1,"VNM.24_1","GADM","WHO (Kucharski2015)","Geolocated case/outbreak locations, some uncertainty in geolocation method",105.624460682632,9.78420367576148
"Influenza H5N1","Influenza A H5N1","polygon","Vietnam",2004,NA,NA,"Tay Ninh","",1,"Not specified","Confirmed cases",1,"VNM.53_1","GADM","WHO (Kucharski2015)","Geolocated case/outbreak locations, some uncertainty in geolocation method",106.162176472851,11.4038098427471
"Influenza H5N1","Influenza A H5N1","polygon","Vietnam",2005,10.209178,105.794506,"Dong Thap","",1,"Not specified","Confirmed cases",1,"VNM.18_1","GADM","WHO (Kucharski2015)","Geolocated case/outbreak locations, some uncertainty in geolocation method",105.60767329132,10.5645486714686
"Influenza H5N1","Influenza A H5N1","polygon","Vietnam",2005,NA,NA,"Tra Vinh","",1,"Not specified","Confirmed cases",1,"VNM.59_1","GADM","WHO (Kucharski2015)","Geolocated case/outbreak locations, some uncertainty in geolocation method",106.317796623846,9.79667222240845
"Influenza H5N1","Influenza A H5N1","polygon","Vietnam",2005,NA,NA,"Tien Giang","",1,"Not specified","Confirmed cases",1,"VNM.58_1","GADM","WHO (Kucharski2015)","Geolocated case/outbreak locations, some uncertainty in geolocation method",106.308866522631,10.3973701398797
"Influenza H5N1","Influenza A H5N1","polygon","Vietnam",2005,NA,NA,"Hau Giang","",1,"Not specified","Confirmed cases",1,"VNM.24_1","GADM","WHO (Kucharski2015)","Geolocated case/outbreak locations, some uncertainty in geolocation method",105.624460682632,9.78420367576148
"Influenza H5N1","Influenza A H5N1","polygon","Vietnam",2005,21.260541,105.853651,"Hanoi","",1,"Not specified","Confirmed cases",1,"VNM.27_1","GADM","WHO (Kucharski2015)","Geolocated case/outbreak locations, some uncertainty in geolocation method",105.700157913931,20.9988301004726
"Influenza H5N1","Influenza A H5N1","polygon","Vietnam",2005,NA,NA,"Thai Binh","",5,"Not specified","Confirmed cases",1,"VNM.55_1","GADM","WHO (Kucharski2015)","Geolocated case/outbreak locations, some uncertainty in geolocation method",106.393906536446,20.5041360346708
"Influenza H5N1","Influenza A H5N1","polygon","Vietnam",2005,21.260541,105.853651,"Hanoi","",5,"Not specified","Confirmed cases",1,"VNM.27_1","GADM","WHO (Kucharski2015)","Geolocated case/outbreak locations, some uncertainty in geolocation method",105.700157913931,20.9988301004726
"Influenza H5N1","Influenza A H5N1","polygon","Vietnam",2005,10.209178,105.794506,"Dong Thap","",6,"Not specified","Confirmed cases",1,"VNM.18_1","GADM","WHO (Kucharski2015)","Geolocated case/outbreak locations, some uncertainty in geolocation method",105.60767329132,10.5645486714686
"Influenza H5N1","Influenza A H5N1","polygon","Vietnam",2005,NA,NA,"Bac Lieu","",6,"Not specified","Confirmed cases",1,"VNM.2_1","GADM","WHO (Kucharski2015)","Geolocated case/outbreak locations, some uncertainty in geolocation method",105.489223686105,9.31382471050685
"Influenza H5N1","Influenza A H5N1","polygon","Vietnam",2005,NA,NA,"Long An","",1,"Not specified","Confirmed cases",1,"VNM.39_1","GADM","WHO (Kucharski2015)","Geolocated case/outbreak locations, some uncertainty in geolocation method",106.171554452354,10.7296198724754
"Influenza H5N1","Influenza A H5N1","polygon","Vietnam",2005,NA,NA,"Thai Binh","",7,"Not specified","Confirmed cases",1,"VNM.55_1","GADM","WHO (Kucharski2015)","Geolocated case/outbreak locations, some uncertainty in geolocation method",106.393906536446,20.5041360346708
"Influenza H5N1","Influenza A H5N1","polygon","Vietnam",2005,NA,NA,"Thai Binh","",1,"Not specified","Confirmed cases",1,"VNM.55_1","GADM","WHO (Kucharski2015)","Geolocated case/outbreak locations, some uncertainty in geolocation method",106.393906536446,20.5041360346708
"Influenza H5N1","Influenza A H5N1","polygon","Vietnam",2005,NA,NA,"Quang Binh","",9,"Not specified","Confirmed cases",1,"VNM.46_1","GADM","WHO (Kucharski2015)","Geolocated case/outbreak locations, some uncertainty in geolocation method",106.294881800402,17.5314649751076
"Influenza H5N1","Influenza A H5N1","polygon","Vietnam",2005,NA,NA,"Nam Dinh","",1,"Not specified","Confirmed cases",1,"VNM.40_1","GADM","WHO (Kucharski2015)","Geolocated case/outbreak locations, some uncertainty in geolocation method",106.215677882884,20.2679144958137
"Influenza H5N1","Influenza A H5N1","polygon","Vietnam",2005,21.348863,107.599297,"Quang Ninh","",1,"Not specified","Confirmed cases",1,"VNM.49_1","GADM","WHO (Kucharski2015)","Geolocated case/outbreak locations, some uncertainty in geolocation method",107.28314604976,21.2469577052491
"Influenza H5N1","Influenza A H5N1","polygon","Vietnam",2005,NA,NA,"Haiphong","",10,"Not specified","Confirmed cases",1,"VNM.23_1","GADM","WHO (Kucharski2015)","Geolocated case/outbreak locations, some uncertainty in geolocation method",106.688276789077,20.792225462476
"Influenza H5N1","Influenza A H5N1","polygon","Vietnam",2005,NA,NA,"Ben Tre","",1,"Not specified","Confirmed cases",1,"VNM.6_1","GADM","WHO (Kucharski2015)","Geolocated case/outbreak locations, some uncertainty in geolocation method",106.468446885424,10.1195218850638
"Influenza H5N1","Influenza A H5N1","polygon","",2005,21.260541,105.853651,"Hanoi","",1,"Not specified","Confirmed cases",1,"VNM.27_1","GADM","WHO (Kucharski2015)","Geolocated case/outbreak locations, some uncertainty in geolocation method",105.700157913931,20.9988301004726
"Influenza H5N1","Influenza A H5N1","polygon","",2005,NA,NA,"Hai Phong","",1,"Not specified","Confirmed cases",1,"VNM.23_1","GADM"," (Kucharski2015)","Geolocated case/outbreak locations, some uncertainty in geolocation method",106.688276789077,20.792225462476
"Influenza H5N1","Influenza A H5N1","polygon","Vietnam",2007,21.316403,105.592589,"Vinh Phuc","",1,"Not specified","Confirmed cases",1,"VNM.62_1","GADM","WHO (Kucharski2015)","Geolocated case/outbreak locations, some uncertainty in geolocation method",105.559296622464,21.361838018793
"Influenza H5N1","Influenza A H5N1","polygon","Vietnam",2007,21.576916,105.824211,"Thai Nguyen","",1,"Not specified","Confirmed cases",1,"VNM.56_1","GADM","WHO (Kucharski2015)","Geolocated case/outbreak locations, some uncertainty in geolocation method",105.823803861825,21.6924364968832
"Influenza H5N1","Influenza A H5N1","polygon","Vietnam",2007,20.471004,105.901494,"Ha Nam","",1,"Not specified","Confirmed cases",1,"VNM.28_1","GADM","WHO (Kucharski2015)","Geolocated case/outbreak locations, some uncertainty in geolocation method",105.966453800184,20.5403917193561
"Influenza H5N1","Influenza A H5N1","polygon","Vietnam",2007,21.031875,105.850682,"Ha Tay","",1,"Not specified","Confirmed cases",1,"VNM.27_1","GADM","WHO (Kucharski2015)","Geolocated case/outbreak locations, some uncertainty in geolocation method",105.700157913931,20.9988301004726
"Influenza H5N1","Influenza A H5N1","polygon","Vietnam",2007,19.805551,105.778499,"Thanh Hoa","",1,"Not specified","Confirmed cases",1,"VNM.57_1","GADM","WHO (Kucharski2015)","Geolocated case/outbreak locations, some uncertainty in geolocation method",105.320697443961,20.0451099293428
"Influenza H5N1","Influenza A H5N1","polygon","Vietnam",2007,22.174688,105.270538,"Tuyen Quang","",1,"Not specified","Confirmed cases",1,"VNM.60_1","GADM","WHO (Kucharski2015)","Geolocated case/outbreak locations, some uncertainty in geolocation method",105.268084132585,22.1123910249454
"Influenza H5N1","Influenza A H5N1","polygon","Vietnam",2008,22.174688,105.270538,"Tuyen Quang","",1,"Not specified","Confirmed cases",1,"VNM.60_1","GADM","WHO (Kucharski2015)","Geolocated case/outbreak locations, some uncertainty in geolocation method",105.268084132585,22.1123910249454
"Influenza H5N1","Influenza A H5N1","polygon","Vietnam",2008,11.071782,106.346769,"Gia Loc","",1,"Not specified","Confirmed cases",2,"VNM.22.4_1","GADM","WHO (Kucharski2015)","Geolocated case/outbreak locations, some uncertainty in geolocation method",106.288576266768,20.850651756174
"Influenza H5N1","Influenza A H5N1","point","Vietnam",2008,20.262987,105.940796,"Ninh Binh","Ninh Nhat",1,"Not specified","Confirmed cases",NA,"","GADM","WHO (Kucharski2015)","Geolocated case/outbreak locations, some uncertainty in geolocation method",NA,20.262987
"Influenza H5N1","Influenza A H5N1","polygon","Vietnam",2008,21.433895,105.065575,"Phu Tho","Cam Khe",1,"Not specified","Confirmed cases",2,"VNM.44.1_1","GADM","WHO (Kucharski2015)","Geolocated case/outbreak locations, some uncertainty in geolocation method",105.09396734215,21.4023259489227
"Influenza H5N1","Influenza A H5N1","polygon","Vietnam",2008,20.471004,105.901494,"Ha Nam","Thanh Liem",1,"Not specified","Confirmed cases",2,"VNM.28.6_1","GADM","WHO (Kucharski2015)","Geolocated case/outbreak locations, some uncertainty in geolocation method",105.919482717549,20.4538623933692
"Influenza H5N1","Influenza A H5N1","point","Vietnam",2009,20.284419,105.320063,"Ba Thuoc","Dien Trung",1,"Not specified","Confirmed cases",NA,"","GADM","WHO (Kucharski2015)","Geolocated case/outbreak locations, some uncertainty in geolocation method",NA,20.284419
"Influenza H5N1","Influenza A H5N1","polygon","Vietnam",2009,21.348863,107.599297,"Quang Ninh","Dam Ha",1,"Not specified","Confirmed cases",2,"VNM.49.5_1","GADM","WHO (Kucharski2015)","Geolocated case/outbreak locations, some uncertainty in geolocation method",107.562864551821,21.3858575793627
"Influenza H5N1","Influenza A H5N1","polygon","Vietnam",2009,20.044966,106.100407,"Ninh Binh","Kim Son",1,"Not specified","Confirmed cases",2,"VNM.42.3_1","GADM","WHO (Kucharski2015)","Geolocated case/outbreak locations, some uncertainty in geolocation method",106.089404638142,20.0572672150193
"Influenza H5N1","Influenza A H5N1","polygon","Vietnam",2009,10.209178,105.794506,"Dong Thap","Chau Thanh",1,"Not specified","Confirmed cases",2,"VNM.18.3_1","GADM","WHO (Kucharski2015)","Geolocated case/outbreak locations, some uncertainty in geolocation method",105.818420785062,10.2267622619438
"Influenza H5N1","Influenza A H5N1","polygon","Vietnam",2009,20.442455,104.953537,"Thanh Hoa","Quan Hoa",1,"Not specified","Confirmed cases",2,"VNM.57.16_1","GADM","WHO (Kucharski2015)","Geolocated case/outbreak locations, some uncertainty in geolocation method",104.946734128745,20.4654865387423
"Influenza H5N1","Influenza A H5N1","polygon","Vietnam",2009,21.408167,103.03731,"Dien Bien","Dien Bien Phu",1,"Not specified","Confirmed cases",2,"VNM.20.2_1","GADM","WHO (Kucharski2015)","Geolocated case/outbreak locations, some uncertainty in geolocation method",103.044994422985,21.4057696876496
"Influenza H5N1","Influenza A H5N1","polygon","Vietnam",2010,12.511037,109.142768,"Khanh Hoa","Ninh Hoa",1,"Not specified","Confirmed cases",2,"VNM.32.7_1","GADM","WHO (Kucharski2015)","Geolocated case/outbreak locations, some uncertainty in geolocation method",109.075711966591,12.5339098725807
"Influenza H5N1","Influenza A H5N1","polygon","Vietnam",2010,10.337718,106.033316,"Tien Giang","Cai Be",1,"Not specified","Confirmed cases",2,"VNM.58.1_1","GADM","WHO (Kucharski2015)","Geolocated case/outbreak locations, some uncertainty in geolocation method",105.940045072816,10.3900249209972
"Influenza H5N1","Influenza A H5N1","polygon","Vietnam",2010,21.644026,105.360146,"Tuyen Quang","Son Duong",1,"Not specified","Confirmed cases",2,"VNM.60.5_1","GADM","WHO (Kucharski2015)","Geolocated case/outbreak locations, some uncertainty in geolocation method",105.388201800027,21.6541696025907
"Influenza H5N1","Influenza A H5N1","polygon","Vietnam",2010,21.260541,105.853651,"Hanoi","Soc Son",1,"Not specified","Confirmed cases",2,"VNM.27.23_1","GADM","WHO (Kucharski2015)","Geolocated case/outbreak locations, some uncertainty in geolocation method",105.83019313138,21.2727113813658
"Influenza H5N1","Influenza A H5N1","polygon","Vietnam",2010,10.922315,106.724911,"Binh Duong","Thuan An",1,"Not specified","Confirmed cases",2,"VNM.9.9_1","GADM","WHO (Kucharski2015)","Geolocated case/outbreak locations, some uncertainty in geolocation method",106.710083326889,10.9354004739875
"Influenza H5N1","Influenza A H5N1","point","Vietnam",2010,21.88644,105.851735,"Bac Kan","Nhu Co",1,"Not specified","Confirmed cases",NA,"","GADM","WHO (Kucharski2015)","Geolocated case/outbreak locations, some uncertainty in geolocation method",NA,21.88644
"Influenza H5N1","Influenza A H5N1","polygon","Vietnam",2010,21.975524,105.833244,"Bac Kan","Cho Moi",1,"Not specified","Confirmed cases",2,"VNM.4.4_1","GADM","WHO (Kucharski2015)","Geolocated case/outbreak locations, some uncertainty in geolocation method",105.84967201625,21.9833525479512
"Influenza H5N1","Influenza A H5N1","polygon","Vietnam",2012,9.768611,105.130463,"Kien Giang","",1,"Not specified","Confirmed cases",1,"VNM.33_1","GADM","WHO (Kucharski2015)","Geolocated case/outbreak locations, some uncertainty in geolocation method",104.943426341277,9.99794801109034
"Influenza H5N1","Influenza A H5N1","polygon","Vietnam",2012,9.6035,105.974804,"Soc Trang","",1,"Not specified","Confirmed cases",1,"VNM.51_1","GADM","WHO (Kucharski2015)","Geolocated case/outbreak locations, some uncertainty in geolocation method",105.926089169797,9.55804401097399
"Influenza H5N1","Influenza A H5N1","polygon","Vietnam",2012,20.442455,104.953537,"Thanh Hoa","",1,"Not specified","Confirmed cases",1,"VNM.57_1","GADM","WHO (Kucharski2015)","Geolocated case/outbreak locations, some uncertainty in geolocation method",105.320697443961,20.0451099293428
"Influenza H5N1","Influenza A H5N1","polygon","Vietnam",2012,12.689244,108.206291,"Dak Lak","",1,"Not specified","Confirmed cases",1,"VNM.15_1","GADM","WHO (Kucharski2015)","Geolocated case/outbreak locations, some uncertainty in geolocation method",108.207512839126,12.8244153193253
"Influenza H5N1","Influenza A H5N1","polygon","Vietnam",2013,10.506716,105.734711,"Dong Thap","",1,"Not specified","Confirmed cases",1,"VNM.18_1","GADM","WHO (Kucharski2015)","Geolocated case/outbreak locations, some uncertainty in geolocation method",105.60767329132,10.5645486714686
"Influenza H5N1","Influenza A H5N1","polygon","Vietnam",2013,10.695695,106.167526,"Long An","",1,"Not specified","Confirmed cases",1,"VNM.39_1","GADM","WHO (Kucharski2015)","Geolocated case/outbreak locations, some uncertainty in geolocation method",106.171554452354,10.7296198724754
"Influenza H5N1","Influenza A H5N1","polygon","Vietnam ",2014,11.761035,107.154465,"Binh Phuoc","Bu Dang",1,"Not specified","Confirmed cases",2,"VNM.10.3_1","GADM"," (Kucharski2015)","Geolocated case/outbreak locations, some uncertainty in geolocation method",107.218365548408,11.7825684912004
"Influenza H5N1","Influenza A H5N1","polygon","Vietnam ",2014,10.506716,105.734711,"Dong Thap","",1,"Not specified","Confirmed cases",1,"VNM.18_1","GADM"," (Kucharski2015)","Geolocated case/outbreak locations, some uncertainty in geolocation method",105.60767329132,10.5645486714686
