"Disease","Pathogen","DataType","Country","Year","CasesMetric","DiagnosticMetric","Longitude","Latitude","LocationName","IfPolygon_AdminLevel","ADMcode","ADMSource","PolyType","BufferRadius","Source"
"Rift Valley Fever","Rift Valley Fever virus","polygon","KEN","2006","Confirmed (see DiagnosticMetric column)","Serology",35.9673334848266,0.82047177113832,"Baringo","2","GAUL2_51377","GAUL2","admin",NA,"IHME"
"Rift Valley Fever","Rift Valley Fever virus","polygon","KEN","2006","Confirmed (see DiagnosticMetric column)","Serology",39.9809339816507,-0.170466580197184,"Garissa","2","GAUL2_51361","GAUL2","admin",NA,"IHME"
"Rift Valley Fever","Rift Valley Fever virus","polygon","KEN","2006","Confirmed (see DiagnosticMetric column)","Serology",39.5743733026566,-3.55856366713744,"Kilifi","2","GAUL2_51340","GAUL2","admin",NA,"IHME"
"Rift Valley Fever","Rift Valley Fever virus","polygon","TUN","2014","Confirmed (see DiagnosticMetric column)","Serology",10.6308107069159,35.3388290872177,"Mahdia","1","TUN.12_1","GADM1","admin",NA,"IHME"
"Rift Valley Fever","Rift Valley Fever virus","point","MRT","2015","Confirmed (see DiagnosticMetric column)","PCR",-11.4427336,16.6201507,"Kiffa Hospital Center",NA,NA,NA,NA,NA,"IHME"
"Rift Valley Fever","Rift Valley Fever virus","point","MRT","2015","Confirmed (see DiagnosticMetric column)","PCR",-13.9212227,17.0544866,"Aleg Hospital Center",NA,NA,NA,NA,NA,"IHME"
"Rift Valley Fever","Rift Valley Fever virus","polygon","MDG","2008","Confirmed (see DiagnosticMetric column)","Viral isolation",46.9609403849995,-24.6314209259522,"Taolagnaro","2","GAUL2_154537","GAUL2","admin",NA,"IHME"
"Rift Valley Fever","Rift Valley Fever virus","polygon","MDG","2008","Confirmed (see DiagnosticMetric column)","Viral isolation",47.7515208373319,-18.2025082529013,"Anjozorobe","2","GAUL2_154520","GAUL2","admin",NA,"IHME"
"Rift Valley Fever","Rift Valley Fever virus","polygon","MDG","2008","Confirmed (see DiagnosticMetric column)","Viral isolation",47.0550224908928,-18.1622699138727,"Ankazobe","2","GAUL2_154521","GAUL2","admin",NA,"IHME"
"Rift Valley Fever","Rift Valley Fever virus","polygon","MDG","2008","Confirmed (see DiagnosticMetric column)","Viral isolation",47.7905254173639,-18.8283335685853,"Manjakandriana","2","GAUL2_154524","GAUL2","admin",NA,"IHME"
"Rift Valley Fever","Rift Valley Fever virus","point","AGO","2016","Case report","Reported",13.1440148,-8.8535063,"Luanda",NA,NA,NA,"buffer",15.7,"IHME"
"Rift Valley Fever","Rift Valley Fever virus","point","MOZ","2012","Confirmed (see DiagnosticMetric column)","PCR",32.59487,-25.932512,"Catchment area for two facilities in Maputo suburb",NA,NA,NA,"buffer",2.16,"IHME"
"Rift Valley Fever","Rift Valley Fever virus","polygon","EGY","2003","Confirmed (see DiagnosticMetric column)","PCR",30.9072685012217,31.3247845285522,"Kafr el Sheikh","1","GAUL1_61522","GAUL1","admin",NA,"IHME"
"Rift Valley Fever","Rift Valley Fever virus","point","EGY","2003","Confirmed (see DiagnosticMetric column)","PCR",31.293409,30.064324,"Abbassia Fever Hospital (Cairo)",NA,NA,NA,NA,NA,"IHME"
"Rift Valley Fever","Rift Valley Fever virus","polygon","EGY","2003","Confirmed (see DiagnosticMetric column)","PCR",30.2763127053396,30.6294721977798,"Beheira Governorate","1","GAUL1_61513","GAUL1","admin",NA,"IHME"
"Rift Valley Fever","Rift Valley Fever virus","point","MLI","2015","Confirmed (see DiagnosticMetric column)","PCR",-10.6508426,15.0999997,"Dionkoulane",NA,NA,NA,NA,NA,"IHME"
"Rift Valley Fever","Rift Valley Fever virus","point","AGO","2016","Confirmed (see DiagnosticMetric column)","Serology",13.685884,-8.904863,"Luanda",NA,NA,NA,"buffer",30,"IHME"
"Rift Valley Fever","Rift Valley Fever virus","polygon","MRT","2015","Confirmed (see DiagnosticMetric column)","PCR",-10.4566232739235,17.1013436740949,"Tamchekett/Hodh El Gharbi","2","MRT.8.3_1","GADM2","admin",NA,"IHME"
"Rift Valley Fever","Rift Valley Fever virus","polygon","MRT","2015","Confirmed (see DiagnosticMetric column)","PCR",-12.940769240468,17.7282483612843,"Maghta-Lahjar/Brakna","2","MRT.3.5_1","GADM2","admin",NA,"IHME"
"Rift Valley Fever","Rift Valley Fever virus","polygon","MRT","2015","Confirmed (see DiagnosticMetric column)","PCR",-10.393535593637,18.5730827652287,"Tagant","1","MRT.11_1","GADM1","admin",NA,"IHME"
"Rift Valley Fever","Rift Valley Fever virus","polygon","MRT","2015","Confirmed (see DiagnosticMetric column)","PCR",-15.688951052855,17.2198828625838,"Mederdra/Trarza","2","MRT.13.3_1","GADM2","admin",NA,"IHME"
"Rift Valley Fever","Rift Valley Fever virus","polygon","MRT","2015","Confirmed (see DiagnosticMetric column)","PCR",-8.73047609634652,15.9212520955242,"Djigueni/Hodh Charghi","2","MRT.7.3_1","GADM2","admin",NA,"IHME"
"Rift Valley Fever","Rift Valley Fever virus","point","SEN","2009","Confirmed (see DiagnosticMetric column)","PCR",-12.585206,12.401668,"Baya, Kedougou region",NA,NA,NA,NA,NA,"IHME"
"Rift Valley Fever","Rift Valley Fever virus","point","MLI","2015","Case report","Reported",-7.908167,11.994254,"Ouélessébougou",NA,NA,NA,NA,NA,"IHME"
"Rift Valley Fever","Rift Valley Fever virus","polygon","UGA","2016","Confirmed (see DiagnosticMetric column)","PCR",29.9762592382123,-1.22146513180569,"Kabale District","1","UGA.12_1","GADM1","admin",NA,"IHME"
"Rift Valley Fever","Rift Valley Fever virus","polygon","KEN","2006","Case report","Reported",40.2304000788848,1.33830811902335,"North-Eastern Province","1","GAUL1_51329","GAUL1","admin",NA,"IHME"
"Rift Valley Fever","Rift Valley Fever virus","point","KEN","2007","Case report","Reported",35.96900177,0.696668983,"point within Kenya",NA,NA,NA,NA,NA,"IHME"
"Rift Valley Fever","Rift Valley Fever virus","point","KEN","2007","Case report","Reported",36.1189003,0.525348008,"point within Kenya",NA,NA,NA,NA,NA,"IHME"
"Rift Valley Fever","Rift Valley Fever virus","point","KEN","2007","Case report","Reported",36.04040146,0.496793985,"point within Kenya",NA,NA,NA,NA,NA,"IHME"
"Rift Valley Fever","Rift Valley Fever virus","point","KEN","2007","Case report","Reported",36.0904007,0.425410986,"point within Kenya",NA,NA,NA,NA,NA,"IHME"
"Rift Valley Fever","Rift Valley Fever virus","point","KEN","2007","Case report","Reported",36.04399872,0.346888006,"point within Kenya",NA,NA,NA,NA,NA,"IHME"
"Rift Valley Fever","Rift Valley Fever virus","point","KEN","2006","Case report","Reported",38.90010071,1.535429955,"point within Kenya",NA,NA,NA,NA,NA,"IHME"
"Rift Valley Fever","Rift Valley Fever virus","point","KEN","2006","Case report","Reported",40.63830185,1.110700011,"point within Kenya",NA,NA,NA,NA,NA,"IHME"
"Rift Valley Fever","Rift Valley Fever virus","point","KEN","2006","Case report","Reported",38.99290085,1.028599977,"point within Kenya",NA,NA,NA,NA,NA,"IHME"
"Rift Valley Fever","Rift Valley Fever virus","point","KEN","2006","Case report","Reported",39.76739883,0.857282996,"point within Kenya",NA,NA,NA,NA,NA,"IHME"
"Rift Valley Fever","Rift Valley Fever virus","point","KEN","2006","Case report","Reported",40.03509903,0.743068993,"point within Kenya",NA,NA,NA,NA,NA,"IHME"
"Rift Valley Fever","Rift Valley Fever virus","point","KEN","2006","Case report","Reported",39.42470169,0.785898983,"point within Kenya",NA,NA,NA,NA,NA,"IHME"
"Rift Valley Fever","Rift Valley Fever virus","point","KEN","2006","Case report","Reported",39.26409912,0.664546013,"point within Kenya",NA,NA,NA,NA,NA,"IHME"
"Rift Valley Fever","Rift Valley Fever virus","point","KEN","2006","Case report","Reported",39.02500153,0.67168498,"point within Kenya",NA,NA,NA,NA,NA,"IHME"
"Rift Valley Fever","Rift Valley Fever virus","point","KEN","2006","Case report","Reported",39.02140045,0.518209994,"point within Kenya",NA,NA,NA,NA,NA,"IHME"
"Rift Valley Fever","Rift Valley Fever virus","point","KEN","2006","Case report","Reported",39.22489929,0.528917015,"point within Kenya",NA,NA,NA,NA,NA,"IHME"
"Rift Valley Fever","Rift Valley Fever virus","point","KEN","2006","Case report","Reported",39.74240112,0.443257004,"point within Kenya",NA,NA,NA,NA,NA,"IHME"
"Rift Valley Fever","Rift Valley Fever virus","point","KEN","2006","Case report","Reported",39.48180008,0.275505006,"point within Kenya",NA,NA,NA,NA,NA,"IHME"
"Rift Valley Fever","Rift Valley Fever virus","point","KEN","2006","Case report","Reported",40.29919815,0.486086994,"point within Kenya",NA,NA,NA,NA,NA,"IHME"
"Rift Valley Fever","Rift Valley Fever virus","point","KEN","2006","Case report","Reported",40.73820114,0.28264299,"point within Kenya",NA,NA,NA,NA,NA,"IHME"
"Rift Valley Fever","Rift Valley Fever virus","point","KEN","2006","Case report","Reported",40.95589828,0.396856993,"point within Kenya",NA,NA,NA,NA,NA,"IHME"
"Rift Valley Fever","Rift Valley Fever virus","point","KEN","2006","Case report","Reported",39.79589844,0.268366009,"point within Kenya",NA,NA,NA,NA,NA,"IHME"
"Rift Valley Fever","Rift Valley Fever virus","point","KEN","2006","Case report","Reported",39.51039886,0.022092,"point within Kenya",NA,NA,NA,NA,NA,"IHME"
"Rift Valley Fever","Rift Valley Fever virus","point","KEN","2006","Case report","Reported",38.79660034,0.114891,"point within Kenya",NA,NA,NA,NA,NA,"IHME"
"Rift Valley Fever","Rift Valley Fever virus","point","KEN","2006","Case report","Reported",38.7466011,-0.113536999,"point within Kenya",NA,NA,NA,NA,NA,"IHME"
"Rift Valley Fever","Rift Valley Fever virus","point","KEN","2006","Case report","Reported",40.0243988,-0.052861098,"point within Kenya",NA,NA,NA,NA,NA,"IHME"
"Rift Valley Fever","Rift Valley Fever virus","point","KEN","2006","Case report","Reported",40.32419968,0.100613996,"point within Kenya",NA,NA,NA,NA,NA,"IHME"
"Rift Valley Fever","Rift Valley Fever virus","point","KEN","2006","Case report","Reported",40.39559937,-0.0100308,"point within Kenya",NA,NA,NA,NA,NA,"IHME"
"Rift Valley Fever","Rift Valley Fever virus","point","KEN","2006","Case report","Reported",40.57759857,-0.142091006,"point within Kenya",NA,NA,NA,NA,NA,"IHME"
"Rift Valley Fever","Rift Valley Fever virus","point","KEN","2006","Case report","Reported",40.78099823,-0.509718001,"point within Kenya",NA,NA,NA,NA,NA,"IHME"
"Rift Valley Fever","Rift Valley Fever virus","point","KEN","2006","Case report","Reported",40.38130188,-0.399073005,"point within Kenya",NA,NA,NA,NA,NA,"IHME"
"Rift Valley Fever","Rift Valley Fever virus","point","KEN","2006","Case report","Reported",40.27420044,-0.438333988,"point within Kenya",NA,NA,NA,NA,NA,"IHME"
"Rift Valley Fever","Rift Valley Fever virus","point","KEN","2006","Case report","Reported",39.70669937,-0.391934007,"point within Kenya",NA,NA,NA,NA,NA,"IHME"
"Rift Valley Fever","Rift Valley Fever virus","point","KEN","2006","Case report","Reported",39.56750107,-0.431194991,"point within Kenya",NA,NA,NA,NA,NA,"IHME"
"Rift Valley Fever","Rift Valley Fever virus","point","KEN","2006","Case report","Reported",39.12850189,-0.556116998,"point within Kenya",NA,NA,NA,NA,NA,"IHME"
"Rift Valley Fever","Rift Valley Fever virus","point","KEN","2006","Case report","Reported",39.01779938,-0.734577,"point within Kenya",NA,NA,NA,NA,NA,"IHME"
"Rift Valley Fever","Rift Valley Fever virus","point","KEN","2006","Case report","Reported",39.74599838,-0.559686005,"point within Kenya",NA,NA,NA,NA,NA,"IHME"
"Rift Valley Fever","Rift Valley Fever virus","point","KEN","2006","Case report","Reported",39.86019897,-0.80596,"point within Kenya",NA,NA,NA,NA,NA,"IHME"
"Rift Valley Fever","Rift Valley Fever virus","point","KEN","2006","Case report","Reported",39.87799835,-0.888051987,"point within Kenya",NA,NA,NA,NA,NA,"IHME"
"Rift Valley Fever","Rift Valley Fever virus","point","KEN","2006","Case report","Reported",39.84949875,-1.027250051,"point within Kenya",NA,NA,NA,NA,NA,"IHME"
"Rift Valley Fever","Rift Valley Fever virus","point","KEN","2006","Case report","Reported",39.84230042,-1.212849975,"point within Kenya",NA,NA,NA,NA,NA,"IHME"
"Rift Valley Fever","Rift Valley Fever virus","point","KEN","2006","Case report","Reported",40.22069931,-0.888051987,"point within Kenya",NA,NA,NA,NA,NA,"IHME"
"Rift Valley Fever","Rift Valley Fever virus","point","KEN","2006","Case report","Reported",40.44200134,-1.087929964,"point within Kenya",NA,NA,NA,NA,NA,"IHME"
"Rift Valley Fever","Rift Valley Fever virus","point","KEN","2006","Case report","Reported",40.54899979,-1.087929964,"point within Kenya",NA,NA,NA,NA,NA,"IHME"
"Rift Valley Fever","Rift Valley Fever virus","point","KEN","2006","Case report","Reported",41.07730103,-1.159309983,"point within Kenya",NA,NA,NA,NA,NA,"IHME"
"Rift Valley Fever","Rift Valley Fever virus","point","KEN","2006","Case report","Reported",41.19509888,-1.330629945,"point within Kenya",NA,NA,NA,NA,NA,"IHME"
"Rift Valley Fever","Rift Valley Fever virus","point","KEN","2006","Case report","Reported",41.09149933,-1.459120035,"point within Kenya",NA,NA,NA,NA,NA,"IHME"
"Rift Valley Fever","Rift Valley Fever virus","point","KEN","2006","Case report","Reported",40.82030106,-1.216420054,"point within Kenya",NA,NA,NA,NA,NA,"IHME"
"Rift Valley Fever","Rift Valley Fever virus","point","KEN","2006","Case report","Reported",40.74530029,-1.327059984,"point within Kenya",NA,NA,NA,NA,NA,"IHME"
"Rift Valley Fever","Rift Valley Fever virus","point","KEN","2006","Case report","Reported",40.86669922,-1.523370028,"point within Kenya",NA,NA,NA,NA,NA,"IHME"
"Rift Valley Fever","Rift Valley Fever virus","point","KEN","2006","Case report","Reported",40.67750168,-1.480540037,"point within Kenya",NA,NA,NA,NA,NA,"IHME"
"Rift Valley Fever","Rift Valley Fever virus","point","KEN","2006","Case report","Reported",40.56689835,-1.512660027,"point within Kenya",NA,NA,NA,NA,NA,"IHME"
"Rift Valley Fever","Rift Valley Fever virus","point","KEN","2006","Case report","Reported",40.52399826,-1.601889968,"point within Kenya",NA,NA,NA,NA,NA,"IHME"
"Rift Valley Fever","Rift Valley Fever virus","point","KEN","2006","Case report","Reported",40.27780151,-1.591179967,"point within Kenya",NA,NA,NA,NA,NA,"IHME"
"Rift Valley Fever","Rift Valley Fever virus","point","KEN","2006","Case report","Reported",40.28850174,-1.858870029,"point within Kenya",NA,NA,NA,NA,NA,"IHME"
"Rift Valley Fever","Rift Valley Fever virus","point","KEN","2006","Case report","Reported",39.51869965,-3.683919907,"point within Kenya",NA,NA,NA,NA,NA,"IHME"
"Rift Valley Fever","Rift Valley Fever virus","point","KEN","2006","Case report","Reported",39.79180145,-3.840960026,"point within Kenya",NA,NA,NA,NA,NA,"IHME"
"Rift Valley Fever","Rift Valley Fever virus","point","KEN","2006","Case report","Reported",39.8117981,-3.705630064,"point within Kenya",NA,NA,NA,NA,NA,"IHME"
"Rift Valley Fever","Rift Valley Fever virus","point","KEN","2006","Case report","Reported",39.85639954,-3.586659908,"point within Kenya",NA,NA,NA,NA,NA,"IHME"
"Rift Valley Fever","Rift Valley Fever virus","point","KEN","2006","Case report","Reported",39.89509964,-3.5128901,"point within Kenya",NA,NA,NA,NA,NA,"IHME"
"Rift Valley Fever","Rift Valley Fever virus","point","KEN","2006","Case report","Reported",39.9117012,-3.420099974,"point within Kenya",NA,NA,NA,NA,NA,"IHME"
"Rift Valley Fever","Rift Valley Fever virus","point","SAU","2013","Confirmed (see DiagnosticMetric column)","PCR",42.5235364,18.198891,"Aseer Central Hospital",NA,NA,NA,NA,NA,"IHME"
"Rift Valley Fever","Rift Valley Fever virus","point","MDG","2008","Confirmed (see DiagnosticMetric column)","PCR",47.5189937,-18.9193344,"Joseph-Raseta de Befelatanana Hospital",NA,NA,NA,NA,NA,"IHME"
"Rift Valley Fever","Rift Valley Fever virus","point","MDG","2008","Confirmed (see DiagnosticMetric column)","PCR",47.4335212,-18.9364926,"Fenoarivo Hospital",NA,NA,NA,NA,NA,"IHME"
"Rift Valley Fever","Rift Valley Fever virus","point","SDN","2011","Confirmed (see DiagnosticMetric column)","PCR",37.1138665,19.6304957,"Port Sudan",NA,NA,NA,"buffer",10.1,"IHME"
"Rift Valley Fever","Rift Valley Fever virus","point","MOZ","2013","Confirmed (see DiagnosticMetric column)","PCR",32.5763006,-25.9277767,"Mavalane A and B Neighborhoods",NA,NA,NA,NA,NA,"IHME"
"Rift Valley Fever","Rift Valley Fever virus","point","MRT","2010","Confirmed (see DiagnosticMetric column)","PCR",-13.125418,20.4635478,"Atar",NA,NA,NA,NA,NA,"IHME"
"Rift Valley Fever","Rift Valley Fever virus","point","MRT","2010","Confirmed (see DiagnosticMetric column)","PCR",-13.0577553,20.0264294,"Aoujeft",NA,NA,NA,NA,NA,"IHME"
"Rift Valley Fever","Rift Valley Fever virus","point","MRT","2010","Confirmed (see DiagnosticMetric column)","PCR",-14.4123176,19.7391609,"Akjoujt",NA,NA,NA,NA,NA,"IHME"
"Rift Valley Fever","Rift Valley Fever virus","point","MRT","2010","Confirmed (see DiagnosticMetric column)","PCR",-12.3724831,20.459705,"Chinguetti",NA,NA,NA,NA,NA,"IHME"
"Rift Valley Fever","Rift Valley Fever virus","point","MRT","2010","Confirmed (see DiagnosticMetric column)","Serology",-12.252756,17.3953212,"Kobeni/Kubanni",NA,NA,NA,NA,NA,"IHME"
"Rift Valley Fever","Rift Valley Fever virus","point","MRT","2010","Confirmed (see DiagnosticMetric column)","Serology",-10.1879741,16.3911713,"Tintane",NA,NA,NA,NA,NA,"IHME"
"Rift Valley Fever","Rift Valley Fever virus","point","MOZ","2012","Confirmed (see DiagnosticMetric column)","Serology",32.5813139,-25.9434404,"Polana Canico Health Center",NA,NA,NA,NA,NA,"IHME"
"Rift Valley Fever","Rift Valley Fever virus","point","SEN","2012","Confirmed (see DiagnosticMetric column)","PCR",-12.46833333,12.46388889,"Baya, Kedougou region",NA,NA,NA,NA,NA,"IHME"
"Rift Valley Fever","Rift Valley Fever virus","point","MRT","2012","Confirmed (see DiagnosticMetric column)","Serology",-12.39403233,18.37996819,"Moujdjeria",NA,NA,NA,NA,NA,"IHME"
"Rift Valley Fever","Rift Valley Fever virus","point","MRT","2012","Confirmed (see DiagnosticMetric column)","Serology",-12.21557275,18.38710657,"Moujdjeria",NA,NA,NA,NA,NA,"IHME"
"Rift Valley Fever","Rift Valley Fever virus","point","MRT","2012","Confirmed (see DiagnosticMetric column)","Serology",-12.2369879,18.26575406,"Moujdjeria",NA,NA,NA,NA,NA,"IHME"
"Rift Valley Fever","Rift Valley Fever virus","point","MRT","2012","Confirmed (see DiagnosticMetric column)","Serology",-12.12991216,18.23720053,"Moujdjeria",NA,NA,NA,NA,NA,"IHME"
"Rift Valley Fever","Rift Valley Fever virus","point","MRT","2012","Confirmed (see DiagnosticMetric column)","Serology",-12.05138994,18.13012478,"Moujdjeria",NA,NA,NA,NA,NA,"IHME"
"Rift Valley Fever","Rift Valley Fever virus","point","MRT","2012","Confirmed (see DiagnosticMetric column)","Serology",-12.1941576,18.1229864,"Moujdjeria",NA,NA,NA,NA,NA,"IHME"
"Rift Valley Fever","Rift Valley Fever virus","point","MRT","2012","Confirmed (see DiagnosticMetric column)","Serology",-12.29409497,18.13012478,"Moujdjeria",NA,NA,NA,NA,NA,"IHME"
"Rift Valley Fever","Rift Valley Fever virus","point","MRT","2012","Confirmed (see DiagnosticMetric column)","Serology",-12.26554143,18.05160257,"Moujdjeria",NA,NA,NA,NA,NA,"IHME"
"Rift Valley Fever","Rift Valley Fever virus","point","MRT","2012","Confirmed (see DiagnosticMetric column)","Serology",-12.1941576,17.99449551,"Moujdjeria",NA,NA,NA,NA,NA,"IHME"
"Rift Valley Fever","Rift Valley Fever virus","point","MRT","2012","Confirmed (see DiagnosticMetric column)","Serology",-12.03711318,17.92311168,"Moujdjeria",NA,NA,NA,NA,NA,"IHME"
"Rift Valley Fever","Rift Valley Fever virus","point","MRT","2012","Confirmed (see DiagnosticMetric column)","Serology",-12.11563539,17.86600461,"Moujdjeria",NA,NA,NA,NA,NA,"IHME"
"Rift Valley Fever","Rift Valley Fever virus","point","MRT","2012","Confirmed (see DiagnosticMetric column)","Serology",-12.29409497,17.92311168,"Moujdjeria",NA,NA,NA,NA,NA,"IHME"
"Rift Valley Fever","Rift Valley Fever virus","point","MRT","2012","Confirmed (see DiagnosticMetric column)","Serology",-12.26554143,17.75179048,"Moujdjeria",NA,NA,NA,NA,NA,"IHME"
"Rift Valley Fever","Rift Valley Fever virus","point","MRT","2012","Confirmed (see DiagnosticMetric column)","Serology",-12.30123335,17.69468342,"Moujdjeria",NA,NA,NA,NA,NA,"IHME"
"Rift Valley Fever","Rift Valley Fever virus","point","MRT","2012","Confirmed (see DiagnosticMetric column)","Serology",-11.69447079,17.23782691,"Moujdjeria",NA,NA,NA,NA,NA,"IHME"
"Rift Valley Fever","Rift Valley Fever virus","point","MRT","2012","Confirmed (see DiagnosticMetric column)","Serology",-11.8586536,18.33713789,"Tiguidja",NA,NA,NA,NA,NA,"IHME"
"Rift Valley Fever","Rift Valley Fever virus","point","MRT","2012","Confirmed (see DiagnosticMetric column)","Serology",-11.85151522,18.53701261,"Tiguidja",NA,NA,NA,NA,NA,"IHME"
"Rift Valley Fever","Rift Valley Fever virus","point","MRT","2012","Confirmed (see DiagnosticMetric column)","Serology",-11.59453343,18.67978028,"Tiguidja",NA,NA,NA,NA,NA,"IHME"
"Rift Valley Fever","Rift Valley Fever virus","point","MRT","2012","Confirmed (see DiagnosticMetric column)","Serology",-11.33041326,18.49418232,"Tiguidja",NA,NA,NA,NA,NA,"IHME"
"Rift Valley Fever","Rift Valley Fever virus","point","MRT","2012","Confirmed (see DiagnosticMetric column)","Serology",-10.65726374,17.15145247,"Tamcheket",NA,NA,NA,NA,NA,"IHME"
"Rift Valley Fever","Rift Valley Fever virus","point","MRT","2012","Confirmed (see DiagnosticMetric column)","Serology",-10.73578595,17.03723834,"Tamcheket",NA,NA,NA,NA,NA,"IHME"
"Rift Valley Fever","Rift Valley Fever virus","point","MRT","2012","Confirmed (see DiagnosticMetric column)","Serology",-10.47880417,17.13717571,"Tamcheket",NA,NA,NA,NA,NA,"IHME"
"Rift Valley Fever","Rift Valley Fever virus","point","MRT","2012","Confirmed (see DiagnosticMetric column)","Serology",-10.31462136,17.15145247,"Tamcheket",NA,NA,NA,NA,NA,"IHME"
"Rift Valley Fever","Rift Valley Fever virus","point","MRT","2012","Confirmed (see DiagnosticMetric column)","Serology",-10.19326884,16.92302421,"Tamcheket",NA,NA,NA,NA,NA,"IHME"
"Rift Valley Fever","Rift Valley Fever virus","point","MRT","2012","Confirmed (see DiagnosticMetric column)","Serology",-10.7572011,16.82308685,"Tamcheket",NA,NA,NA,NA,NA,"IHME"
"Rift Valley Fever","Rift Valley Fever virus","point","MRT","2012","Confirmed (see DiagnosticMetric column)","Serology",-10.71437081,16.72314949,"Tamcheket",NA,NA,NA,NA,NA,"IHME"
"Rift Valley Fever","Rift Valley Fever virus","point","MRT","2012","Confirmed (see DiagnosticMetric column)","Serology",-10.57874153,16.23773944,"Tintane",NA,NA,NA,NA,NA,"IHME"
"Rift Valley Fever","Rift Valley Fever virus","point","MRT","2012","Confirmed (see DiagnosticMetric column)","Serology",-10.4216971,16.05214149,"Tintane",NA,NA,NA,NA,NA,"IHME"
"Rift Valley Fever","Rift Valley Fever virus","point","MRT","2012","Confirmed (see DiagnosticMetric column)","Serology",-10.47880417,15.85226676,"Tintane",NA,NA,NA,NA,NA,"IHME"
"Rift Valley Fever","Rift Valley Fever virus","point","MRT","2012","Confirmed (see DiagnosticMetric column)","Serology",-11.45176577,16.75955524,"Kiffa",NA,NA,NA,NA,NA,"IHME"
"Rift Valley Fever","Rift Valley Fever virus","point","MRT","2012","Confirmed (see DiagnosticMetric column)","Serology",-12.85231652,17.28922326,"Macta Iajar",NA,NA,NA,NA,NA,"IHME"
"Rift Valley Fever","Rift Valley Fever virus","point","MRT","2012","Confirmed (see DiagnosticMetric column)","Serology",-15.4649647,18.6169625,"Ouad Naga",NA,NA,NA,NA,NA,"IHME"
"Rift Valley Fever","Rift Valley Fever virus","point","MRT","2012","Confirmed (see DiagnosticMetric column)","Serology",-15.19370615,18.71689987,"Ouad Naga",NA,NA,NA,NA,NA,"IHME"
"Rift Valley Fever","Rift Valley Fever virus","point","MRT","2012","Confirmed (see DiagnosticMetric column)","Serology",-12.00855965,16.9451532,"Guerou",NA,NA,NA,NA,NA,"IHME"
"Rift Valley Fever","Rift Valley Fever virus","point","MRT","2012","Confirmed (see DiagnosticMetric column)","Serology",-13.59470835,17.00368794,"Aleg",NA,NA,NA,NA,NA,"IHME"
"Rift Valley Fever","Rift Valley Fever virus","point","MRT","2012","Confirmed (see DiagnosticMetric column)","Serology",-8.739180224,15.7951597,"Djigueni",NA,NA,NA,NA,NA,"IHME"
"Rift Valley Fever","Rift Valley Fever virus","point","MRT","2012","Confirmed (see DiagnosticMetric column)","Serology",-6.419205744,15.78802131,"Amourj",NA,NA,NA,NA,NA,"IHME"
"Rift Valley Fever","Rift Valley Fever virus","point","MRT","2012","Confirmed (see DiagnosticMetric column)","Serology",-7.254396557,16.60179698,"Nema",NA,NA,NA,NA,NA,"IHME"
"Rift Valley Fever","Rift Valley Fever virus","point","MRT","2012","Confirmed (see DiagnosticMetric column)","Serology",-7.075936981,16.45189094,"Nema",NA,NA,NA,NA,NA,"IHME"
"Rift Valley Fever","Rift Valley Fever virus","point","SEN","2013","Confirmed (see DiagnosticMetric column)","Serology",-15.48779521,15.11297709,"Kedougou",NA,NA,NA,NA,NA,"IHME"
"Rift Valley Fever","Rift Valley Fever virus","point","MRT","1987","Confirmed (see DiagnosticMetric column)","PCR",-16.233823,16.557001,"Keur-Macéne",NA,NA,NA,NA,NA,"IHME"
"Rift Valley Fever","Rift Valley Fever virus","point","MRT","1987","Confirmed (see DiagnosticMetric column)","PCR",-15.805357,16.513308,"Rosso",NA,NA,NA,NA,NA,"IHME"
"Rift Valley Fever","Rift Valley Fever virus","point","MRT","1987","Confirmed (see DiagnosticMetric column)","PCR",-15.768,16.556,"Nkick",NA,NA,NA,NA,NA,"IHME"
"Rift Valley Fever","Rift Valley Fever virus","point","MRT","1987","Confirmed (see DiagnosticMetric column)","PCR",-15.760014,16.550031,"Garack",NA,NA,NA,NA,NA,"IHME"
"Rift Valley Fever","Rift Valley Fever virus","point","MRT","1987","Confirmed (see DiagnosticMetric column)","PCR",-13.013,20.254,"Terg",NA,NA,NA,NA,NA,"IHME"
"Rift Valley Fever","Rift Valley Fever virus","point","MRT","1987","Confirmed (see DiagnosticMetric column)","PCR",-15.055,16.685,"Rosso",NA,NA,NA,NA,NA,"IHME"
"Rift Valley Fever","Rift Valley Fever virus","polygon","MRT","1998","Confirmed (see DiagnosticMetric column)","PCR",-9.83135061158361,16.5627441485898,"Hodh El Garbi","1","GAUL1_2011","GAUL1","admin",NA,"IHME"
"Rift Valley Fever","Rift Valley Fever virus","point","MRT","2003","Confirmed (see DiagnosticMetric column)","PCR",-11.514,17.199,"Hseytine",NA,NA,NA,NA,NA,"IHME"
"Rift Valley Fever","Rift Valley Fever virus","point","MRT","2003","Confirmed (see DiagnosticMetric column)","PCR",-11.429838,18.553697,"Tijiga",NA,NA,NA,NA,NA,"IHME"
"Rift Valley Fever","Rift Valley Fever virus","point","MRT","2003","Confirmed (see DiagnosticMetric column)","PCR",-11.403594,16.620641,"Kiffa",NA,NA,NA,NA,NA,"IHME"
"Rift Valley Fever","Rift Valley Fever virus","point","MRT","2003","Confirmed (see DiagnosticMetric column)","PCR",-15.926125,18.11275,"Dar Naim",NA,NA,NA,"buffer",5.6,"IHME"
"Rift Valley Fever","Rift Valley Fever virus","point","MRT","2003","Confirmed (see DiagnosticMetric column)","PCR",-13.498,17.013,"Matar Lajar",NA,NA,NA,NA,NA,"IHME"
"Rift Valley Fever","Rift Valley Fever virus","point","MRT","2003","Confirmed (see DiagnosticMetric column)","PCR",-15.94,18.027,"Lazaret",NA,NA,NA,NA,NA,"IHME"
"Rift Valley Fever","Rift Valley Fever virus","point","MRT","2003","Confirmed (see DiagnosticMetric column)","PCR",-13.498,17.013,"Matar Lajar",NA,NA,NA,NA,NA,"IHME"
"Rift Valley Fever","Rift Valley Fever virus","polygon","UGA","2015","Confirmed (see DiagnosticMetric column)","PCR",29.9762592382123,-1.22146513180569,"Kabale District","1","UGA.12_1","GADM1","admin",NA,"IHME"
"Rift Valley Fever","Rift Valley Fever virus","point","KEN","2006","Confirmed (see DiagnosticMetric column)","PCR",40.124668,-3.226721,"Malindi District Hospital",NA,NA,NA,NA,NA,"IHME"
"Rift Valley Fever","Rift Valley Fever virus","polygon","MRT","2012","Confirmed (see DiagnosticMetric column)","PCR",-11.5362708670548,16.5811652123769,"Assaba","1","GAUL1_2005","GAUL1","admin",NA,"IHME"
"Rift Valley Fever","Rift Valley Fever virus","polygon","MRT","2012","Confirmed (see DiagnosticMetric column)","PCR",-13.4074842912171,17.2483839148712,"Brakna","1","GAUL1_2006","GAUL1","admin",NA,"IHME"
"Rift Valley Fever","Rift Valley Fever virus","polygon","MRT","2012","Confirmed (see DiagnosticMetric column)","PCR",-7.07203743851526,18.1714016813209,"Hodh chargui","1","GAUL1_2010","GAUL1","admin",NA,"IHME"
"Rift Valley Fever","Rift Valley Fever virus","polygon","MRT","2012","Confirmed (see DiagnosticMetric column)","PCR",-9.83135061158361,16.5627441485898,"Hodh Gharbi","1","GAUL1_2011","GAUL1","admin",NA,"IHME"
"Rift Valley Fever","Rift Valley Fever virus","polygon","MRT","2012","Confirmed (see DiagnosticMetric column)","PCR",-10.3474971597627,18.5928161894305,"Tagnat","1","GAUL1_2014","GAUL1","admin",NA,"IHME"
"Rift Valley Fever","Rift Valley Fever virus","polygon","MRT","2012","Confirmed (see DiagnosticMetric column)","PCR",-14.8479917555569,17.9324846169297,"Trarza","1","GAUL1_2016","GAUL1","admin",NA,"IHME"
"Rift Valley Fever","Rift Valley Fever virus","polygon","KEN","2006","Confirmed (see DiagnosticMetric column)","Viral isolation",40.6730528652394,-0.452923572504634,"Fafi-Jarajila","3","KEN.7.3.4_1","GADM3","admin",NA,"IHME"
"Rift Valley Fever","Rift Valley Fever virus","polygon","KEN","2006","Confirmed (see DiagnosticMetric column)","Viral isolation",NA,NA,"Bura-Guujo","3","51605","GADM3","admin",NA,"IHME"
"Rift Valley Fever","Rift Valley Fever virus","polygon","KEN","2007","Confirmed (see DiagnosticMetric column)","Viral isolation",40.7338491380115,-2.40588011500349,"Bahari","3","KEN.21.2.1_1","GADM3","admin",NA,"IHME"
"Rift Valley Fever","Rift Valley Fever virus","polygon","SOM","2007","Confirmed (see DiagnosticMetric column)","Viral isolation",41.801714768877,0.0876398573263951,"Ichamus","1","GAUL1_2696","GAUL1","admin",NA,"IHME"
"Rift Valley Fever","Rift Valley Fever virus","point","SOM","2007","Confirmed (see DiagnosticMetric column)","Viral isolation",36.693075,-1.428119,"Kiserian",NA,NA,NA,NA,NA,"IHME"
"Rift Valley Fever","Rift Valley Fever virus","polygon","TZA","2007","Confirmed (see DiagnosticMetric column)","Viral isolation",39.0202121887687,-5.1114497980233,"Tanga","2","GAUL2_48506","GAUL2","admin",NA,"IHME"
"Rift Valley Fever","Rift Valley Fever virus","polygon","TZA","2007","Confirmed (see DiagnosticMetric column)","Viral isolation",35.7920164394392,-6.10805556935979,"Dodoma","2","GAUL2_48392","GAUL2","admin",NA,"IHME"
"Rift Valley Fever","Rift Valley Fever virus","polygon","KEN","2006","Case report","Reported",39.9809339816507,-0.170466580197184,"Garissa","2","GAUL2_51361","GAUL2","admin",NA,"IHME"
"Rift Valley Fever","Rift Valley Fever virus","polygon","KEN","2006","Case report","Reported",40.7913398987775,-1.42886909549226,"Ijara","2","GAUL2_51362","GAUL2","admin",NA,"IHME"
"Rift Valley Fever","Rift Valley Fever virus","polygon","KEN","2006","Case report","Reported",39.5743733026566,-3.55856366713744,"Kilifi","2","GAUL2_51340","GAUL2","admin",NA,"IHME"
"Rift Valley Fever","Rift Valley Fever virus","polygon","KEN","2006","Case report","Reported",39.7579001202355,-2.93217728294927,"Malindi","2","GAUL2_51343","GAUL2","admin",NA,"IHME"
"Rift Valley Fever","Rift Valley Fever virus","polygon","KEN","2007","Case report","Reported",35.9673334848266,0.82047177113832,"Baringo","2","GAUL2_51377","GAUL2","admin",NA,"IHME"
"Rift Valley Fever","Rift Valley Fever virus","polygon","SOM","2007","Case report","Reported",42.5380390541108,1.2283325198666,"Middle Juba","1","GAUL1_2698","GAUL1","admin",NA,"IHME"
"Rift Valley Fever","Rift Valley Fever virus","polygon","SOM","2007","Case report","Reported",41.801714768877,0.0876398573263951,"Lower Juba","1","GAUL1_2696","GAUL1","admin",NA,"IHME"
"Rift Valley Fever","Rift Valley Fever virus","polygon","SOM","2007","Case report","Reported",41.981828538808,2.8968701638526,"Gedo","1","GAUL1_2694","GAUL1","admin",NA,"IHME"
"Rift Valley Fever","Rift Valley Fever virus","polygon","TZA","2007","Case report","Reported",35.9182948194472,-2.96994400558476,"Arusha","1","GAUL1_48357","GAUL1","admin",NA,"IHME"
"Rift Valley Fever","Rift Valley Fever virus","polygon","TZA","2007","Case report","Reported",35.9223220531335,-5.92916054061811,"Dodoma","1","GAUL1_48359","GAUL1","admin",NA,"IHME"
"Rift Valley Fever","Rift Valley Fever virus","polygon","MRT","2010","Case report","Reported",-10.1743201682719,21.0377154963959,"Adrar","1","GAUL1_2004","GAUL1","admin",NA,"IHME"
"Rift Valley Fever","Rift Valley Fever virus","point","MDG","2008","Confirmed (see DiagnosticMetric column)","PCR",47.523129,-18.921391,"Joseph Raseta Befelastanana Hospital in Antananarivo",NA,NA,NA,NA,NA,"IHME"
"Rift Valley Fever","Rift Valley Fever virus","polygon","KEN","2006","Confirmed (see DiagnosticMetric column)","Viral isolation",39.9809339816507,-0.170466580197184,"Garissa District","2","GAUL2_51361","GAUL2","admin",NA,"IHME"
"Rift Valley Fever","Rift Valley Fever virus","polygon","KEN","2007","Confirmed (see DiagnosticMetric column)","Viral isolation",39.327990537964,-2.49697601571827,"Coast Province","1","GAUL1_51326","GAUL1","admin",NA,"IHME"
"Rift Valley Fever","Rift Valley Fever virus","polygon","KEN","2007","Confirmed (see DiagnosticMetric column)","Viral isolation",35.9673334848266,0.82047177113832,"Baringo District","2","GAUL2_51377","GAUL2","admin",NA,"IHME"
"Rift Valley Fever","Rift Valley Fever virus","point","SDN","2007","Confirmed (see DiagnosticMetric column)","Serology",33.526334,14.397262,"Wad Medani Hospital",NA,NA,NA,NA,NA,"IHME"
"Rift Valley Fever","Rift Valley Fever virus","point","SDN","2007","Confirmed (see DiagnosticMetric column)","Serology",35.58857,15.332312,"New Halfa Hospital",NA,NA,NA,NA,NA,"IHME"
"Rift Valley Fever","Rift Valley Fever virus","polygon","KEN","2006","Case report","Reported",40.0348491575501,1.81125642387098,"Wajir","2","GAUL2_51364","GAUL2","admin",NA,"IHME"
"Rift Valley Fever","Rift Valley Fever virus","polygon","KEN","2006","Case report","Reported",38.5386799646406,1.01621743578285,"Isiolo","2","GAUL2_51348","GAUL2","admin",NA,"IHME"
"Rift Valley Fever","Rift Valley Fever virus","polygon","KEN","2006","Case report","Reported",39.9809339816507,-0.170466580197184,"Garissa","2","GAUL2_51361","GAUL2","admin",NA,"IHME"
"Rift Valley Fever","Rift Valley Fever virus","polygon","KEN","2006","Case report","Reported",39.4188566504785,-1.5534859941389,"Tana River","2","GAUL2_51346","GAUL2","admin",NA,"IHME"
"Rift Valley Fever","Rift Valley Fever virus","polygon","KEN","2006","Case report","Reported",40.7750129059089,-2.03788830198561,"Lamu","2","GAUL2_51342","GAUL2","admin",NA,"IHME"
"Rift Valley Fever","Rift Valley Fever virus","polygon","KEN","2006","Case report","Reported",39.7579001202355,-2.93217728294927,"Malindi","2","GAUL2_51343","GAUL2","admin",NA,"IHME"
"Rift Valley Fever","Rift Valley Fever virus","polygon","KEN","2006","Case report","Reported",39.5743733026566,-3.55856366713744,"Kilifi","2","GAUL2_51340","GAUL2","admin",NA,"IHME"
"Rift Valley Fever","Rift Valley Fever virus","polygon","KEN","2006","Case report","Reported",38.4214695114739,-3.43511560949536,"Taita Taveta","2","GAUL2_51345","GAUL2","admin",NA,"IHME"
"Rift Valley Fever","Rift Valley Fever virus","polygon","KEN","2006","Case report","Reported",36.912718317896,-2.12148545605827,"Kajiado","2","GAUL2_51380","GAUL2","admin",NA,"IHME"
"Rift Valley Fever","Rift Valley Fever virus","polygon","KEN","2006","Case report","Reported",37.4081537154547,-1.28777593670913,"Machakos","2","GAUL2_51350","GAUL2","admin",NA,"IHME"
"Rift Valley Fever","Rift Valley Fever virus","polygon","KEN","2006","Case report","Reported",36.8683511072438,-1.28995502551018,"Nairobi","2","GAUL2_51360","GAUL2","admin",NA,"IHME"
"Rift Valley Fever","Rift Valley Fever virus","polygon","KEN","2006","Case report","Reported",37.0183970618058,-1.00643199712301,"Thika","2","GAUL2_51339","GAUL2","admin",NA,"IHME"
"Rift Valley Fever","Rift Valley Fever virus","polygon","KEN","2006","Case report","Reported",37.0401470484279,-0.83153453450697,"Maragua","2","GAUL2_51335","GAUL2","admin",NA,"IHME"
"Rift Valley Fever","Rift Valley Fever virus","polygon","KEN","2006","Case report","Reported",37.3197888294347,-0.520209436297503,"Kirinyaga","2","GAUL2_51334","GAUL2","admin",NA,"IHME"
"Rift Valley Fever","Rift Valley Fever virus","polygon","KEN","2006","Case report","Reported",36.0798369954233,-0.461026623570527,"Nakuru","2","GAUL2_51386","GAUL2","admin",NA,"IHME"
"Rift Valley Fever","Rift Valley Fever virus","point","KEN","2006","Case report","Reported",36.058377,0.484523,"Sintaan, Baringo",NA,NA,NA,NA,NA,"IHME"
"Rift Valley Fever","Rift Valley Fever virus","point","KEN","2006","Case report","Reported",36.080851,0.448603,"Logumgum, Baringo",NA,NA,NA,NA,NA,"IHME"
"Rift Valley Fever","Rift Valley Fever virus","point","KEN","2006","Case report","Reported",36.070832,0.464163,"Longewan, Baringo",NA,NA,NA,NA,NA,"IHME"
"Rift Valley Fever","Rift Valley Fever virus","polygon","KEN","2006","Case report","Reported",36.1804033560369,0.546411912846781,"Keserian, Makutani, Baringo","3","KEN.1.4.4_1","GADM3","admin",NA,"IHME"
"Rift Valley Fever","Rift Valley Fever virus","point","KEN","2006","Case report","Reported",36.019881,0.454012,"Eldume, Baringo",NA,NA,NA,NA,NA,"IHME"
"Rift Valley Fever","Rift Valley Fever virus","point","KEN","2006","Case report","Reported",36.072209,0.413161,"Kailer, Baringo",NA,NA,NA,NA,NA,"IHME"
"Rift Valley Fever","Rift Valley Fever virus","point","KEN","2006","Case report","Reported",36.031471,0.711898,"Lorok, Baringo",NA,NA,NA,NA,NA,"IHME"
"Rift Valley Fever","Rift Valley Fever virus","point","KEN","2006","Case report","Reported",36.031913,0.470411,"Perkerra, Baringo",NA,NA,NA,NA,NA,"IHME"
"Rift Valley Fever","Rift Valley Fever virus","point","KEN","2006","Case report","Reported",36.039919,0.556923,"Salabani, Baringo",NA,NA,NA,NA,NA,"IHME"
"Rift Valley Fever","Rift Valley Fever virus","point","KEN","2006","Case report","Reported",35.879783,0.708608,"Sibilo, Baringo",NA,NA,NA,NA,NA,"IHME"
"Rift Valley Fever","Rift Valley Fever virus","polygon","ZAF","2007","Case report","Reported",26.8671226644918,-28.6153635349441,"Free State Province","1","GAUL1_2707","GAUL1","admin",NA,"IHME"
"Rift Valley Fever","Rift Valley Fever virus","polygon","ZAF","2007","Case report","Reported",26.4473493813658,-32.1530568119498,"Eastern Cape Province","1","GAUL1_77310","GAUL1","admin",NA,"IHME"
"Rift Valley Fever","Rift Valley Fever virus","polygon","ZAF","2007","Case report","Reported",21.4029433994279,-29.4536004884839,"Northern Cape Province","1","GAUL1_77315","GAUL1","admin",NA,"IHME"
"Rift Valley Fever","Rift Valley Fever virus","polygon","ZAF","2007","Case report","Reported",20.6709949500344,-33.0589023676559,"Western Cape Province","1","GAUL1_2714","GAUL1","admin",NA,"IHME"
"Rift Valley Fever","Rift Valley Fever virus","polygon","ZAF","2007","Case report","Reported",25.5201993333167,-26.2682631671264,"North West Province","1","GAUL1_77314","GAUL1","admin",NA,"IHME"
"Rift Valley Fever","Rift Valley Fever virus","polygon","SDN","2007","Confirmed (see DiagnosticMetric column)","Serology",32.3463183673512,13.4397160788717,"White Nile State","1","GAUL1_2770","GAUL1","admin",NA,"IHME"
"Rift Valley Fever","Rift Valley Fever virus","polygon","SDN","2007","Confirmed (see DiagnosticMetric column)","Serology",33.3521979466357,14.6104359072305,"Gazira","1","GAUL1_2745","GAUL1","admin",NA,"IHME"
"Rift Valley Fever","Rift Valley Fever virus","polygon","SDN","2007","Confirmed (see DiagnosticMetric column)","Serology",34.0479700927136,12.9116528288477,"Sinnar","1","GAUL1_2762","GAUL1","admin",NA,"IHME"
"Rift Valley Fever","Rift Valley Fever virus","polygon","KEN","2007","Confirmed (see DiagnosticMetric column)","Serology",40.7913398987775,-1.42886909549226,"Ijara","2","GAUL2_51362","GAUL2","admin",NA,"IHME"
"Rift Valley Fever","Rift Valley Fever virus","point","SDN","2007","Case report","Reported",33.526348,14.397024,"Medani Teaching Hospital",NA,NA,NA,NA,NA,"IHME"
"Rift Valley Fever","Rift Valley Fever virus","polygon","SDN","2007","Case report","Reported",33.3521979466357,14.6104359072305,"Gezira State","1","GAUL1_2745","GAUL1","admin",NA,"IHME"
"Rift Valley Fever","Rift Valley Fever virus","point","SOM","2006","Case report","Reported",45.23120117,4.790390015,"Somalia",NA,NA,NA,NA,NA,"IHME"
"Rift Valley Fever","Rift Valley Fever virus","point","SOM","2006","Case report","Reported",42.70890045,3.850500107,"Somalia",NA,NA,NA,NA,NA,"IHME"
"Rift Valley Fever","Rift Valley Fever virus","point","SOM","2006","Case report","Reported",45.32640076,2.32765007,"Somalia",NA,NA,NA,NA,NA,"IHME"
"Rift Valley Fever","Rift Valley Fever virus","point","SOM","2006","Case report","Reported",45.46910095,2.387130022,"Somalia",NA,NA,NA,NA,NA,"IHME"
"Rift Valley Fever","Rift Valley Fever virus","point","SOM","2006","Case report","Reported",45.65950012,2.470419884,"Somalia",NA,NA,NA,NA,NA,"IHME"
"Rift Valley Fever","Rift Valley Fever virus","point","SOM","2006","Case report","Reported",41.76910019,2.137290001,"Somalia",NA,NA,NA,NA,NA,"IHME"
"Rift Valley Fever","Rift Valley Fever virus","point","SOM","2006","Case report","Reported",42.32820129,1.804170012,"Somalia",NA,NA,NA,NA,NA,"IHME"
"Rift Valley Fever","Rift Valley Fever virus","point","SOM","2006","Case report","Reported",42.11410141,0.483565986,"Somalia",NA,NA,NA,NA,NA,"IHME"
"Rift Valley Fever","Rift Valley Fever virus","point","SOM","2006","Case report","Reported",41.75719833,0.602539003,"Somalia",NA,NA,NA,NA,NA,"IHME"
"Rift Valley Fever","Rift Valley Fever virus","point","SOM","2006","Case report","Reported",41.66199875,0.757203996,"Somalia",NA,NA,NA,NA,NA,"IHME"
"Rift Valley Fever","Rift Valley Fever virus","point","SOM","2006","Case report","Reported",41.18610001,0.352694988,"Somalia",NA,NA,NA,NA,NA,"IHME"
"Rift Valley Fever","Rift Valley Fever virus","point","SOM","2006","Case report","Reported",42.03079987,-0.420630008,"Somalia",NA,NA,NA,NA,NA,"IHME"
"Rift Valley Fever","Rift Valley Fever virus","point","SOM","2006","Case report","Reported",42.51259995,-0.336158991,"Somalia",NA,NA,NA,NA,NA,"IHME"
"Rift Valley Fever","Rift Valley Fever virus","point","KEN","2006","Case report","Reported",35.96319962,0.501411974,"Kenya",NA,NA,NA,NA,NA,"IHME"
"Rift Valley Fever","Rift Valley Fever virus","point","KEN","2006","Case report","Reported",35.96319962,0.644178987,"Kenya",NA,NA,NA,NA,NA,"IHME"
"Rift Valley Fever","Rift Valley Fever virus","point","KEN","2006","Case report","Reported",36.21300125,0.584693015,"Kenya",NA,NA,NA,NA,NA,"IHME"
"Rift Valley Fever","Rift Valley Fever virus","point","KEN","2006","Case report","Reported",38.49729919,0.727460027,"Kenya",NA,NA,NA,NA,NA,"IHME"
"Rift Valley Fever","Rift Valley Fever virus","point","KEN","2006","Case report","Reported",39.10409927,0.549000978,"Kenya",NA,NA,NA,NA,NA,"IHME"
"Rift Valley Fever","Rift Valley Fever virus","point","KEN","2006","Case report","Reported",39.50859833,0.465719998,"Kenya",NA,NA,NA,NA,NA,"IHME"
"Rift Valley Fever","Rift Valley Fever virus","point","KEN","2006","Case report","Reported",39.73460007,0.846433997,"Kenya",NA,NA,NA,NA,NA,"IHME"
"Rift Valley Fever","Rift Valley Fever virus","point","KEN","2006","Case report","Reported",40.62689972,1.120069981,"Kenya",NA,NA,NA,NA,NA,"IHME"
"Rift Valley Fever","Rift Valley Fever virus","point","KEN","2006","Case report","Reported",39.9131012,0.073108703,"Kenya",NA,NA,NA,NA,NA,"IHME"
"Rift Valley Fever","Rift Valley Fever virus","point","KEN","2006","Case report","Reported",39.15169907,-0.533653975,"Kenya",NA,NA,NA,NA,NA,"IHME"
"Rift Valley Fever","Rift Valley Fever virus","point","KEN","2006","Case report","Reported",39.53239822,-0.545551002,"Kenya",NA,NA,NA,NA,NA,"IHME"
"Rift Valley Fever","Rift Valley Fever virus","point","KEN","2006","Case report","Reported",40.81729889,-0.509859025,"Kenya",NA,NA,NA,NA,NA,"IHME"
"Rift Valley Fever","Rift Valley Fever virus","point","KEN","2006","Case report","Reported",40.35329819,-1.057139993,"Kenya",NA,NA,NA,NA,NA,"IHME"
"Rift Valley Fever","Rift Valley Fever virus","point","KEN","2006","Case report","Reported",40.57929993,-1.58062005,"Kenya",NA,NA,NA,NA,NA,"IHME"
"Rift Valley Fever","Rift Valley Fever virus","point","KEN","2006","Case report","Reported",40.91249847,-1.568719983,"Kenya",NA,NA,NA,NA,NA,"IHME"
"Rift Valley Fever","Rift Valley Fever virus","point","KEN","2006","Case report","Reported",39.8506012,-3.59720993,"Kenya",NA,NA,NA,NA,NA,"IHME"
"Rift Valley Fever","Rift Valley Fever virus","point","KEN","2006","Case report","Reported",39.69300079,-3.394959927,"Kenya",NA,NA,NA,NA,NA,"IHME"
"Rift Valley Fever","Rift Valley Fever virus","point","KEN","2006","Case report","Reported",39.9280014,-3.418750048,"Kenya",NA,NA,NA,NA,NA,"IHME"
"Rift Valley Fever","Rift Valley Fever virus","point","TZA","2006","Case report","Reported",33.25889969,-2.769160032,"Tanzania",NA,NA,NA,NA,NA,"IHME"
"Rift Valley Fever","Rift Valley Fever virus","point","TZA","2006","Case report","Reported",33.51589966,-2.578799963,"Tanzania",NA,NA,NA,NA,NA,"IHME"
"Rift Valley Fever","Rift Valley Fever virus","point","TZA","2006","Case report","Reported",35.9239006,-2.54073,"Tanzania",NA,NA,NA,NA,NA,"IHME"
"Rift Valley Fever","Rift Valley Fever virus","point","TZA","2006","Case report","Reported",36.39030075,-3.064209938,"Tanzania",NA,NA,NA,NA,NA,"IHME"
"Rift Valley Fever","Rift Valley Fever virus","point","TZA","2006","Case report","Reported",36.62820053,-3.911299944,"Tanzania",NA,NA,NA,NA,NA,"IHME"
"Rift Valley Fever","Rift Valley Fever virus","point","TZA","2006","Case report","Reported",35.9620018,-3.644799948,"Tanzania",NA,NA,NA,NA,NA,"IHME"
"Rift Valley Fever","Rift Valley Fever virus","point","TZA","2006","Case report","Reported",35.72399902,-3.87322998,"Tanzania",NA,NA,NA,NA,NA,"IHME"
"Rift Valley Fever","Rift Valley Fever virus","point","TZA","2006","Case report","Reported",35.76210022,-4.063580036,"Tanzania",NA,NA,NA,NA,NA,"IHME"
"Rift Valley Fever","Rift Valley Fever virus","point","TZA","2006","Case report","Reported",34.39149857,-4.653689861,"Tanzania",NA,NA,NA,NA,NA,"IHME"
"Rift Valley Fever","Rift Valley Fever virus","point","TZA","2006","Case report","Reported",34.69609833,-5.101029873,"Tanzania",NA,NA,NA,NA,NA,"IHME"
"Rift Valley Fever","Rift Valley Fever virus","point","TZA","2006","Case report","Reported",36.05720139,-4.977300167,"Tanzania",NA,NA,NA,NA,NA,"IHME"
"Rift Valley Fever","Rift Valley Fever virus","point","TZA","2006","Case report","Reported",36.76150131,-4.872600079,"Tanzania",NA,NA,NA,NA,NA,"IHME"
"Rift Valley Fever","Rift Valley Fever virus","point","TZA","2006","Case report","Reported",34.26779938,-5.586440086,"Tanzania",NA,NA,NA,NA,NA,"IHME"
"Rift Valley Fever","Rift Valley Fever virus","point","TZA","2006","Case report","Reported",34.9720993,-5.967150211,"Tanzania",NA,NA,NA,NA,NA,"IHME"
"Rift Valley Fever","Rift Valley Fever virus","point","TZA","2006","Case report","Reported",35.31480026,-5.995709896,"Tanzania",NA,NA,NA,NA,NA,"IHME"
"Rift Valley Fever","Rift Valley Fever virus","point","TZA","2006","Case report","Reported",35.77159882,-6.20510006,"Tanzania",NA,NA,NA,NA,NA,"IHME"
"Rift Valley Fever","Rift Valley Fever virus","point","TZA","2006","Case report","Reported",35.895401,-6.62387991,"Tanzania",NA,NA,NA,NA,NA,"IHME"
"Rift Valley Fever","Rift Valley Fever virus","point","TZA","2006","Case report","Reported",36.05720139,-6.918940067,"Tanzania",NA,NA,NA,NA,NA,"IHME"
"Rift Valley Fever","Rift Valley Fever virus","point","TZA","2006","Case report","Reported",36.36169815,-6.7666502,"Tanzania",NA,NA,NA,NA,NA,"IHME"
"Rift Valley Fever","Rift Valley Fever virus","point","TZA","2006","Case report","Reported",37.50389862,-7.042669773,"Tanzania",NA,NA,NA,NA,NA,"IHME"
"Rift Valley Fever","Rift Valley Fever virus","point","TZA","2006","Case report","Reported",37.78939819,-6.861830235,"Tanzania",NA,NA,NA,NA,NA,"IHME"
"Rift Valley Fever","Rift Valley Fever virus","point","TZA","2006","Case report","Reported",38.38899994,-6.7666502,"Tanzania",NA,NA,NA,NA,NA,"IHME"
"Rift Valley Fever","Rift Valley Fever virus","point","TZA","2006","Case report","Reported",39.17900085,-7.26157999,"Tanzania",NA,NA,NA,NA,NA,"IHME"
"Rift Valley Fever","Rift Valley Fever virus","point","TZA","2006","Case report","Reported",36.39979935,-8.318059921,"Tanzania",NA,NA,NA,NA,NA,"IHME"
"Rift Valley Fever","Rift Valley Fever virus","point","SDN","2007","Confirmed (see DiagnosticMetric column)","Serology",32.532781,15.597473,"Khartoum Teaching Hospital",NA,NA,NA,NA,NA,"IHME"
"Rift Valley Fever","Rift Valley Fever virus","polygon","MDG","2008","Case report","Reported",48.3236152535461,-17.9051581590019,"Alaotra Mangoro","1","GAUL1_41750","GAUL1","admin",NA,"IHME"
"Rift Valley Fever","Rift Valley Fever virus","polygon","MDG","2008","Case report","Reported",47.4232404114385,-18.4251333659015,"Analamanga","1","GAUL1_41752","GAUL1","admin",NA,"IHME"
"Rift Valley Fever","Rift Valley Fever virus","polygon","MDG","2008","Case report","Reported",46.2571246458953,-23.9811548217675,"Anosy","1","GAUL1_41755","GAUL1","admin",NA,"IHME"
"Rift Valley Fever","Rift Valley Fever virus","polygon","MDG","2008","Case report","Reported",46.8865939251294,-19.0509224903147,"Itasy","1","GAUL1_41765","GAUL1","admin",NA,"IHME"
"Rift Valley Fever","Rift Valley Fever virus","polygon","MDG","2008","Case report","Reported",46.8473844351152,-19.7348100063823,"Vakinakaratra","1","GAUL1_41770","GAUL1","admin",NA,"IHME"
"Rift Valley Fever","Rift Valley Fever virus","polygon","SDN","2007","Case report","Reported",33.3521979466357,14.6104359072305,"Gazeera State","1","GAUL1_2745","GAUL1","admin",NA,"IHME"
"Rift Valley Fever","Rift Valley Fever virus","polygon","SDN","2007","Case report","Reported",32.3463183673512,13.4397160788717,"White Nile State","1","GAUL1_2770","GAUL1","admin",NA,"IHME"
"Rift Valley Fever","Rift Valley Fever virus","polygon","SDN","2007","Case report","Reported",34.0479700927136,12.9116528288477,"Sennar State","1","GAUL1_2762","GAUL1","admin",NA,"IHME"
"Rift Valley Fever","Rift Valley Fever virus","polygon","SDN","2007","Case report","Reported",32.8104699657373,15.8624230123729,"Khartoum State","1","GAUL1_2753","GAUL1","admin",NA,"IHME"
"Rift Valley Fever","Rift Valley Fever virus","point","KEN","2007","Case report","Reported",39.65256,-0.449047,"Garissa District Hospital",NA,NA,NA,NA,NA,"IHME"
"Rift Valley Fever","Rift Valley Fever virus","polygon","KEN","2007","Confirmed (see DiagnosticMetric column)","PCR",39.9809339816507,-0.170466580197184,"Garissa District","2","GAUL2_51361","GAUL2","admin",NA,"IHME"
"Rift Valley Fever","Rift Valley Fever virus","polygon","KEN","2007","Confirmed (see DiagnosticMetric column)","PCR",40.0348491575501,1.81125642387098,"Wajir District","2","GAUL2_51364","GAUL2","admin",NA,"IHME"
"Rift Valley Fever","Rift Valley Fever virus","polygon","KEN","2007","Confirmed (see DiagnosticMetric column)","PCR",39.4188566504785,-1.5534859941389,"Tana River District","2","GAUL2_51346","GAUL2","admin",NA,"IHME"
"Rift Valley Fever","Rift Valley Fever virus","polygon","TZA","2007","Confirmed (see DiagnosticMetric column)","PCR",35.9182948194472,-2.96994400558476,"Arusha Region","1","GAUL1_48357","GAUL1","admin",NA,"IHME"
"Rift Valley Fever","Rift Valley Fever virus","polygon","TZA","2007","Confirmed (see DiagnosticMetric column)","PCR",36.5421093326421,-4.52737867844673,"Manyara Region","1","GAUL1_48365","GAUL1","admin",NA,"IHME"
"Rift Valley Fever","Rift Valley Fever virus","polygon","TZA","2007","Confirmed (see DiagnosticMetric column)","PCR",38.2785184205011,-5.21893616436972,"Tanga Region","1","GAUL1_48381","GAUL1","admin",NA,"IHME"
"Rift Valley Fever","Rift Valley Fever virus","polygon","TZA","2007","Confirmed (see DiagnosticMetric column)","PCR",35.9223220531335,-5.92916054061811,"Dodoma Region","1","GAUL1_48359","GAUL1","admin",NA,"IHME"
"Rift Valley Fever","Rift Valley Fever virus","polygon","TZA","2007","Confirmed (see DiagnosticMetric column)","PCR",36.9891468137321,-7.92282985281502,"Morogoro Region","1","GAUL1_48368","GAUL1","admin",NA,"IHME"
"Rift Valley Fever","Rift Valley Fever virus","polygon","KEN","2006","Confirmed (see DiagnosticMetric column)","PCR",40.2304000788848,1.33830811902335,"North Eastern Province","1","GAUL1_51329","GAUL1","admin",NA,"IHME"
"Rift Valley Fever","Rift Valley Fever virus","polygon","KEN","2006","Confirmed (see DiagnosticMetric column)","PCR",37.9616512710906,1.06158847250976,"Eastern Province","1","GAUL1_51327","GAUL1","admin",NA,"IHME"
"Rift Valley Fever","Rift Valley Fever virus","polygon","KEN","2006","Confirmed (see DiagnosticMetric column)","PCR",39.327990537964,-2.49697601571827,"Coast Province","1","GAUL1_51326","GAUL1","admin",NA,"IHME"
"Rift Valley Fever","Rift Valley Fever virus","polygon","KEN","2006","Confirmed (see DiagnosticMetric column)","PCR",35.9588559744837,1.08995768944952,"Rift Valley Province","1","GAUL1_51331","GAUL1","admin",NA,"IHME"
"Rift Valley Fever","Rift Valley Fever virus","polygon","KEN","2006","Confirmed (see DiagnosticMetric column)","PCR",36.8692142153506,-0.584309788394278,"Central Province","1","GAUL1_51325","GAUL1","admin",NA,"IHME"
"Rift Valley Fever","Rift Valley Fever virus","polygon","SOM","2006","Confirmed (see DiagnosticMetric column)","PCR",41.801714768877,0.0876398573263951,"Lower Juba","1","GAUL1_2696","GAUL1","admin",NA,"IHME"
"Rift Valley Fever","Rift Valley Fever virus","polygon","SOM","2006","Case report","Reported",41.981828538808,2.8968701638526,"Gedo Region","1","GAUL1_2694","GAUL1","admin",NA,"IHME"
"Rift Valley Fever","Rift Valley Fever virus","polygon","SOM","2006","Case report","Reported",45.47297745428,4.21472434713815,"Hiran Region","1","GAUL1_2695","GAUL1","admin",NA,"IHME"
"Rift Valley Fever","Rift Valley Fever virus","polygon","SOM","2006","Case report","Reported",42.5380390541108,1.2283325198666,"Middle Juba Region","1","GAUL1_2698","GAUL1","admin",NA,"IHME"
"Rift Valley Fever","Rift Valley Fever virus","polygon","SOM","2006","Case report","Reported",46.0130212995529,3.02789685817187,"Middle Shabelle Region","1","GAUL1_2699","GAUL1","admin",NA,"IHME"
"Rift Valley Fever","Rift Valley Fever virus","polygon","SOM","2006","Case report","Reported",44.3271529585589,1.905682579851,"Lower Shabelle Region","1","GAUL1_2697","GAUL1","admin",NA,"IHME"
"Rift Valley Fever","Rift Valley Fever virus","polygon","SOM","2006","Case report","Reported",41.7861831097764,0.590900346328924,"Afmadow District","2","GAUL2_25687","GAUL2","admin",NA,"IHME"
"Rift Valley Fever","Rift Valley Fever virus","polygon","SOM","2007","Case report","Reported",41.4294165276312,-0.853698446236682,"Badade District","2","GAUL2_25688","GAUL2","admin",NA,"IHME"
"Rift Valley Fever","Rift Valley Fever virus","polygon","SOM","2007","Case report","Reported",41.7861831097764,0.590900346328924,"Afmadow District","2","GAUL2_25687","GAUL2","admin",NA,"IHME"
"Rift Valley Fever","Rift Valley Fever virus","polygon","TZA","2007","Confirmed (see DiagnosticMetric column)","PCR",35.9182948194472,-2.96994400558476,"Arusha Region","1","GAUL1_48357","GAUL1","admin",NA,"IHME"
"Rift Valley Fever","Rift Valley Fever virus","polygon","TZA","2007","Confirmed (see DiagnosticMetric column)","PCR",35.9223220531335,-5.92916054061811,"Dodoma Region","1","GAUL1_48359","GAUL1","admin",NA,"IHME"
"Rift Valley Fever","Rift Valley Fever virus","polygon","TZA","2007","Confirmed (see DiagnosticMetric column)","PCR",35.4760092313041,-7.80329492521919,"Iringa Region","1","TZA.5_1","GADM1","admin",NA,"IHME"
"Rift Valley Fever","Rift Valley Fever virus","polygon","TZA","2007","Confirmed (see DiagnosticMetric column)","PCR",36.5421093326421,-4.52737867844673,"Manyara Region","1","GAUL1_48365","GAUL1","admin",NA,"IHME"
"Rift Valley Fever","Rift Valley Fever virus","polygon","TZA","2007","Confirmed (see DiagnosticMetric column)","PCR",36.9891468137321,-7.92282985281502,"Morogoro Region","1","GAUL1_48368","GAUL1","admin",NA,"IHME"
"Rift Valley Fever","Rift Valley Fever virus","polygon","TZA","2007","Confirmed (see DiagnosticMetric column)","PCR",32.8692177597715,-2.37526857890977,"Mwanza Region","1","TZA.16_1","GADM1","admin",NA,"IHME"
"Rift Valley Fever","Rift Valley Fever virus","polygon","TZA","2007","Case report","Reported",38.6478802558036,-7.25792844294992,"Pwani Region","1","GAUL1_48373","GAUL1","admin",NA,"IHME"
"Rift Valley Fever","Rift Valley Fever virus","polygon","TZA","2007","Confirmed (see DiagnosticMetric column)","PCR",34.4961590752086,-5.74765437075153,"Singida Region","1","GAUL1_48377","GAUL1","admin",NA,"IHME"
"Rift Valley Fever","Rift Valley Fever virus","polygon","TZA","2007","Confirmed (see DiagnosticMetric column)","PCR",38.2785184205011,-5.21893616436972,"Tanga Region","1","GAUL1_48381","GAUL1","admin",NA,"IHME"
"Rift Valley Fever","Rift Valley Fever virus","polygon","BDI","2007","Case report","Reported",30.3468063813859,-2.77694008584286,"Muyinga Province","1","GAUL1_40554","GAUL1","admin",NA,"IHME"
"Rift Valley Fever","Rift Valley Fever virus","polygon","KEN","2006","Case report","Reported",39.9809339816507,-0.170466580197184,"Garissa District","2","GAUL2_51361","GAUL2","admin",NA,"IHME"
"Rift Valley Fever","Rift Valley Fever virus","polygon","KEN","2006","Confirmed (see DiagnosticMetric column)","PCR",40.0348491575501,1.81125642387098,"Wajir District","2","GAUL2_51364","GAUL2","admin",NA,"IHME"
"Rift Valley Fever","Rift Valley Fever virus","polygon","KEN","2006","Confirmed (see DiagnosticMetric column)","PCR",39.9809339816507,-0.170466580197184,"Garissa District","2","GAUL2_51361","GAUL2","admin",NA,"IHME"
"Rift Valley Fever","Rift Valley Fever virus","polygon","KEN","2006","Confirmed (see DiagnosticMetric column)","PCR",40.7913398987775,-1.42886909549226,"Ijara District","2","GAUL2_51362","GAUL2","admin",NA,"IHME"
"Rift Valley Fever","Rift Valley Fever virus","polygon","KEN","2006","Confirmed (see DiagnosticMetric column)","PCR",38.5386799646406,1.01621743578285,"Isiolo District","2","GAUL2_51348","GAUL2","admin",NA,"IHME"
"Rift Valley Fever","Rift Valley Fever virus","polygon","KEN","2006","Confirmed (see DiagnosticMetric column)","PCR",39.4188566504785,-1.5534859941389,"Tana River District","2","GAUL2_51346","GAUL2","admin",NA,"IHME"
"Rift Valley Fever","Rift Valley Fever virus","polygon","KEN","2006","Confirmed (see DiagnosticMetric column)","PCR",39.7579001202355,-2.93217728294927,"Malindi District","2","GAUL2_51343","GAUL2","admin",NA,"IHME"
"Rift Valley Fever","Rift Valley Fever virus","polygon","KEN","2006","Confirmed (see DiagnosticMetric column)","PCR",39.5743733026566,-3.55856366713744,"Kilifi District","2","GAUL2_51340","GAUL2","admin",NA,"IHME"
"Rift Valley Fever","Rift Valley Fever virus","polygon","KEN","2006","Confirmed (see DiagnosticMetric column)","PCR",38.4214695114739,-3.43511560949536,"Taita Taveta District","2","GAUL2_51345","GAUL2","admin",NA,"IHME"
"Rift Valley Fever","Rift Valley Fever virus","polygon","KEN","2006","Confirmed (see DiagnosticMetric column)","PCR",36.912718317896,-2.12148545605827,"Kajiado District","2","GAUL2_51380","GAUL2","admin",NA,"IHME"
"Rift Valley Fever","Rift Valley Fever virus","polygon","KEN","2006","Confirmed (see DiagnosticMetric column)","PCR",36.8683511072438,-1.28995502551018,"Nairobi District","2","GAUL2_51360","GAUL2","admin",NA,"IHME"
"Rift Valley Fever","Rift Valley Fever virus","polygon","KEN","2006","Confirmed (see DiagnosticMetric column)","PCR",37.0401470484279,-0.83153453450697,"Maragua District","2","GAUL2_51335","GAUL2","admin",NA,"IHME"
"Rift Valley Fever","Rift Valley Fever virus","polygon","KEN","2006","Confirmed (see DiagnosticMetric column)","PCR",37.3197888294347,-0.520209436297503,"Kirinyanga District","2","GAUL2_51334","GAUL2","admin",NA,"IHME"
"Rift Valley Fever","Rift Valley Fever virus","polygon","MRT","2003","Confirmed (see DiagnosticMetric column)","PCR",-11.5362708670548,16.5811652123769,"Assaba Province","1","GAUL1_2005","GAUL1","admin",NA,"IHME"
"Rift Valley Fever","Rift Valley Fever virus","point","MRT","2003","Confirmed (see DiagnosticMetric column)","Serology",-11.376932,16.633769,"Kiffa Hospital",NA,NA,NA,NA,NA,"IHME"
"Rift Valley Fever","Rift Valley Fever virus","polygon","MRT","2003","Confirmed (see DiagnosticMetric column)","PCR",-13.4074842912171,17.2483839148712,"Brakna Province","1","GAUL1_2006","GAUL1","admin",NA,"IHME"
"Rift Valley Fever","Rift Valley Fever virus","polygon","MRT","2003","Confirmed (see DiagnosticMetric column)","PCR",-13.4074842912171,17.2483839148712,"Brakna Province","1","GAUL1_2006","GAUL1","admin",NA,"IHME"
"Rift Valley Fever","Rift Valley Fever virus","polygon","MRT","2003","Confirmed (see DiagnosticMetric column)","Serology",-14.8479917555569,17.9324846169297,"Trarza Province","1","GAUL1_2016","GAUL1","admin",NA,"IHME"
"Rift Valley Fever","Rift Valley Fever virus","polygon","MRT","2003","Confirmed (see DiagnosticMetric column)","Serology",-14.8479917555569,17.9324846169297,"Trarza Province","1","GAUL1_2016","GAUL1","admin",NA,"IHME"
"Rift Valley Fever","Rift Valley Fever virus","point","MRT","2003","Confirmed (see DiagnosticMetric column)","Serology",-15.225245,16.923123,"Rkiz",NA,NA,NA,NA,NA,"IHME"
"Rift Valley Fever","Rift Valley Fever virus","polygon","MRT","2003","Confirmed (see DiagnosticMetric column)","PCR",-10.3474971597627,18.5928161894305,"Tagant Province","1","GAUL1_2014","GAUL1","admin",NA,"IHME"
"Rift Valley Fever","Rift Valley Fever virus","polygon","MRT","2003","Confirmed (see DiagnosticMetric column)","Serology",-12.8357006514086,16.0141990736703,"Gorgol Province","1","GAUL1_2008","GAUL1","admin",NA,"IHME"
"Rift Valley Fever","Rift Valley Fever virus","point","MRT","2003","Confirmed (see DiagnosticMetric column)","PCR",-15.804627,16.514897,"Rosso",NA,NA,NA,NA,NA,"IHME"
"Rift Valley Fever","Rift Valley Fever virus","point","SAU","2000","Confirmed (see DiagnosticMetric column)","Serology",42.735682,16.922069,"King Fahd Central Hospital",NA,NA,NA,NA,NA,"IHME"
"Rift Valley Fever","Rift Valley Fever virus","point","SAU","2000","Confirmed (see DiagnosticMetric column)","Serology",42.735618,16.922947,"King Fahad Central Hospital, Jizan",NA,NA,NA,NA,NA,"IHME"
"Rift Valley Fever","Rift Valley Fever virus","polygon","SAU","2000","Confirmed (see DiagnosticMetric column)","Serology",42.6076283702205,17.3560335380029,"Jizan","1","GAUL1_2627","GAUL1","admin",NA,"IHME"
"Rift Valley Fever","Rift Valley Fever virus","polygon","SAU","2000","Confirmed (see DiagnosticMetric column)","Serology",42.6076283702205,17.3560335380029,"Gizan","1","GAUL1_2627","GAUL1","admin",NA,"IHME"
"Rift Valley Fever","Rift Valley Fever virus","polygon","SAU","2000","Confirmed (see DiagnosticMetric column)","PCR",42.6076283702205,17.3560335380029,"Jizan","1","GAUL1_2627","GAUL1","admin",NA,"IHME"
"Rift Valley Fever","Rift Valley Fever virus","point","SAU","2000","Confirmed (see DiagnosticMetric column)","PCR",41.078452,19.138745,"Al-Qunfuda",NA,NA,NA,NA,NA,"IHME"
"Rift Valley Fever","Rift Valley Fever virus","point","TCD","2001","Confirmed (see DiagnosticMetric column)","PCR",15.070452,12.121274,"Ndjamena",NA,NA,NA,"buffer",10.3,"IHME"
"Rift Valley Fever","Rift Valley Fever virus","polygon","KEN","1997","Confirmed (see DiagnosticMetric column)","PCR",39.7715599346568,-0.436337037470629,"Garissa District","2","KEN.7.4_1","GADM2","admin",NA,"IHME"
"Rift Valley Fever","Rift Valley Fever virus","polygon","KEN","1997","Confirmed (see DiagnosticMetric column)","PCR",39.7715599346568,-0.436337037470629,"Garissa District","2","KEN.7.4_1","GADM2","admin",NA,"IHME"
"Rift Valley Fever","Rift Valley Fever virus","polygon","KEN","1998","Confirmed (see DiagnosticMetric column)","Serology",39.7715599346568,-0.436337037470629,"Garissa District","2","KEN.7.4_1","GADM2","admin",NA,"IHME"
"Rift Valley Fever","Rift Valley Fever virus","polygon","KEN","1998","Confirmed (see DiagnosticMetric column)","Serology",39.7715599346568,-0.436337037470629,"Garissa District","2","KEN.7.4_1","GADM2","admin",NA,"IHME"
"Rift Valley Fever","Rift Valley Fever virus","point","MRT","1998","Confirmed (see DiagnosticMetric column)","PCR",-9.617059,16.665898,"Hospital of Aioun El Atrouss, Hodh El Gharbi Region",NA,NA,NA,NA,NA,"IHME"
"Rift Valley Fever","Rift Valley Fever virus","polygon","MRT","1998","Confirmed (see DiagnosticMetric column)","Viral isolation",-9.83135061158361,16.5627441485898,"Hodh El Gharbi","1","GAUL1_2011","GAUL1","admin",NA,"IHME"
"Rift Valley Fever","Rift Valley Fever virus","polygon","SAU","2000","Case report","Reported",42.6076283702205,17.3560335380029,"Jizan","1","GAUL1_2627","GAUL1","admin",NA,"IHME"
"Rift Valley Fever","Rift Valley Fever virus","polygon","SAU","2000","Case report","Reported",42.9944887515606,19.2707547539353,"Asir","1","GAUL1_2622","GAUL1","admin",NA,"IHME"
"Rift Valley Fever","Rift Valley Fever virus","point","SAU","2000","Case report","Reported",41.078452,19.138745,"Al Quenfadah",NA,NA,NA,NA,NA,"IHME"
"Rift Valley Fever","Rift Valley Fever virus","polygon","SAU","2000","Confirmed (see DiagnosticMetric column)","Serology",42.6076283702205,17.3560335380029,"Jazan","1","GAUL1_2627","GAUL1","admin",NA,"IHME"
"Rift Valley Fever","Rift Valley Fever virus","polygon","SAU","2000","Confirmed (see DiagnosticMetric column)","Serology",42.9944887515606,19.2707547539353,"Asir","1","GAUL1_2622","GAUL1","admin",NA,"IHME"
"Rift Valley Fever","Rift Valley Fever virus","point","SAU","2000","Confirmed (see DiagnosticMetric column)","Serology",41.078452,19.138745,"Al Quenfadah",NA,NA,NA,NA,NA,"IHME"
"Rift Valley Fever","Rift Valley Fever virus","point","SAU","2000","Case report","Reported",42.489104,17.134453,"Al Ardah District",NA,NA,NA,NA,NA,"IHME"
"Rift Valley Fever","Rift Valley Fever virus","polygon","YEM","2000","Case report","Reported",43.1660129734122,14.8309384293397,"Hodediah Governorate","1","GAUL1_3411","GAUL1","admin",NA,"IHME"
"Rift Valley Fever","Rift Valley Fever virus","polygon","SAU","2000","Case report","Reported",42.6076283702205,17.3560335380029,"Jizan","1","GAUL1_2627","GAUL1","admin",NA,"IHME"
"Rift Valley Fever","Rift Valley Fever virus","point","SAU","2000","Case report","Reported",41.078452,19.138745,"Al Quenfadah",NA,NA,NA,NA,NA,"IHME"
"Rift Valley Fever","Rift Valley Fever virus","polygon","SAU","2000","Case report","Reported",42.9944887515606,19.2707547539353,"Asir","1","GAUL1_2622","GAUL1","admin",NA,"IHME"
"Rift Valley Fever","Rift Valley Fever virus","polygon","YEM","2000","Case report","Reported",43.1017223198841,15.7370734652244,"El-Zuhrah District","2","GAUL2_32753","GAUL2","admin",NA,"IHME"
"Rift Valley Fever","Rift Valley Fever virus","polygon","YEM","2000","Case report","Reported",43.1017223198841,15.7370734652244,"El-Zuhrah District","2","GAUL2_32753","GAUL2","admin",NA,"IHME"
"Rift Valley Fever","Rift Valley Fever virus","polygon","KEN","1997","Case report","Reported",40.2304000788848,1.33830811902335,"Northeast Province","1","GAUL1_51329","GAUL1","admin",NA,"IHME"
"Rift Valley Fever","Rift Valley Fever virus","polygon","KEN","1997","Case report","Reported",37.9616512710906,1.06158847250976,"Eastern Province","1","GAUL1_51327","GAUL1","admin",NA,"IHME"
"Rift Valley Fever","Rift Valley Fever virus","polygon","KEN","1997","Case report","Reported",36.8692142153506,-0.584309788394278,"Central Province","1","GAUL1_51325","GAUL1","admin",NA,"IHME"
"Rift Valley Fever","Rift Valley Fever virus","polygon","KEN","1997","Case report","Reported",35.9588559744837,1.08995768944952,"Rift Valley Province","1","GAUL1_51331","GAUL1","admin",NA,"IHME"
"Rift Valley Fever","Rift Valley Fever virus","polygon","SOM","1997","Case report","Reported",41.981828538808,2.8968701638526,"Gedo Region","1","GAUL1_2694","GAUL1","admin",NA,"IHME"
"Rift Valley Fever","Rift Valley Fever virus","polygon","SOM","1997","Case report","Reported",44.3271529585589,1.905682579851,"Lower Shabelle Region","1","GAUL1_2697","GAUL1","admin",NA,"IHME"
"Rift Valley Fever","Rift Valley Fever virus","polygon","SOM","1997","Case report","Reported",45.47297745428,4.21472434713815,"Hiran Region","1","GAUL1_2695","GAUL1","admin",NA,"IHME"
"Rift Valley Fever","Rift Valley Fever virus","polygon","TZA","1997","Case report","Reported",35.9229433028429,-2.96997971065139,"Arusha Region","1","TZA.1_1","GADM1","admin",NA,"IHME"
"Rift Valley Fever","Rift Valley Fever virus","polygon","TZA","1997","Case report","Reported",37.6402786025855,-3.76260491131619,"Kilimanjaro Region","1","GAUL1_48363","GAUL1","admin",NA,"IHME"
"Rift Valley Fever","Rift Valley Fever virus","polygon","EGY","1993","Confirmed (see DiagnosticMetric column)","Serology",32.3851362126891,30.5330757155913,"Ismaila Governorate","1","GAUL1_61521","GAUL1","admin",NA,"IHME"
"Rift Valley Fever","Rift Valley Fever virus","point","MRT","1987","Confirmed (see DiagnosticMetric column)","Viral isolation",-15.805013,16.514897,"Rosso",NA,NA,NA,NA,NA,"IHME"
"Rift Valley Fever","Rift Valley Fever virus","polygon","MRT","1987","Confirmed (see DiagnosticMetric column)","Viral isolation",-16.2500320428957,16.6674035159937,"Yeur Massene","2","GAUL2_19530","GAUL2","admin",NA,"IHME"
"Rift Valley Fever","Rift Valley Fever virus","point","MRT","1987","Confirmed (see DiagnosticMetric column)","Viral isolation",-15.805013,16.514897,"Rosso",NA,NA,NA,NA,NA,"IHME"
"Rift Valley Fever","Rift Valley Fever virus","point","SDN","1988","Confirmed (see DiagnosticMetric column)","Serology",32.485392,15.615256,"Omdurman Military Hospital",NA,NA,NA,NA,NA,"IHME"
"Rift Valley Fever","Rift Valley Fever virus","polygon","TZA","2007","Case report","Reported",33.4022020989994,-2.61558591183006,"Magu","2","TZA.16.4_1","GADM2","admin",NA,"IHME"
"Rift Valley Fever","Rift Valley Fever virus","polygon","TZA","2007","Case report","Reported",33.2899930266699,-3.05565900127907,"Kwimba","2","GAUL2_115070","GAUL2","admin",NA,"IHME"
"Rift Valley Fever","Rift Valley Fever virus","polygon","TZA","2007","Case report","Reported",35.4955005662931,-2.67533553627167,"Ngorongoro","2","GAUL2_190510","GAUL2","admin",NA,"IHME"
"Rift Valley Fever","Rift Valley Fever virus","polygon","TZA","2007","Case report","Reported",36.2270392981984,-3.40646965879734,"Monduli","2","GAUL2_115037","GAUL2","admin",NA,"IHME"
"Rift Valley Fever","Rift Valley Fever virus","polygon","TZA","2007","Case report","Reported",35.3008393513825,-4.52979653652358,"Hanang","2","GAUL2_190513","GAUL2","admin",NA,"IHME"
"Rift Valley Fever","Rift Valley Fever virus","polygon","TZA","2007","Case report","Reported",34.2878993928863,-4.43602468540769,"Iramba","2","TZA.25.2_1","GADM2","admin",NA,"IHME"
"Rift Valley Fever","Rift Valley Fever virus","polygon","TZA","2007","Case report","Reported",35.900027269749,-4.74401472175435,"Kondoa","2","TZA.3.5_1","GADM2","admin",NA,"IHME"
"Rift Valley Fever","Rift Valley Fever virus","polygon","TZA","2007","Confirmed (see DiagnosticMetric column)","PCR",37.0918688522805,-4.31853078351057,"Simanjiro","2","GAUL2_48429","GAUL2","admin",NA,"IHME"
"Rift Valley Fever","Rift Valley Fever virus","polygon","TZA","2007","Case report","Reported",36.7623976444133,-5.22874281155818,"Kileto","2","GAUL2_48427","GAUL2","admin",NA,"IHME"
"Rift Valley Fever","Rift Valley Fever virus","polygon","TZA","2007","Case report","Reported",36.5470370853819,-6.01700062705286,"Kongwa","2","GAUL2_48394","GAUL2","admin",NA,"IHME"
"Rift Valley Fever","Rift Valley Fever virus","polygon","TZA","2007","Case report","Reported",34.4521314908714,-6.41329509400637,"Manyoni","2","GAUL2_48491","GAUL2","admin",NA,"IHME"
"Rift Valley Fever","Rift Valley Fever virus","polygon","TZA","2007","Case report","Reported",36.3340102695052,-6.76267046695489,"Mowapwa","2","GAUL2_48395","GAUL2","admin",NA,"IHME"
"Rift Valley Fever","Rift Valley Fever virus","polygon","TZA","2007","Case report","Reported",37.0003627200572,-6.97723765365384,"Kilosa","2","TZA.14.3_1","GADM2","admin",NA,"IHME"
"Rift Valley Fever","Rift Valley Fever virus","polygon","TZA","2007","Case report","Reported",38.7646504672364,-5.18318775363634,"Muhezi","2","GAUL2_115060","GAUL2","admin",NA,"IHME"
"Rift Valley Fever","Rift Valley Fever virus","polygon","TZA","2007","Case report","Reported",38.4100946326898,-6.31386897869603,"Babamoyo","2","GAUL2_48466","GAUL2","admin",NA,"IHME"
"Rift Valley Fever","Rift Valley Fever virus","polygon","TZA","2007","Case report","Reported",38.5523807224637,-6.82155601105132,"Kibaha","2","GAUL2_115042","GAUL2","admin",NA,"IHME"
"Rift Valley Fever","Rift Valley Fever virus","polygon","TZA","2007","Case report","Reported",37.8421758341902,-7.19628458891073,"Morogoro","2","GAUL2_115113","GAUL2","admin",NA,"IHME"
"Rift Valley Fever","Rift Valley Fever virus","polygon","TZA","2007","Case report","Reported",36.5590964792997,-8.40116699067728,"Kilombero","2","GAUL2_48443","GAUL2","admin",NA,"IHME"
"Rift Valley Fever","Rift Valley Fever virus","polygon","TZA","2007","Case report","Reported",36.6141583188001,-9.05423939312545,"Ulanga","2","GAUL2_48448","GAUL2","admin",NA,"IHME"
"Rift Valley Fever","Rift Valley Fever virus","polygon","TZA","2007","Case report","Reported",38.6446461674628,-7.94241499793511,"Rufiji","2","GAUL2_48471","GAUL2","admin",NA,"IHME"
"Rift Valley Fever","Rift Valley Fever virus","polygon","TZA","2007","Case report","Reported",39.153505715261,-7.27208339637814,"Mkuranga","2","GAUL2_115071","GAUL2","admin",NA,"IHME"
"Rift Valley Fever","Rift Valley Fever virus","polygon","MDG","2008","Confirmed (see DiagnosticMetric column)","PCR",48.3427312838279,-17.4409263918739,"Amparafaravola","2","GAUL2_154510","GAUL2","admin",NA,"IHME"
"Rift Valley Fever","Rift Valley Fever virus","polygon","MDG","2008","Confirmed (see DiagnosticMetric column)","PCR",46.9609403849995,-24.6314209259522,"Tolagnaro","2","GAUL2_154537","GAUL2","admin",NA,"IHME"
"Rift Valley Fever","Rift Valley Fever virus","polygon","MDG","2008","Confirmed (see DiagnosticMetric column)","PCR",45.4722762763129,-25.3631355715545,"Antavy Atsimo","2","GAUL2_154534","GAUL2","admin",NA,"IHME"
"Rift Valley Fever","Rift Valley Fever virus","polygon","MDG","2008","Confirmed (see DiagnosticMetric column)","PCR",48.3427312838279,-17.4409263918739,"Amparafaravola","2","GAUL2_154510","GAUL2","admin",NA,"IHME"
"Rift Valley Fever","Rift Valley Fever virus","polygon","MDG","2008","Confirmed (see DiagnosticMetric column)","PCR",48.3427312838279,-17.4409263918739,"Amparafaravola","2","GAUL2_154510","GAUL2","admin",NA,"IHME"
"Rift Valley Fever","Rift Valley Fever virus","polygon","MDG","2008","Confirmed (see DiagnosticMetric column)","PCR",47.0875562093329,-21.4537856263373,"Fianarantsoa I","2","GAUL2_154577","GAUL2","admin",NA,"IHME"
"Rift Valley Fever","Rift Valley Fever virus","point","MDG","2008","Confirmed (see DiagnosticMetric column)","Viral isolation",46.976908,-25.027448,"Tolagnaro city",NA,NA,NA,NA,NA,"IHME"
"Rift Valley Fever","Rift Valley Fever virus","polygon","MDG","2009","Case report","Reported",46.722249660713,-21.8767759198952,"Ambalavao district","2","GAUL2_154575","GAUL2","admin",NA,"IHME"
"Rift Valley Fever","Rift Valley Fever virus","point","KEN","2007","Confirmed (see DiagnosticMetric column)","Serology",40.2,-2.716666,"Kilifi district, Coast province, Kenya",NA,NA,NA,NA,NA,"IHME"
"Rift Valley Fever","Rift Valley Fever virus","point","KEN","2007","Confirmed (see DiagnosticMetric column)","Serology",36,0.633333,"Baringo district, Rift Valley province, Kenya",NA,NA,NA,NA,NA,"IHME"
"Rift Valley Fever","Rift Valley Fever virus","point","SAU","2008","Confirmed (see DiagnosticMetric column)","Serology",41.078888,19.126388,"Al Qunfudhah, Saudi Arabia (Last outbreak: 22/09/2001)",NA,NA,NA,"buffer",8.5,"IHME"
"Rift Valley Fever","Rift Valley Fever virus","point","SAU","2008","Confirmed (see DiagnosticMetric column)","Serology",42.551111,16.889166,"Jizan, Saudi Arabia (Last outbreak: 22/09/2001)",NA,NA,NA,"buffer",18.8,"IHME"
"Rift Valley Fever","Rift Valley Fever virus","point","SEN","2012","Confirmed (see DiagnosticMetric column)","Serology",-12.46833,12.46388,"Baya Village, KedougouTambacounda, Senegal",NA,NA,NA,NA,NA,"IHME"
"Rift Valley Fever","Rift Valley Fever virus","point","TZA","2004","Confirmed (see DiagnosticMetric column)","Serology",39.1,-5.066666,"Tanga, United Republic of Tanzania",NA,NA,NA,NA,NA,"IHME"
"Rift Valley Fever","Rift Valley Fever virus","polygon","GMB","2017",NA,NA,-16.57728,13.447413,"Banjul","2","GAUL2_16405","GAUL2","admin",NA,"IHME"
"Rift Valley Fever","Rift Valley Fever virus","polygon","KEN","2006",NA,NA,40.253571,-0.250936,"Garissa (Shanta Abak)","2","GAUL2_51361","GAUL2","admin",NA,"IHME"
"Rift Valley Fever","Rift Valley Fever virus","polygon","KEN","2004",NA,NA,40.1,-3.233333,"Malindi District, Coast Province, Kenya","2","GAUL2_51343","GAUL2","admin",NA,"IHME"
"Rift Valley Fever","Rift Valley Fever virus","polygon","KEN","2004",NA,NA,34.25,0.416666,"Busia District, Western, Kenya","2","GAUL2_51396","GAUL2","admin",NA,"IHME"
"Rift Valley Fever","Rift Valley Fever virus","polygon","KEN","2004",NA,NA,37,1.25,"Samburu District, Rift Valley, Kenya","2","GAUL2_51389","GAUL2","admin",NA,"IHME"
"Rift Valley Fever","Rift Valley Fever virus","polygon","KEN","2018",NA,NA,40.026819,1.939282,"Wajir","2","GAUL2_51364","GAUL2","admin",NA,"IHME"
"Rift Valley Fever","Rift Valley Fever virus","polygon","KEN","2018",NA,NA,37.639611,2.864415,"Marsabit","2","GAUL2_51352","GAUL2","admin",NA,"IHME"
"Rift Valley Fever","Rift Valley Fever virus","polygon","MDG","2008",NA,NA,48.32175316,-17.92416045,"Alaotra Mangoro","2","GAUL2_154509","GAUL2","admin",NA,"IHME"
"Rift Valley Fever","Rift Valley Fever virus","polygon","MDG","2008",NA,NA,47.41170111,-18.40509504,"Analamanga","2","GAUL2_154521","GAUL2","admin",NA,"IHME"
"Rift Valley Fever","Rift Valley Fever virus","polygon","MDG","2008",NA,NA,46.811565,-18.927714,"Itasy","2","GAUL2_154583","GAUL2","admin",NA,"IHME"
"Rift Valley Fever","Rift Valley Fever virus","polygon","MDG","2008",NA,NA,46.689887,-19.892092,"Vakinankaratra","2","GAUL2_123868","GAUL2","admin",NA,"IHME"
"Rift Valley Fever","Rift Valley Fever virus","polygon","MDG","2008",NA,NA,46.408022,-24.509955,"Anosy","2","GAUL2_154535","GAUL2","admin",NA,"IHME"
"Rift Valley Fever","Rift Valley Fever virus","polygon","MLI","2017",NA,NA,-7.911,11.98886,"Kolotibougou, Ouelessebougou","1","GAUL1_1930","GAUL1","admin",NA,"IHME"
"Rift Valley Fever","Rift Valley Fever virus","polygon","MRT","2012",NA,NA,-15.40623997,18.42168742,"Ouad Naga","2","GAUL2_19532","GAUL2","admin",NA,"IHME"
"Rift Valley Fever","Rift Valley Fever virus","polygon","MRT","2012",NA,NA,-15.694209,16.657182,"Rosso","2","GAUL2_19534","GAUL2","admin",NA,"IHME"
"Rift Valley Fever","Rift Valley Fever virus","polygon","MRT","2012",NA,NA,-12.16186,18.01249,"Moudjeria","2","GAUL2_19523","GAUL2","admin",NA,"IHME"
"Rift Valley Fever","Rift Valley Fever virus","polygon","MRT","2012",NA,NA,-11.550409,18.440747,"Tidjikja","2","GAUL2_19525","GAUL2","admin",NA,"IHME"
"Rift Valley Fever","Rift Valley Fever virus","polygon","MRT","2012",NA,NA,-11.342519,16.690592,"Kiffa","2","GAUL2_19498","GAUL2","admin",NA,"IHME"
"Rift Valley Fever","Rift Valley Fever virus","polygon","MRT","2012",NA,NA,-11.929931,16.875709,"Guerou","2","GAUL2_19496","GAUL2","admin",NA,"IHME"
"Rift Valley Fever","Rift Valley Fever virus","polygon","MRT","2012",NA,NA,-10.293721,15.952789,"Tintane","2","GAUL2_19520","GAUL2","admin",NA,"IHME"
"Rift Valley Fever","Rift Valley Fever virus","polygon","MRT","2012",NA,NA,-10.443437,17.116964,"Tamchekket","2","GAUL2_19519","GAUL2","admin",NA,"IHME"
"Rift Valley Fever","Rift Valley Fever virus","polygon","MRT","2012",NA,NA,-6.945144,15.896248,"Amourj","2","GAUL2_19511","GAUL2","admin",NA,"IHME"
"Rift Valley Fever","Rift Valley Fever virus","polygon","MRT","2012",NA,NA,-7.327047,16.459425,"Nema","2","GAUL2_19514","GAUL2","admin",NA,"IHME"
"Rift Valley Fever","Rift Valley Fever virus","polygon","MRT","2012",NA,NA,-8.784562,16.018538,"Djigueni","2","GAUL2_19513","GAUL2","admin",NA,"IHME"
"Rift Valley Fever","Rift Valley Fever virus","polygon","MRT","2012",NA,NA,-13.061421,17.650128,"Magta-lahjar","2","GAUL2_19503","GAUL2","admin",NA,"IHME"
"Rift Valley Fever","Rift Valley Fever virus","polygon","MRT","2012",NA,NA,-13.680257,16.995544,"Aleg","2","GAUL2_19499","GAUL2","admin",NA,"IHME"
"Rift Valley Fever","Rift Valley Fever virus","polygon","MRT","2012",NA,NA,-13.948178,16.456603,"Bababe","2","GAUL2_19500","GAUL2","admin",NA,"IHME"
"Rift Valley Fever","Rift Valley Fever virus","polygon","MRT","2012",NA,NA,-7.001458,19.33921,"Nbeiket Lahouch","1","GAUL1_2010","GAUL1","admin",NA,"IHME"
"Rift Valley Fever","Rift Valley Fever virus","polygon","NER","2016",NA,NA,5.09942,16.84455,"Tasnala","2","GAUL2_22577","GAUL2","admin",NA,"IHME"
"Rift Valley Fever","Rift Valley Fever virus","polygon","NER","2016",NA,NA,5.09942,16.84455,"Maya","2","GAUL2_22577","GAUL2","admin",NA,"IHME"
"Rift Valley Fever","Rift Valley Fever virus","polygon","SAU","2008",NA,NA,42,19,"Asir, Saudi Arabia (Last outbreak: 22/09/2001)","1","GAUL1_2622","GAUL1","admin",NA,"IHME"
"Rift Valley Fever","Rift Valley Fever virus","polygon","SAU","2010",NA,NA,42.801154,17.353222,"Jizan","1","GAUL1_2627","GAUL1","admin",NA,"IHME"
"Rift Valley Fever","Rift Valley Fever virus","polygon","ZAF","2010",NA,NA,26.627483,-28.681365,"Free State","1","GAUL1_2707","GAUL1","admin",NA,"IHME"
"Rift Valley Fever","Rift Valley Fever virus","polygon","ZAF","2010",NA,NA,22.021682,-28.84844,"Northern Cape","1","GAUL1_77315","GAUL1","admin",NA,"IHME"
"Rift Valley Fever","Rift Valley Fever virus","polygon","ZAF","2010",NA,NA,26.590501,-32.108625,"Eastern Cape","1","GAUL1_77310","GAUL1","admin",NA,"IHME"
"Rift Valley Fever","Rift Valley Fever virus","polygon","ZAF","2010",NA,NA,25.237225,-26.37114,"North-west","1","GAUL1_77314","GAUL1","admin",NA,"IHME"
"Rift Valley Fever","Rift Valley Fever virus","polygon","ZAF","2010",NA,NA,22.226341,-32.63219,"Western Cape","1","GAUL1_2714","GAUL1","admin",NA,"IHME"
"Rift Valley Fever","Rift Valley Fever virus","polygon","SDN","2007",NA,NA,34.135193,12.918123,"Sennar","1","GAUL1_2762","GAUL1","admin",NA,"IHME"
"Rift Valley Fever","Rift Valley Fever virus","polygon","TZA","2007",NA,NA,35.959743,-5.847042,"Dodoma","1","GAUL1_48359","GAUL1","admin",NA,"IHME"
"Rift Valley Fever","Rift Valley Fever virus","polygon","TZA","2007",NA,NA,37.312858,-7.863018,"Morogoro","1","GAUL1_48368","GAUL1","admin",NA,"IHME"
"Rift Valley Fever","Rift Valley Fever virus","polygon","TZA","2007",NA,NA,35.5,-7.583333,"Iringa District, Iringa Rural, Iringa, Tanzania (Last Outbreak: 06/2007)","2","GAUL2_115032","GAUL2","admin",NA,"IHME"
"Rift Valley Fever","Rift Valley Fever virus","polygon","UGA","2017",NA,NA,31.928599,0.857924,"Leporome forest reserve","1","GAUL1_1234","GAUL1","admin",NA,"IHME"
"Rift Valley Fever","Rift Valley Fever virus","polygon","UGA","2017",NA,NA,32.076864,0.456054,"Mityana","1","GAUL1_47087","GAUL1","admin",NA,"IHME"
"Rift Valley Fever","Rift Valley Fever virus","polygon","UGA","2017",NA,NA,32.175894,1.003018,"Nakaseke","1","GAUL1_47089","GAUL1","admin",NA,"IHME"
"Rift Valley Fever","Rift Valley Fever virus","polygon","UGA","2017",NA,NA,33.038249,0.304799,"Buikwe","1","GAUL1_749","GAUL1","admin",NA,"IHME"
"Rift Valley Fever","Rift Valley Fever virus","polygon","UGA","2018",NA,NA,30.009475,0.137272,"Kanyatsi village in Munkunyu sub-county","1","GAUL1_3121","GAUL1","admin",NA,"IHME"
"Rift Valley Fever","Rift Valley Fever virus","polygon","UGA","2018",NA,NA,30.492347,-0.059925,"Ibanda","1","GAUL1_47072","GAUL1","admin",NA,"IHME"
"Rift Valley Fever","Rift Valley Fever virus","polygon","UGA","2018",NA,NA,31.408869,-0.05258,"Ssembabule","1","GAUL1_3145","GAUL1","admin",NA,"IHME"
"Rift Valley Fever","Rift Valley Fever virus","polygon","UGA","2018",NA,NA,30.629672,-0.52912,"Mbarara","1","GAUL1_47086","GAUL1","admin",NA,"IHME"
"Rift Valley Fever","Rift Valley Fever virus","polygon","UGA","2018",NA,NA,30.492347,-0.059925,"Ibanda","1","GAUL1_47072","GAUL1","admin",NA,"IHME"
"Rift Valley Fever","Rift Valley Fever virus","polygon","UGA","2018",NA,NA,30.930353,-0.838297,"Isingiro","1","GAUL1_47073","GAUL1","admin",NA,"IHME"
"Rift Valley Fever","Rift Valley Fever virus","polygon","UGA","2016",NA,NA,29.99283,-1.26595,"Kabale","2","GAUL2_28418","GAUL2","admin",NA,"IHME"
"Rift Valley Fever","Rift Valley Fever virus","polygon","UGA","2017",NA,NA,30.932147,-0.522688,"Rushororo","2","GAUL2_28488","GAUL2","admin",NA,"IHME"
"Rift Valley Fever","Rift Valley Fever virus","polygon","UGA","2018",NA,NA,30.710087,-0.837925,"Kabare village","2","GAUL2_28484","GAUL2","admin",NA,"IHME"
"Rift Valley Fever","Rift Valley Fever virus","polygon","MDG","1991","Confirmed (see DiagnosticMetric column)","Viral isolation",47.5761895103171,-18.9501341248277,"Antananarivo","GAUL_CODE","MDG_Carroll_2011.shp","MDG_Carroll_2011.shp","admin",NA,"IHME"
"Rift Valley Fever","Rift Valley Fever virus","polygon","SAU","2000","Confirmed (see DiagnosticMetric column)","PCR",42.0434666472358,18.5811389781381,"Tehama Plain, Asir","GAUL_CODE","SAU_Madani_2003.shp","SAU_Madani_2003.shp","custom",NA,"IHME"
"Rift Valley Fever","Rift Valley Fever virus","polygon","YEM","2000","Confirmed (see DiagnosticMetric column)","Serology",43.650546228147,16.6913648934995,"NW border area (near Jizan region in Saudi Arabia)","GAUL_CODE","YEM_MMWR_2000.shp","YEM_MMWR_2000.shp","custom",NA,"IHME"
"Rift Valley Fever","Rift Valley Fever virus","polygon","SDN","2007","Confirmed (see DiagnosticMetric column)","PCR",32.7176836854324,13.8719395282747,"White Nile and Gezera States","GAUL_CODE","SDN_Salim_2010.shp","SDN_Salim_2010.shp","custom",NA,"IHME"
"Rift Valley Fever","Rift Valley Fever virus","polygon","TZA","2007","Case report","Reported",35.8501894462277,-4.11023833054245,"Babati","GAUL_CODE","KEN_Mohamed_2010_Babati.shp","KEN_Mohamed_2010_Babati.shp","custom",NA,"IHME"
"Rift Valley Fever","Rift Valley Fever virus","polygon","MDG","2008","Confirmed (see DiagnosticMetric column)","PCR",47.5761895103171,-18.9501341248277,"Antananarivo","GAUL_CODE","MDG_Andriamandimby_2010_Antananarivo.shp","MDG_Andriamandimby_2010_Antananarivo.shp","custom",NA,"IHME"
